id,gender,masterCategory,subCategory,articleType,baseColour,season,year,usage,productDisplayName
27846,Women,Apparel,Topwear,Blazers,Charcoal,Summer,2012.0,Formal,Scullers For Her Charcoal Blazer
27845,Women,Apparel,Topwear,Blazers,Black,Summer,2012.0,Formal,Scullers For Her Black Blazer
31743,Men,Apparel,Topwear,Blazers,Olive,Summer,2012.0,Formal,Reid & Taylor Men Semi Formal Olive Blazer
31729,Men,Apparel,Topwear,Blazers,Blue,Summer,2012.0,Formal,Reid & Taylor Men Blue Blazer
31742,Men,Apparel,Topwear,Blazers,Black,Summer,2012.0,Formal,Reid & Taylor Men Semi Formal Black Blazer
31733,Men,Apparel,Topwear,Blazers,Black,Summer,2012.0,Formal,Reid & Taylor Men Charcoal Grey Blazer
31732,Men,Apparel,Topwear,Blazers,Brown,Summer,2012.0,Formal,Reid & Taylor Men Brown Blazer
31221,Women,Apparel,Bottomwear,Capris,Black,Summer,2012.0,Casual,Puma Women Black Capris
17926,Women,Apparel,Bottomwear,Capris,Grey,Fall,2011.0,Casual,Nike Women Casual Grey Capri
45499,Women,Apparel,Bottomwear,Capris,Navy Blue,Summer,2012.0,Casual,Fila Women Navy Blue Savari 3/4th Pants
43074,Women,Apparel,Bottomwear,Capris,Black,Summer,2012.0,Sports,Nike Womens Black Capris
41080,Women,Apparel,Bottomwear,Capris,Blue,Summer,2013.0,Casual,Allen Solly Woman Blue Capri
3912,Women,Apparel,Bottomwear,Capris,Grey,Summer,2012.0,Casual,Urban Yoga Women Yoga Grey Capri
4770,Women,Apparel,Bottomwear,Capris,Black,Summer,2011.0,Sports,ADIDAS Women Ess Mf3s Black White Capri
57097,Women,Apparel,Bottomwear,Capris,Blue,Summer,2012.0,Casual,Elle Women Blue Capris
28454,Women,Apparel,Bottomwear,Capris,Black,Summer,2012.0,Sports,Urban Yoga Women Black Capris
28522,Women,Apparel,Bottomwear,Capris,Pink,Summer,2012.0,Sports,Nike Women Jersey Cuffed Pink Capris
45500,Women,Apparel,Bottomwear,Capris,Black,Summer,2012.0,Casual,Fila Women Black Savari 3/4th Pants
33507,Women,Apparel,Bottomwear,Capris,White,Summer,2012.0,Casual,Doodle Kids Girl  White Capris
5017,Women,Apparel,Bottomwear,Capris,Pink,Summer,2016.0,Casual,Levis Kids Girl's Alicia Pink Kidswear
4773,Women,Apparel,Bottomwear,Capris,Blue,Summer,2011.0,Sports,ADIDAS Women 3S Blue Capri
19242,Women,Apparel,Bottomwear,Capris,Grey,Fall,2011.0,Casual,Puma Women Grey Capri Pants
32633,Women,Apparel,Bottomwear,Capris,Black,Fall,2012.0,Sports,Nike Women Black Legend Slim Capris
16225,Women,Apparel,Bottomwear,Capris,Black,Fall,2011.0,Ethnic,Puma Women Capri Sweat Black Capris
27415,Women,Apparel,Bottomwear,Capris,Black,Winter,2015.0,Casual,Jockey Women Black Relaxed Capris
43077,Women,Apparel,Bottomwear,Capris,Grey,Summer,2012.0,Sports,Nike Womens Grey Capris
7489,Women,Apparel,Bottomwear,Capris,Black,Summer,2011.0,Sports,Nike Women As Be Strong Black Capri
27028,Women,Apparel,Bottomwear,Capris,Blue,Summer,2012.0,Casual,Jealous 21 Women Blue Capris
27416,Women,Apparel,Bottomwear,Capris,Grey Melange,Winter,2015.0,Casual,Jockey Women Grey Melange Relaxed Fit Capris 1306
15351,Women,Apparel,Bottomwear,Capris,Grey,Fall,2011.0,Sports,Nike Women Solid Grey Capris
27418,Women,Apparel,Bottomwear,Capris,Red,Winter,2015.0,Casual,Jockey Women Red Relaxed Capris
27407,Women,Apparel,Bottomwear,Capris,Charcoal,Summer,2018.0,Casual,Jockey Women Charcoal Capris
4849,Women,Apparel,Bottomwear,Capris,Black,Summer,2011.0,Sports,ADIDAS Women Tight Black Capri
27229,Women,Apparel,Bottomwear,Capris,Green,Summer,2012.0,Casual,Doodle Kids Girl  Green Capris
5001,Women,Apparel,Bottomwear,Capris,Blue,Summer,2011.0,Casual,Gini and Jony Girl's Tamira Blue Kidswear
57207,Women,Apparel,Bottomwear,Capris,Blue,Fall,2012.0,Casual,Kraus Jeans Women Blue Capris
18002,Women,Apparel,Bottomwear,Capris,Black,Summer,2011.0,Sports,Puma Women Essential Skinny Black 3/4 Pant
13282,Women,Apparel,Bottomwear,Capris,Black,Fall,2011.0,Casual,Gini and Jony Kids Solid Black Capris
15482,Women,Apparel,Bottomwear,Capris,Black,Fall,2011.0,Casual,Puma Women TP Cuffed Black Capris
30613,Women,Apparel,Bottomwear,Capris,Grey,Summer,2012.0,Sports,Nike Women Trainning Grey Capris
43225,Women,Apparel,Bottomwear,Capris,Beige,Fall,2012.0,Casual,United Colors of Benetton Women Beige Capri
27408,Women,Apparel,Bottomwear,Capris,Grey Melange,Summer,2018.0,Casual,Jockey Women Grey Melange Knit Capris 1300
16226,Women,Apparel,Bottomwear,Capris,Grey,Fall,2011.0,Casual,Puma Women Capri Sweat Grey Capris
27222,Women,Apparel,Bottomwear,Capris,Pink,Summer,2012.0,Casual,Doodle Kids Girl  Pink Capris
28632,Women,Apparel,Bottomwear,Capris,Black,Summer,2012.0,Sports,Nike Women Black Sports Capris
31464,Women,Apparel,Bottomwear,Capris,Black,Summer,2012.0,Sports,Nike Women Training Green Capris
13342,Women,Apparel,Bottomwear,Capris,Purple,Fall,2011.0,Casual,Gini and Jony Kids Girls Solid Purple Capris
7544,Women,Apparel,Bottomwear,Capris,Grey,Summer,2011.0,Sports,Nike Women Classic Grey Capri
17925,Women,Apparel,Bottomwear,Capris,Blue,Fall,2011.0,Casual,Nike Women Casual Blue Capri
2953,Women,Apparel,Bottomwear,Capris,Yellow,Fall,2010.0,Casual,DUSG Women Rishikesh Organic Wheat Capri
27405,Women,Apparel,Bottomwear,Capris,Black,Summer,2018.0,Casual,Jockey Women Black Capris
8758,Women,Apparel,Bottomwear,Capris,Black,Fall,2011.0,Sports,Puma Women Move Dance Black Capri
3483,Women,Apparel,Bottomwear,Capris,Black,Fall,2012.0,Casual,ADIDAS Women Black Capri
38571,Women,Apparel,Bottomwear,Capris,Grey,Summer,2012.0,Sports,Nike Women Regular Grey Capris
3911,Women,Apparel,Bottomwear,Capris,Navy Blue,Summer,2011.0,Casual,Urban Yoga Women Yoga Navy Capri
2306,Women,Apparel,Bottomwear,Capris,Black,Fall,2010.0,Sports,Nike Women Cuffed Black Capris
51359,Women,Apparel,Bottomwear,Capris,Blue,Summer,2012.0,Casual,Spykar Women Blue Washed Capri
31228,Women,Apparel,Bottomwear,Capris,Black,Fall,2013.0,Sports,Puma Women Black Basic Capris
53744,Women,Apparel,Bottomwear,Capris,Grey,Summer,2012.0,Casual,ADIDAS Women Grey Capris
7507,Women,Apparel,Bottomwear,Capris,Grey,Fall,2011.0,Sports,Nike Women As Be Strong Grey Capri
31229,Women,Apparel,Bottomwear,Capris,Pink,Summer,2012.0,Casual,Puma Women Pink Capris
20715,Men,Footwear,Shoes,Casual Shoes,Black,Winter,2018.0,Smart Casual,Red Tape Men Black Leather Casual Shoes
57488,Men,Footwear,Shoes,Casual Shoes,Black,Fall,2012.0,Formal,Lee Cooper Men Black  Shoes
57489,Men,Footwear,Shoes,Casual Shoes,Brown,Fall,2012.0,Formal,Lee Cooper Men Brown Shoes
20714,Men,Footwear,Shoes,Casual Shoes,Coffee Brown,Winter,2018.0,Smart Casual,Red Tape Men Coffee Brown Leather Loafers
35053,Men,Footwear,Shoes,Casual Shoes,Black,Summer,2012.0,Formal,Windsor Men Black Formal Shoes
20709,Men,Footwear,Shoes,Casual Shoes,Brown,Summer,2011.0,Smart Casual,Buckaroo Men Dark Brown Cargo Leather Casual Shoes
57493,Men,Footwear,Shoes,Casual Shoes,Black,Summer,2012.0,Formal,Lee Cooper Men Black Shoes
14398,Women,Footwear,Shoes,Casual Shoes,Grey,Summer,2012.0,Formal,Enroute Women DK.Grey shoes
31329,Men,Footwear,Shoes,Casual Shoes,Blue,Summer,2013.0,Formal,Franco Leone Men Slip On Navy Blue Shoes
21728,Men,Footwear,Shoes,Casual Shoes,Brown,Fall,2011.0,Formal,Hush Puppies Men Casual Brown Shoes
10297,Men,Footwear,Shoes,Casual Shoes,Black,Fall,2012.0,Smart Casual,Clarks Men Black Leather Loafers
20711,Men,Footwear,Shoes,Casual Shoes,Brown,Winter,2018.0,Smart Casual,Red Tape Men Brown Leather Casual Shoes
57497,Men,Footwear,Shoes,Casual Shoes,Tan,Summer,2013.0,Formal,Lee Cooper Men Tan Shoes
57518,Men,Footwear,Shoes,Casual Shoes,Tan,Summer,2013.0,Smart Casual,Provogue Men Tan Brown Leather Casual Shoes
10182,Women,Footwear,Shoes,Casual Shoes,White,Fall,2011.0,Casual,Puma Women Style Cat White Casual Shoes
57520,Men,Footwear,Shoes,Casual Shoes,Brown,Fall,2012.0,Casual,Provogue Men Brown Casual Shoes
15316,Men,Footwear,Shoes,Casual Shoes,Green,Fall,2011.0,Casual,ADIDAS Men Vigor Green Casual Shoes
6360,Men,Footwear,Shoes,Casual Shoes,Red,Summer,2011.0,Casual,Numero Uno Men's Red Canvas Shoe
17712,Women,Footwear,Shoes,Casual Shoes,Grey,Fall,2011.0,Casual,Vans Women E-Street Grey Casual Shoes
14491,Men,Footwear,Shoes,Casual Shoes,Black,Fall,2011.0,Casual,Flying Machine Men Casual Black Casual Shoes
5939,Women,Footwear,Shoes,Casual Shoes,White,Summer,2011.0,Casual,ADIDAS Women's Agashae White Shoe
6446,Men,Footwear,Shoes,Casual Shoes,Grey,Summer,2011.0,Casual,Lotto Men's Calcetto Grey Shoe
7367,Men,Footwear,Shoes,Casual Shoes,Brown,Winter,2018.0,Casual,Red Tape Men's Stone Casual Shoe
17696,Men,Footwear,Shoes,Casual Shoes,Black,Fall,2011.0,Casual,Vans Men Rata Vulc Black Casual Shoes
37255,Men,Footwear,Shoes,Casual Shoes,Green,Summer,2012.0,Casual,United Colors of Benetton Men Green Shoes
20687,Men,Footwear,Shoes,Casual Shoes,Brown,Winter,2012.0,Casual,Buckaroo Jefe Men Brown Casual Shoes
11834,Men,Footwear,Shoes,Casual Shoes,Grey,Summer,2013.0,Casual,Playboy Men Casual Grey Casual Shoes
3658,Men,Footwear,Shoes,Casual Shoes,Black,Summer,2011.0,Casual,Fila Men's Tribute Black Shoe
50421,Men,Footwear,Shoes,Casual Shoes,Navy Blue,Summer,2012.0,Casual,U.S. Polo Assn. Men Navy Blue Boat Shoes
5289,Men,Footwear,Shoes,Casual Shoes,Black,Summer,2011.0,Casual,Lee Cooper Men's Semi Formal Black Shoe
1635,Unisex,Footwear,Shoes,Casual Shoes,Red,Spring,2011.0,Casual,Newfeel Unisex Red Comfy Shoes
39974,Men,Footwear,Shoes,Casual Shoes,Brown,Winter,2014.0,Casual,Gas Men Brown Lear Shoes
26638,Men,Footwear,Shoes,Casual Shoes,Red,Summer,2012.0,Casual,Puma Men Drift Red Casual Shoes
25424,Men,Footwear,Shoes,Casual Shoes,Black,Summer,2013.0,Casual,Puma Men Mid Evo Leather Black Casual Shoes
3591,Unisex,Footwear,Shoes,Casual Shoes,Yellow,Summer,2012.0,Casual,Converse Unisex CT Stitch Print HI Yellow Canvas Shoe
18484,Men,Footwear,Shoes,Casual Shoes,Black,Fall,2011.0,Casual,Puma Men Evo Black Casual Shoes
44492,Men,Footwear,Shoes,Casual Shoes,Black,Summer,2012.0,Casual,Gliders Men Black Shoes
26632,Women,Footwear,Shoes,Casual Shoes,Grey,Fall,2012.0,Casual,Puma Women Winning Diva Ballerina Grey Casual Shoes
26618,Men,Footwear,Shoes,Casual Shoes,Black,Summer,2012.0,Casual,Puma Men Redon Move Black Shoes
12821,Women,Footwear,Shoes,Casual Shoes,Blue,Fall,2011.0,Casual,Puma Women Karlie Blur Wn's Dazzling Blue Casual Shoes
15728,Men,Footwear,Shoes,Casual Shoes,Grey,Fall,2011.0,Casual,Nike Men Ruckus Mid Grey Casual Shoes
47239,Men,Footwear,Shoes,Casual Shoes,Red,Summer,2012.0,Casual,Playboy Men Red Shoes
6345,Unisex,Footwear,Shoes,Casual Shoes,Purple,Summer,2012.0,Casual,Converse Unisex Brick Purple Shoe
20681,Men,Footwear,Shoes,Casual Shoes,Black,Winter,2012.0,Casual,Buckaroo Men Itotia Black Casual Shoes
44230,Men,Footwear,Shoes,Casual Shoes,Blue,Fall,2012.0,Casual,Nike Men Blue Sneakers
15220,Men,Footwear,Shoes,Casual Shoes,Brown,Fall,2011.0,Casual,ADIDAS Originals Men Adi T Tennis Brown Casual Shoes
2501,Men,Footwear,Shoes,Casual Shoes,Red,Fall,2010.0,Casual,Numero Uno Men's Casual Red Canvas Shoe
15496,Women,Footwear,Shoes,Casual Shoes,Blue,Fall,2011.0,Casual,Carlton London Women Casual Denim Blue  Shoes
18673,Men,Footwear,Shoes,Casual Shoes,Black,Fall,2011.0,Casual,Fila Men Sterling Black Shoes
55618,Men,Footwear,Shoes,Casual Shoes,Black,Summer,2012.0,Casual,Numero Uno Men Black Shoes
29558,Unisex,Footwear,Shoes,Casual Shoes,Black,Summer,2012.0,Casual,Vans Unisex Authentic Black & Pink Shoes
12702,Women,Footwear,Shoes,Casual Shoes,White,Fall,2011.0,Casual,Nike Women Capri White Casual Shoes
5910,Women,Footwear,Shoes,Casual Shoes,Silver,Summer,2011.0,Casual,ADIDAS Women Daily Vulc Silver Shoe
5682,Men,Footwear,Shoes,Casual Shoes,Brown,Winter,2015.0,Casual,Skechers Men's Transparent Brown Shoe
38772,Men,Footwear,Shoes,Casual Shoes,Olive,Summer,2012.0,Casual,Woodland Men Olive Shoes
10154,Men,Footwear,Shoes,Casual Shoes,Brown,Fall,2011.0,Casual,Rockport Men Bal Brown Casual Shoes
9213,Men,Footwear,Shoes,Casual Shoes,Black,Fall,2011.0,Casual,Puma Men Speeder Black Casual Shoes
19364,Men,Footwear,Shoes,Casual Shoes,Black,Winter,2018.0,Casual,Redtape Men Calcullas Black Casual Shoes
10168,Men,Footwear,Shoes,Casual Shoes,Black,Fall,2011.0,Casual,United Colors of Benetton Men Punk Black Casual Shoes
42035,Women,Footwear,Shoes,Casual Shoes,White,Summer,2012.0,Casual,Nike Women White Double Team Lite Casual Shoes
7261,Men,Footwear,Shoes,Casual Shoes,Black,Fall,2011.0,Casual,Rockport Men's Aphrael Black Shoe
17698,Men,Footwear,Shoes,Casual Shoes,Brown,Fall,2011.0,Casual,Vans Men Bali Brown Casual Shoes
30257,Men,Footwear,Shoes,Casual Shoes,Grey,Winter,2018.0,Casual,Red Tape Men Grey Shoes
7047,Men,Footwear,Shoes,Casual Shoes,Grey,Summer,2011.0,Casual,Numero Uno Men's Grey Blue Shoe
5677,Men,Footwear,Shoes,Casual Shoes,Brown,Winter,2015.0,Casual,Skechers Men's Ilets Resolute Charcolate Shoe
13917,Men,Footwear,Shoes,Casual Shoes,Black,Fall,2011.0,Casual,Nike Men Backboard Black Casual Shoes
53637,Men,Footwear,Shoes,Casual Shoes,White,Summer,2010.0,Casual,ADIDAS Men White Shoes
17039,Men,Footwear,Shoes,Casual Shoes,White,Summer,2013.0,Casual,Gas Men Skate 001 Casual Shoe
29564,Men,Footwear,Shoes,Casual Shoes,Black,Summer,2012.0,Casual,Vans Men Half Cab Black Shoes
29574,Men,Footwear,Shoes,Casual Shoes,Black,Summer,2012.0,Casual,Vans Men Edgemont Black Shoes
30262,Men,Footwear,Shoes,Casual Shoes,Brown,Winter,2018.0,Casual,Red Tape Men Brown Shoes
6441,Men,Footwear,Shoes,Casual Shoes,White,Summer,2011.0,Casual,Lotto Men's Calcetto White Red Shoe
36429,Men,Footwear,Shoes,Casual Shoes,White,Summer,2012.0,Casual,Spinn Men Brash White Shoes
36948,Men,Footwear,Shoes,Casual Shoes,Brown,Summer,2012.0,Casual,Force 10 Men Brown Shoes
57519,Men,Footwear,Shoes,Casual Shoes,Black,Fall,2012.0,Casual,Provogue Men Black Casual Shoes
35686,Men,Footwear,Shoes,Casual Shoes,Navy Blue,Summer,2013.0,Casual,U.S. Polo Assn. Men Beige Shoes
24190,Unisex,Footwear,Shoes,Casual Shoes,White,Summer,2012.0,Casual,Converse Unisex Chuck Taylor White Casual Shoes
47241,Men,Footwear,Shoes,Casual Shoes,Blue,Summer,2013.0,Casual,Playboy Men Blue  Casual Shoes
10301,Men,Footwear,Shoes,Casual Shoes,Brown,Fall,2011.0,Casual,Clarks Brown Leather Casual Shoes
3467,Women,Footwear,Shoes,Casual Shoes,White,Summer,2011.0,Casual,ADIDAS Women Adi Slide White Silver Shoe
24260,Men,Footwear,Shoes,Casual Shoes,White,Summer,2012.0,Casual,Numero Uno Men White Shoes
6660,Women,Footwear,Shoes,Casual Shoes,Brown,Summer,2011.0,Casual,Nike Women Dunk Low White Grey Shoe
13642,Men,Footwear,Shoes,Casual Shoes,Brown,Fall,2011.0,Casual,Carlton London Brown  Casual Shoe
9087,Men,Footwear,Shoes,Casual Shoes,Brown,Winter,2011.0,Casual,Buckaroo Men Valle Brown Casual Shoes
34749,Men,Footwear,Shoes,Casual Shoes,White,Summer,2012.0,Casual,Puma Men White Benecio Shoes
59937,Men,Footwear,Shoes,Casual Shoes,Navy Blue,Fall,2012.0,Casual,Vans Men Blue Casual Shoes
12507,Men,Footwear,Shoes,Casual Shoes,Black,Winter,2018.0,Casual,Red Tape Men Casual Black Casual Shoes
5898,Men,Footwear,Shoes,Casual Shoes,Blue,Summer,2011.0,Casual,Puma Men Tekkies Jam Blue Shoe
3547,Men,Footwear,Shoes,Casual Shoes,Black,Winter,2015.0,Casual,Skechers Men's Lifestyle Black Shoe
4022,Unisex,Footwear,Shoes,Casual Shoes,Green,Summer,2011.0,Casual,ADIDAS Unisex Color Blast Green White Shoe
44937,Men,Footwear,Shoes,Casual Shoes,Brown,Summer,2012.0,Casual,Ganuchi Men Brown Shoes
39644,Men,Footwear,Shoes,Casual Shoes,White,Summer,2012.0,Casual,Lotto Men White Shoes
9089,Unisex,Footwear,Shoes,Casual Shoes,Black,Fall,2011.0,Casual,Converse Unisex Ct AsAll Star 08 Hi Black Casual Shoes
7812,Men,Footwear,Shoes,Casual Shoes,Blue,Fall,2011.0,Casual,Puma Men's Mid Evo Leather Blue Pattot Green Shoe
42124,Men,Footwear,Shoes,Casual Shoes,Grey,Summer,2012.0,Casual,Nike Men Grey Air Twilight Shoes
40969,Men,Footwear,Shoes,Casual Shoes,Navy Blue,Winter,2012.0,Casual,Buckaroo Men Navy Blue Casual Shoes
36227,Men,Footwear,Shoes,Casual Shoes,Brown,Summer,2012.0,Casual,Nike Men Air Ralston Mid Lite Brown Shoes
42274,Unisex,Footwear,Shoes,Casual Shoes,Black,Summer,2012.0,Casual,Vans Unisex Black Era Shoes
34636,Men,Footwear,Shoes,Casual Shoes,Grey,Summer,2012.0,Casual,Lotto Men XD III Grey Shoes
43477,Men,Footwear,Shoes,Casual Shoes,Khaki,Summer,2016.0,Casual,Woodland Men Khaki Shoes
57943,Men,Footwear,Shoes,Casual Shoes,Black,Spring,2012.0,Casual,Clarks Men Black Casual Shoes
49501,Men,Footwear,Shoes,Casual Shoes,Navy Blue,Summer,2012.0,Casual,Vans Men Navy Blue Shoes
36329,Men,Footwear,Shoes,Casual Shoes,Purple,Spring,2007.0,Casual,Newfeel Men Purple Casual Shoes
47649,Men,Footwear,Shoes,Casual Shoes,Brown,Winter,2012.0,Casual,Carlton London Men Brown Shoes
3564,Men,Footwear,Shoes,Casual Shoes,Brown,Winter,2015.0,Casual,Skechers Men Sage Brown Lifestyle Casual Shoe
22844,Men,Footwear,Shoes,Casual Shoes,Brown,Summer,2012.0,Casual,Woodland Men Brown Casual Shoes
8210,Men,Footwear,Shoes,Casual Shoes,Brown,Winter,2018.0,Casual,Red Tape Men's Casual Brown Shoe
39290,Men,Footwear,Shoes,Casual Shoes,Brown,Winter,2018.0,Casual,Red Chief Men Brown Shoes
17036,Men,Footwear,Shoes,Casual Shoes,White,Summer,2013.0,Casual,Gas Men Caddy Casual Shoe
47185,Men,Footwear,Shoes,Casual Shoes,Black,Summer,2010.0,Casual,Ganuchi Men Black Shoes
1805,Men,Footwear,Shoes,Casual Shoes,Beige,Fall,2010.0,Casual,Quechua Men Forclaz 1OO Beige Shoe
23936,Men,Footwear,Shoes,Casual Shoes,Black,Fall,2011.0,Casual,Lotto Men Black Pesa Slip-On Casual Shoes
22164,Men,Footwear,Shoes,Casual Shoes,Brown,Fall,2012.0,Casual,Timberland Men Brown Casual Shoes
22161,Men,Footwear,Shoes,Casual Shoes,Brown,Summer,2011.0,Casual,Lee Cooper Men Brown Casual Shoes
5343,Women,Footwear,Shoes,Casual Shoes,Blue,Winter,2015.0,Casual,Skechers Women Blue Teal Shoe
32952,Men,Footwear,Shoes,Casual Shoes,Black,Summer,2012.0,Casual,ADIDAS Neo Men Court Sequence Black Shoes
6151,Men,Footwear,Shoes,Casual Shoes,White,Summer,2011.0,Casual,ADIDAS Men's Mactelo White Shoe
7366,Men,Footwear,Shoes,Casual Shoes,Black,Winter,2018.0,Casual,Red Tape Men's Tape Black Casual Shoe
49433,Unisex,Footwear,Shoes,Casual Shoes,Black,Summer,2012.0,Casual,Vans Unisex Black Casual Shoes
9214,Women,Footwear,Shoes,Casual Shoes,White,Fall,2011.0,Casual,Puma Women Track Cat Basic White Casual Shoes
4121,Unisex,Footwear,Shoes,Casual Shoes,Green,Summer,2011.0,Casual,Puma Unisex 917 Lo Green & White Shoes
12897,Men,Footwear,Shoes,Casual Shoes,White,Fall,2011.0,Casual,Puma Men Game Point White Casual Shoes
14327,Men,Footwear,Shoes,Casual Shoes,White,Winter,2011.0,Casual,Nike Men Prowl White Casual Shoes
2508,Men,Footwear,Shoes,Casual Shoes,Brown,Fall,2010.0,Casual,Numero Uno Men's Casual Brown Shoe
34744,Men,Footwear,Shoes,Casual Shoes,White,Summer,2012.0,Casual,Puma Men Vedano White Shoes
13381,Men,Footwear,Shoes,Casual Shoes,Navy Blue,Fall,2011.0,Casual,Timberland Men Juniors Navy Blue Casual Shoes
3637,Men,Footwear,Shoes,Casual Shoes,Black,Summer,2011.0,Casual,Fila Men's Cameo Black Shoe
26527,Men,Footwear,Shoes,Casual Shoes,Red,Spring,2013.0,Casual,Gas Men Freetime Red Casual Shoes
32945,Men,Footwear,Shoes,Casual Shoes,Black,Summer,2012.0,Casual,ADIDAS Neo Men Court Evo Black Shoes
12880,Men,Footwear,Shoes,Casual Shoes,Black,Spring,2012.0,Casual,Provogue Men Casual Black Shoes
15882,Unisex,Footwear,Shoes,Casual Shoes,Black,Winter,2013.0,Casual,Warner Bros Kids Unisex TJ Check Skate Black Casual Shoes
10155,Men,Footwear,Shoes,Casual Shoes,Brown,Fall,2011.0,Casual,Rockport Men Tr Bal Brown Casual Shoes
15266,Women,Footwear,Shoes,Casual Shoes,Gold,Fall,2011.0,Casual,ADIDAS Originals Women Top Ten HI Sleek Gold Casual Shoes
4021,Unisex,Footwear,Shoes,Casual Shoes,Black,Summer,2011.0,Casual,ADIDAS Unisex Color Blast Black Red Shoe
22831,Men,Footwear,Shoes,Casual Shoes,Khaki,Summer,2016.0,Casual,Woodland Men Khaki Casual Shoes
44763,Men,Footwear,Shoes,Casual Shoes,Grey,Summer,2012.0,Casual,Globalite Men Grey Startech Shoes
6416,Unisex,Footwear,Shoes,Casual Shoes,Blue,Summer,2011.0,Casual,Lotto Unisex Canvas Navy Blue Shoe
38543,Men,Footwear,Shoes,Casual Shoes,White,Summer,2012.0,Casual,Puma Men White Contest Hi Shoes
26550,Men,Footwear,Shoes,Casual Shoes,Blue,Fall,2012.0,Casual,ID Men Blue Shoes
23094,Men,Footwear,Shoes,Casual Shoes,Black,Fall,2011.0,Casual,Converse Men Slim Smart Black Casual Shoes
39625,Men,Footwear,Shoes,Casual Shoes,Black,Summer,2012.0,Casual,Nike Men Sweet Classic High Black Casual Shoes
46116,Men,Footwear,Shoes,Casual Shoes,Olive,Summer,2012.0,Casual,ADIDAS Men Olive Terrace Shoes
7403,Men,Footwear,Shoes,Casual Shoes,Brown,Winter,2018.0,Casual,Red Tape Men Slip-On Brown Shoes
37241,Men,Footwear,Shoes,Casual Shoes,Black,Summer,2012.0,Casual,United Colors of Benetton Men Black Shoes
6668,Men,Footwear,Shoes,Casual Shoes,White,Summer,2011.0,Casual,Nike Men's Backboard White Red Shoe
17660,Women,Footwear,Shoes,Casual Shoes,Brown,Winter,2015.0,Casual,Catwalk Women Ballerina Brown Casual Shoe
7393,Men,Footwear,Shoes,Casual Shoes,Brown,Winter,2018.0,Casual,Red Tape Men's Brown Semi Formal Shoe
25476,Men,Footwear,Shoes,Casual Shoes,Red,Summer,2012.0,Casual,Nike Men Lite Force  Red Casual Shoes
6317,Women,Footwear,Shoes,Casual Shoes,Pink,Winter,2015.0,Casual,Catwalk Pink Slip-On Shoe
5873,Unisex,Footwear,Shoes,Casual Shoes,Brown,Summer,2011.0,Casual,Converse Uniex As Floral Print Ox Brown Shoe
49493,Men,Footwear,Shoes,Casual Shoes,Green,Summer,2012.0,Casual,Vans Men Green & Grey Era Shoes
5944,Women,Footwear,Shoes,Casual Shoes,White,Summer,2011.0,Casual,ADIDAS Women Derby White Shoe
6347,Unisex,Footwear,Shoes,Casual Shoes,Navy Blue,Summer,2011.0,Casual,Converse Unisex Four Stitch Hi Navy Shoe
22704,Men,Footwear,Shoes,Casual Shoes,White,Fall,2011.0,Casual,Nike Men Capri II Mid White Casual Shoes
34641,Men,Footwear,Shoes,Casual Shoes,White,Summer,2012.0,Casual,Lotto Men Stadio Potenza White Shoes
39687,Men,Footwear,Shoes,Casual Shoes,White,Summer,2012.0,Casual,Lotto Men White Casual Shoes
13927,Men,Footwear,Shoes,Casual Shoes,Red,Fall,2011.0,Casual,ADIDAS Men Addcash Red Casual Shoes
20707,Men,Footwear,Shoes,Casual Shoes,Black,Winter,2012.0,Casual,Buckaroo Men Melania Black Casual Shoes
10172,Men,Footwear,Shoes,Casual Shoes,Grey,Fall,2011.0,Casual,United Colors of Benetton Men Iceland Grey Casual Shoes
39978,Men,Footwear,Shoes,Casual Shoes,Brown,Summer,2013.0,Casual,GAS Men Brown Carroll Casual Shoes
5342,Men,Footwear,Shoes,Casual Shoes,Green,Summer,2011.0,Casual,Fila Men's Fitness Hiker Olive Black Yellow Shoe
41211,Men,Footwear,Shoes,Casual Shoes,Multi,Summer,2012.0,Casual,Buckaroo Men Multi Coloured Blanco Shoes
15898,Unisex,Footwear,Shoes,Casual Shoes,Blue,Winter,2013.0,Casual,Warner Bros Kids Blue Dance Casual Shoes
10266,Men,Footwear,Shoes,Casual Shoes,Brown,Fall,2011.0,Casual,Clarks Men Goto Hi Cola Suede Brown Shoes
39277,Men,Footwear,Shoes,Casual Shoes,Olive,Winter,2018.0,Casual,Red Chief Men Olive Casual Shoes
37245,Men,Footwear,Shoes,Casual Shoes,Blue,Summer,2012.0,Casual,United Colors of Benetton Men Blue Shoes
32685,Women,Accessories,Bags,Clutches,Gold,Fall,2012.0,Party,Rocia Women Gold Coloured Clutch
25120,Women,Accessories,Bags,Clutches,Black,Winter,2015.0,Casual,Lino Perros Women Beaded Black Clutch
42887,Women,Accessories,Bags,Clutches,Beige,Summer,2012.0,Casual,French Connection Women Beige Clutch
16749,Women,Accessories,Bags,Clutches,Black,Winter,2015.0,Casual,Spice Art Women Glass Stylinc Multi Clutch
25129,Women,Accessories,Bags,Clutches,Gold,Winter,2015.0,Casual,Lino Perros Women Gems Gold Clutch
49529,Women,Accessories,Bags,Clutches,Gold,Summer,2012.0,Casual,Rocia Women Gold Purse
35925,Women,Accessories,Bags,Clutches,Yellow,Summer,2012.0,Casual,Peperone Women Yellow Clutch
25127,Women,Accessories,Bags,Clutches,Purple,Winter,2015.0,Casual,Lino Perros Women Gems Purple Clutch
42875,Women,Accessories,Bags,Clutches,Black,Summer,2012.0,Casual,French Connection Women Black Purse
26444,Women,Accessories,Bags,Clutches,Multi,Winter,2015.0,Casual,Spice Art Women Beaded Multi Coloured Clutch
52569,Women,Accessories,Bags,Clutches,White,Summer,2012.0,Casual,Mod'acc Women White Clutch
49535,Women,Accessories,Bags,Clutches,Brown,Summer,2012.0,Casual,Rocia Women Brown Clutch
42878,Women,Accessories,Bags,Clutches,Maroon,Summer,2012.0,Casual,
48359,Women,Accessories,Bags,Clutches,Gold,Summer,2012.0,Casual,Pitaraa Women Golden Zari Purse
38687,Women,Accessories,Bags,Clutches,Copper,Summer,2015.0,Casual,Spice Art Women Copper Clutch
33367,Women,Accessories,Bags,Clutches,Black,Summer,2012.0,Casual,Baggit Women Hero Brush Black Clutch
52588,Women,Accessories,Bags,Clutches,Grey,Summer,2012.0,Casual,Mod'acc Women Black & Grey Clutch
42879,Women,Accessories,Bags,Clutches,Black,Summer,2012.0,Casual,French Connection Women Black Buffy Clutch
49532,Women,Accessories,Bags,Clutches,Gold,Summer,2012.0,Casual,Rocia Women Gold Clutch
30705,Women,Accessories,Bags,Clutches,Orange,Summer,2012.0,Casual,Fabindia Women Orange Silk Purse
30713,Women,Accessories,Bags,Clutches,Black,Summer,2012.0,Ethnic,Fabindia Black Silk Matka Purse
31934,Women,Accessories,Bags,Clutches,Orange,Summer,2012.0,Casual,Fabindia Women Orange Brocade Clutch
17113,Women,Accessories,Bags,Clutches,Gold,Winter,2015.0,Casual,Lino Perros Women Crystal Gold Clutch
33403,Women,Accessories,Bags,Clutches,Gold,Fall,2012.0,Casual,Baggit Women Bingri Club Gold Clutch
16746,Women,Accessories,Bags,Clutches,Cream,Winter,2015.0,Casual,Spice Art Women Zircons Cream Clutch
53080,Women,Accessories,Bags,Clutches,Purple,Summer,2012.0,Casual,Rocia Women Purple Clutch
33400,Women,Accessories,Bags,Clutches,Black,Summer,2012.0,Casual,Baggit Women Black Fingers Crush Clutch
48348,Women,Accessories,Bags,Clutches,Green,Summer,2012.0,Casual,Pitaraa Women Green Clutch
16739,Women,Accessories,Bags,Clutches,Black,Winter,2015.0,Casual,Spice Art Women Crystal Flower Black Clutch
48357,Women,Accessories,Bags,Clutches,Copper,Summer,2012.0,Casual,Pitaraa Women Copper Zari Purse
49523,Women,Accessories,Bags,Clutches,Black,Summer,2012.0,Casual,Rocia Women Black Clutch
30706,Women,Accessories,Bags,Clutches,Magenta,Summer,2012.0,Casual,Fabindia Women Magenta & Golden Potli
53071,Women,Accessories,Bags,Clutches,Red,Summer,2012.0,Casual,Rocia Women Red Clutch
42889,Women,Accessories,Bags,Clutches,Black,Summer,2012.0,Casual,French Connection Women Black Sequin Clutch
17118,Women,Accessories,Bags,Clutches,Black,Winter,2015.0,Casual,Lino Perros Women Classic Black Clutch
53076,Women,Accessories,Bags,Clutches,Black,Summer,2012.0,Casual,Rocia Women Black Purse
27049,Women,Accessories,Bags,Clutches,Pink,Summer,2012.0,Casual,Yelloe Pink Girly And Fun Clutch
51951,Women,Accessories,Bags,Clutches,Copper,Summer,2012.0,Casual,Yelloe Women Oversized Clutch
25113,Women,Accessories,Bags,Clutches,Silver,Winter,2015.0,Casual,Lino Perros Women Gems Silver Clutch
53077,Women,Accessories,Bags,Clutches,Green,Summer,2012.0,Casual,Rocia Women Green Clutch
36988,Women,Accessories,Bags,Clutches,Black,Summer,2012.0,Casual,Lino Perros Women Black Clutch
48349,Women,Accessories,Bags,Clutches,Pink,Summer,2012.0,Casual,Pitaraa Women Pink Clutch
16740,Women,Accessories,Bags,Clutches,Purple,Winter,2015.0,Casual,Spice Art Women Gold Embroidery Purple Clutch
31916,Women,Accessories,Bags,Clutches,Purple,Summer,2012.0,Casual,Fabindia Women Purple Silk Clutch
47356,Women,Accessories,Bags,Clutches,Brown,Summer,2012.0,Casual,Baggit Women Brown Affair Hoor Purse
31914,Women,Accessories,Bags,Clutches,Blue,Summer,2012.0,Casual,Fabindia Women Braided Blue Clutch
38435,Women,Accessories,Bags,Clutches,Black,Summer,2015.0,Casual,Baggit Women Black Purse
30696,Women,Accessories,Bags,Clutches,Black,Summer,2012.0,Ethnic,Fabindia Black & Gold Conical Purse
25114,Women,Accessories,Bags,Clutches,Black,Winter,2015.0,Casual,Lino Perros Women Gems Black Clutch
38431,Women,Accessories,Bags,Clutches,Red,Summer,2012.0,Casual,Baggit Women Maroon Purse
42866,Women,Accessories,Bags,Clutches,Black,Summer,2012.0,Casual,French Connection Women Black Clutches
33407,Women,Accessories,Bags,Clutches,Gold,Summer,2012.0,Casual,Baggit Women Gold Fingers Club Clutch
33373,Women,Accessories,Bags,Clutches,Silver,Summer,2012.0,Casual,Baggit Women Bingri Club Silver Clutch
52568,Women,Accessories,Bags,Clutches,Black,Summer,2012.0,Casual,Mod'acc Women Black Clutch
31921,Women,Accessories,Bags,Clutches,Magenta,Summer,2012.0,Casual,Fabindia Women Casual Magenta Clutch
31919,Women,Accessories,Bags,Clutches,Blue,Summer,2012.0,Casual,Fabindia Women Blue Silk Clutch
48352,Women,Accessories,Bags,Clutches,Brown,Summer,2012.0,Casual,Pitaraa Women Brown Clutch
37640,Women,Accessories,Bags,Clutches,Red,Summer,2012.0,Casual,Wills Lifestyle Women Red Clutch
52576,Women,Accessories,Bags,Clutches,Purple,Summer,2012.0,Casual,Mod'acc Women Purple Clutch
33366,Women,Accessories,Bags,Clutches,Brown,Summer,2012.0,Casual,Baggit Women Hero Brush Brown Clutch
48326,Women,Accessories,Bags,Clutches,Maroon,Summer,2012.0,Casual,Pitaraa Women Maroon Purse
52336,Women,Accessories,Bags,Clutches,Black,Winter,2016.0,Casual,ToniQ Women Black Clutch
36990,Women,Accessories,Bags,Clutches,Purple,Summer,2012.0,Casual,Lino Perros Women Purple Clutch
52602,Women,Accessories,Bags,Clutches,Green,Summer,2012.0,Casual,Mod'acc Women Green Clutch
33439,Women,Accessories,Bags,Clutches,Black,Fall,2012.0,Casual,Baggit Women Roundup Crush Black Clutch
25121,Women,Accessories,Bags,Clutches,Black,Winter,2015.0,Casual,Lino Perros Women Gem Ring Black Clutch
47961,Women,Accessories,Bags,Clutches,Grey,Summer,2012.0,Casual,French Connection Women Grey Clutch
58258,Women,Accessories,Bags,Clutches,Blue,Fall,2012.0,Casual,Baggit Women Blue Purse
47318,Women,Accessories,Bags,Clutches,Pink,Summer,2012.0,Casual,Baggit Women Pink Bunny Rosy Purse
27044,Women,Accessories,Bags,Clutches,Black,Fall,2012.0,Casual,Yelloe Black Fur Zip Clutch
36657,Women,Accessories,Bags,Clutches,Multi,Summer,2012.0,Casual,Paridhan Women Multi Coloured Purse
32723,Women,Accessories,Bags,Clutches,Maroon,Summer,2012.0,Casual,Fabindia Women Maroon & Black Brocade Clutch
47315,Women,Accessories,Bags,Clutches,Purple,Fall,2012.0,Casual,Baggit Women Purple Jhula Camlincrush Purse
30707,Women,Accessories,Bags,Clutches,Beige,Summer,2012.0,Casual,Fabindia Women Beige Potli
58256,Women,Accessories,Bags,Clutches,Purple,Fall,2012.0,Casual,Baggit Women Purple Purse
38443,Women,Accessories,Bags,Clutches,Gold,Summer,2012.0,Casual,Baggit Women Golden Purse
53079,Women,Accessories,Bags,Clutches,Pink,Summer,2012.0,Casual,Rocia Women Pink Clutch
58270,Women,Accessories,Bags,Clutches,Gold,Summer,2012.0,Casual,Baggit Women Gold Clutch
16751,Women,Accessories,Bags,Clutches,Copper,Winter,2015.0,Casual,Spice Art Women Copper Leartherite Multi Clutch
17111,Women,Accessories,Bags,Clutches,Black,Winter,2015.0,Casual,Lino Perros Women Crystal Black Clutch
33723,Women,Accessories,Bags,Clutches,Multi,Summer,2012.0,Casual,Pieces Women Multi Coloured Purse
20847,Women,Accessories,Bags,Clutches,Black,Winter,2015.0,Casual,Spice Art Women Black Evening Clutch
38682,Women,Accessories,Bags,Clutches,Black,Summer,2015.0,Casual,Spice Art Women Flower Embroidery Black Clutch
26446,Women,Accessories,Bags,Clutches,Gold,Winter,2015.0,Casual,Spice Art Women Sequined Gold Clutch
58262,Women,Accessories,Bags,Clutches,Bronze,Summer,2012.0,Casual,Baggit Women Bronze Clutch
36989,Women,Accessories,Bags,Clutches,Maroon,Summer,2012.0,Casual,Lino Perros Women Maroon Clutch
52574,Women,Accessories,Bags,Clutches,Beige,Summer,2012.0,Casual,Mod'acc Women Beige Clutch
16757,Women,Accessories,Bags,Clutches,Black,Winter,2015.0,Casual,Spice Art Women Beaded Bow Black Clutch
47364,Women,Accessories,Bags,Clutches,Red,Summer,2012.0,Casual,Baggit Women Red Purse
42853,Women,Accessories,Bags,Clutches,Black,Summer,2012.0,Casual,French Connection Women Black Beaded Clutch
33735,Women,Accessories,Bags,Clutches,Navy Blue,Winter,2012.0,Casual,Pieces Women Navy Blue Purse
16744,Women,Accessories,Bags,Clutches,Maroon,Winter,2015.0,Casual,Spice Art Women Hand Woven Maroon Clutch
32724,Women,Accessories,Bags,Clutches,Green,Summer,2012.0,Casual,Fabindia Women Green Brocade Clutch
20849,Women,Accessories,Bags,Clutches,Silver,Winter,2015.0,Casual,Spice Art Women Glass Silver Evening Clutch
59433,Women,Accessories,Bags,Clutches,Red,Summer,2015.0,Casual,Spice Art Women Red Clutch
42856,Women,Accessories,Bags,Clutches,Brown,Summer,2012.0,Casual,French Connection Women Brown Clutch
37951,Women,Accessories,Bags,Clutches,Red,Summer,2012.0,Casual,Yelloe Women Red Box Clutch
49528,Women,Accessories,Bags,Clutches,Bronze,Summer,2012.0,Casual,Rocia Women Bronze and Black Purse
47363,Women,Accessories,Bags,Clutches,Mustard,Summer,2012.0,Casual,Baggit Women Mustard Challo Moly Purse
49539,Women,Accessories,Bags,Clutches,Silver,Summer,2010.0,Casual,Rocia Women Silver Clutch
25135,Women,Accessories,Bags,Clutches,Grey,Winter,2015.0,Casual,Lino Perros Women Grey Clutch
52594,Women,Accessories,Bags,Clutches,Pink,Summer,2012.0,Casual,Mod-acc Women Pink Clutch
38683,Women,Accessories,Bags,Clutches,Navy Blue,Summer,2012.0,Casual,Spice Art Women Stones Navy Blue Clutch
31926,Women,Accessories,Bags,Clutches,Blue,Summer,2012.0,Casual,Fabindia Women Blue Silk Purse
58170,Women,Accessories,Bags,Clutches,Red,Fall,2012.0,Casual,Rocky S Women Red Clutch
52570,Women,Accessories,Bags,Clutches,Grey,Summer,2012.0,Casual,Mod'acc Women Grey Clutch
42836,Women,Accessories,Bags,Clutches,Black,Summer,2012.0,Casual,French Connection Women Black Croc Clutch
25115,Women,Accessories,Bags,Clutches,Gold,Winter,2015.0,Casual,Lino Perros Women Beaded Gold Clutch
31931,Women,Accessories,Bags,Clutches,Green,Summer,2012.0,Casual,Fabindia Women Green Crochet Purse
33378,Women,Accessories,Bags,Clutches,Black,Fall,2012.0,Casual,Baggit Women Slap Crush Black Clutch
47346,Women,Accessories,Bags,Clutches,White,Summer,2012.0,Casual,Baggit Women White Purse
36987,Women,Accessories,Bags,Clutches,Red,Summer,2012.0,Casual,Lino Perros Women Red Clutch
42885,Women,Accessories,Bags,Clutches,Copper,Summer,2012.0,Casual,French Connection Women Copper Clutch
32722,Women,Accessories,Bags,Clutches,Blue,Summer,2012.0,Casual,Fabindia Women Blue Brocade Clutch
52581,Women,Accessories,Bags,Clutches,Peach,Summer,2012.0,Casual,Mod'acc Women Peach Clutch
42864,Women,Accessories,Bags,Clutches,Purple,Summer,2012.0,Casual,French Connection Women Purple Clutch
31927,Women,Accessories,Bags,Clutches,Green,Summer,2012.0,Casual,Fabindia Women Green Silk Purse
49560,Women,Accessories,Bags,Clutches,White,Spring,2013.0,Casual,Spice Art Women White Clutch
42049,Women,Accessories,Bags,Clutches,Purple,Summer,2010.0,Casual,Bulchee Women Purple Clutch
58261,Women,Accessories,Bags,Clutches,Brown,Summer,2010.0,Casual,Baggit Women Brown Purse
58263,Women,Accessories,Bags,Clutches,Black,Summer,2012.0,Casual,Baggit Women Black Clutch
25141,Women,Accessories,Bags,Clutches,Gold,Winter,2015.0,Casual,Lino Perros Women Gold Clutch
30709,Women,Accessories,Bags,Clutches,Red,Summer,2012.0,Ethnic,Fabindia Red Silk Sling Purse
52560,Women,Accessories,Bags,Clutches,Red,Summer,2012.0,Casual,Mod'acc Women Red Coin Purse
47304,Women,Accessories,Bags,Clutches,Green,Summer,2012.0,Casual,Baggit Women Green purse
21982,Women,Accessories,Bags,Clutches,Gold,Winter,2015.0,Casual,Murcia Women Casual Gold Clutch
42871,Women,Accessories,Bags,Clutches,Red,Summer,2012.0,Casual,French Connection Women Red Clutch
16755,Women,Accessories,Bags,Clutches,Maroon,Winter,2015.0,Casual,Spice Art Women Cherry Maroon Clutch
57462,Women,Accessories,Bags,Clutches,Gold,Summer,2010.0,Casual,Pitaraa Women Golden Clutch
21980,Women,Accessories,Bags,Clutches,Silver,Winter,2015.0,Casual,Murcia Women Casual Silver Clutches
58253,Women,Accessories,Bags,Clutches,Olive,Summer,2010.0,Casual,Baggit Women Olive Purse
17115,Women,Accessories,Bags,Clutches,Blue,Winter,2015.0,Casual,Lino Perros Women Classic Blue Clutch
52603,Women,Accessories,Bags,Clutches,Brown,Summer,2012.0,Casual,Mod-acc Women Brown Clutch
26447,Women,Accessories,Bags,Clutches,Gold,Winter,2015.0,Casual,Spice Art Women Dholak Shaped Gold Clutch
16750,Women,Accessories,Bags,Clutches,Beige,Winter,2015.0,Casual,Spice Art Women Gun Metal Leatherette Metallic Clutch
47414,Women,Accessories,Bags,Clutches,Pink,Fall,2012.0,Casual,Baggit Women Pink Raas Barati Purse
42849,Women,Accessories,Bags,Clutches,Black,Summer,2012.0,Casual,French Connection Women Black Clutch
25125,Women,Accessories,Bags,Clutches,Gold,Winter,2015.0,Casual,Lino Perros Women Sequins Gold Clutch
33440,Women,Accessories,Bags,Clutches,Beige,Fall,2012.0,Casual,Baggit Women Roundup Taj Beige Clutch
20851,Women,Accessories,Bags,Clutches,Red,Winter,2015.0,Casual,Spice Art Women Ribbon Embroidery Red Clutch
37861,Women,Accessories,Bags,Clutches,Black,Summer,2012.0,Casual,Hidekraft Women Black Clutch
58169,Women,Accessories,Bags,Clutches,Blue,Fall,2012.0,Casual,Rocky S Women Blue Clutch
17112,Women,Accessories,Bags,Clutches,Grey,Winter,2015.0,Casual,Lino Perros Women Beaded Grey Clutch
20850,Women,Accessories,Bags,Clutches,Green,Winter,2015.0,Casual,Spice Art Women White Beaded Elastic Flower Clutch
53075,Women,Accessories,Bags,Clutches,Red,Summer,2012.0,Casual,Rocia Women Red Purse
47362,Women,Accessories,Bags,Clutches,Grey,Summer,2012.0,Casual,Baggit Women Grey Clutch
52559,Women,Accessories,Bags,Clutches,Black,Summer,2012.0,Casual,Mod'acc Women Black Coin Purse
31915,Women,Accessories,Bags,Clutches,Green,Summer,2012.0,Casual,Fabindia Women Green Silk Clutch
48355,Women,Accessories,Bags,Clutches,Magenta,Summer,2012.0,Casual,Pitaraa Women Magenta Clutch
35923,Women,Accessories,Bags,Clutches,Brown,Summer,2012.0,Casual,Peperone Women Brown & Blue Clutch
52561,Women,Accessories,Bags,Clutches,Grey,Summer,2012.0,Casual,Mod'acc Women Light Grey Coin Purse
27042,Women,Accessories,Bags,Clutches,Black,Summer,2012.0,Casual,Yelloe Black Animal Print Clutch
38428,Women,Accessories,Bags,Clutches,Brown,Fall,2012.0,Casual,Baggit Women Brown Clutch
16754,Women,Accessories,Bags,Clutches,Silver,Winter,2015.0,Casual,Spice Art Women Crystal Flower Gold Clutch
47288,Women,Accessories,Bags,Clutches,Black,Summer,2012.0,Casual,Baggit Women Black Mars Excel Purse
17116,Women,Accessories,Bags,Clutches,Maroon,Winter,2015.0,Casual,Lino Perros Women Classic Maroon Clutch
26442,Women,Accessories,Bags,Clutches,Brown,Winter,2015.0,Casual,Spice Art Women Leatherette Brown Clutch
31930,Women,Accessories,Bags,Clutches,Black,Summer,2012.0,Casual,Fabindia Women Black Silk Clutch
16745,Women,Accessories,Bags,Clutches,Grey,Winter,2015.0,Casual,Spice Art Women Zircons Grey Clutch
47348,Women,Accessories,Bags,Clutches,Gold,Summer,2012.0,Casual,Baggit Women Golden Clutch
25139,Women,Accessories,Bags,Clutches,Bronze,Winter,2015.0,Casual,Lino Perros Women Bronze Clutch
31929,Women,Accessories,Bags,Clutches,Beige,Summer,2012.0,Casual,Fabindia Women Beige Silk Clutch
25116,Women,Accessories,Bags,Clutches,Silver,Winter,2015.0,Casual,Lino Perros Women Beads Silver Clutch
31920,Women,Accessories,Bags,Clutches,Pink,Summer,2012.0,Casual,Fabindia Women Pink Silk Clutch
42857,Women,Accessories,Bags,Clutches,Pink,Summer,2012.0,Casual,French Connection Women Pink Hot Fuzz Clutch
31932,Women,Accessories,Bags,Clutches,Beige,Summer,2012.0,Casual,Fabindia Women Gold Crochet Purse
42929,Women,Accessories,Bags,Clutches,Gold,Summer,2012.0,Casual,French Connection Women Gold Clutch
35145,Women,Accessories,Bags,Clutches,Red,Summer,2012.0,Casual,Allen Solly Woman Red Clutch
47401,Women,Accessories,Bags,Clutches,Teal,Summer,2012.0,Casual,Baggit Women Teal Auxi Anna Purse
54838,Women,Accessories,Bags,Clutches,Brown,Summer,2010.0,Casual,Ivory Tag Brown Fur Clutch
52582,Women,Accessories,Bags,Clutches,Off White,Summer,2012.0,Casual,Mod'acc Women Off White Clutch
16747,Women,Accessories,Bags,Clutches,Blue,Winter,2015.0,Casual,Spice Art Women Small Beads Blue Clutch
38688,Women,Accessories,Bags,Clutches,Grey,Summer,2015.0,Casual,Spice Art Women Grey Clutch
37952,Women,Accessories,Bags,Clutches,Mustard,Summer,2012.0,Casual,Yelloe Women Mustard Box Clutch
47308,Women,Accessories,Bags,Clutches,Purple,Summer,2012.0,Casual,Baggit Women Purple Deshi Baby Purse
38459,Women,Accessories,Bags,Clutches,Silver,Fall,2012.0,Casual,Baggit Women Silver Clutch
16752,Women,Accessories,Bags,Clutches,Gold,Winter,2015.0,Casual,Spice Art Women Zircons Gold Clutch
36680,Women,Accessories,Bags,Clutches,Black,Summer,2012.0,Casual,Paridhan Women Black Clutch
49561,Women,Accessories,Bags,Clutches,Black,Summer,2012.0,Casual,Spice Art Women Black Clutch
17110,Women,Accessories,Bags,Clutches,Gold,Winter,2015.0,Casual,Lino Perros Women Classic Gold Clutch
25143,Women,Accessories,Bags,Clutches,Silver,Winter,2015.0,Casual,Lino Perros Women Silver Clutch
57459,Women,Accessories,Bags,Clutches,Red,Summer,2010.0,Casual,Pitaraa Women Red Clutch
16742,Women,Accessories,Bags,Clutches,White,Winter,2015.0,Casual,Spice Art Women Beads White Clutch
27045,Women,Accessories,Bags,Clutches,Off White,Summer,2012.0,Casual,Yelloe Off White Fur Zip Clutch
20848,Women,Accessories,Bags,Clutches,Black,Winter,2015.0,Casual,Spice Art Women Casual Black Evening Clutch
35146,Women,Accessories,Bags,Clutches,Purple,Summer,2012.0,Casual,Allen Solly Woman Purple Clutch
49536,Women,Accessories,Bags,Clutches,Maroon,Summer,2010.0,Casual,Rocia Women Maroon Clutch
52339,Women,Accessories,Bags,Clutches,Black,Winter,2016.0,Casual,ToniQ Women Black Lace Clutch
35927,Women,Accessories,Bags,Clutches,Olive,Summer,2012.0,Casual,Peperone Women Olive Clutch
58167,Women,Accessories,Bags,Clutches,Cream,Fall,2012.0,Casual,Rocky S Cream Amazon Clutch
16743,Women,Accessories,Bags,Clutches,Red,Winter,2015.0,Casual,Spice Art Women Beads Red Clutch
52585,Women,Accessories,Bags,Clutches,Green,Summer,2012.0,Casual,Mod'acc Women Light Green Clutch
18164,Women,Accessories,Bags,Clutches,Black,Winter,2015.0,Casual,Spice Art Women Zircons Black Clutch
33402,Women,Accessories,Bags,Clutches,Silver,Spring,2012.0,Casual,Baggit Silver Purse
49548,Women,Accessories,Bags,Clutches,Blue,Summer,2012.0,Casual,Rocia Women Blue Clutch
21979,Women,Accessories,Bags,Clutches,Black,Winter,2015.0,Casual,Murcia Women Casual Black Clutch
58168,Women,Accessories,Bags,Clutches,Black,Fall,2012.0,Casual,Rocky S Black Amazon Clutch
59988,Women,Apparel,Dress,Dresses,Black,Fall,2012.0,Party,Avirate Black & Silvery Grey Dress
59986,Women,Apparel,Dress,Dresses,Black,Fall,2012.0,Smart Casual,Avirate Women Black Dress
59972,Women,Apparel,Dress,Dresses,Black,Fall,2012.0,Party,Avirate Black Dress
59981,Women,Apparel,Dress,Dresses,Black,Fall,2012.0,Party,Avirate  Black & Purple Women Dress
33969,Women,Apparel,Dress,Dresses,Black,Spring,2012.0,Party,Femella Women Black Dress
48466,Women,Apparel,Dress,Dresses,Black,Winter,2011.0,Party,French Connection Women Black Dress
57044,Women,Apparel,Dress,Dresses,Black,Summer,2012.0,Party,Elle Women Black Dress
59994,Women,Apparel,Dress,Dresses,Black,Fall,2012.0,Formal,Avirate Black Formal Dress
59966,Women,Apparel,Dress,Dresses,Black,Fall,2012.0,Party,Avirate Black Polka Dot Dress
42217,Women,Apparel,Dress,Dresses,Black,Summer,2012.0,Party,Sepia Women Black Dress
57041,Women,Apparel,Dress,Dresses,Black,Summer,2012.0,Party,Elle Black Sheath Dress
43643,Women,Apparel,Dress,Dresses,Magenta,Summer,2012.0,Party,Vero Moda Women Magenta Dress
43644,Women,Apparel,Dress,Dresses,Black,Summer,2012.0,Party,Vero Moda Women Black Dress
59984,Women,Apparel,Dress,Dresses,Purple,Fall,2012.0,Party,Avirate Women Purple Dress
43511,Women,Apparel,Dress,Dresses,Navy Blue,Summer,2012.0,Formal,French Connection Women Navy Blue Dress
26974,Women,Apparel,Dress,Dresses,Pink,Summer,2012.0,Casual,Jealous 21 Women Pink Printed Dress
26935,Women,Apparel,Dress,Dresses,Black,Summer,2012.0,Casual,Jealous 21 Women Black Dress
18897,Women,Apparel,Dress,Dresses,Green,Fall,2011.0,Casual,Arrow Woman Solid Green Dress
10500,Women,Apparel,Dress,Dresses,Navy Blue,Fall,2011.0,Casual,Flying Machine Women OS Blue Tops
45777,Women,Apparel,Dress,Dresses,Red,Summer,2012.0,Casual,Remanika Women Red Dress
4983,Women,Apparel,Dress,Dresses,White,Summer,2011.0,Casual,Palm Tree Girl's Blenda White Pink Kidswear
41784,Women,Apparel,Dress,Dresses,Purple,Summer,2012.0,Casual,Remanika Women Purple Dress
48086,Women,Apparel,Dress,Dresses,Navy Blue,Summer,2012.0,Casual,French Connection Navy Blue Dress
58506,Women,Apparel,Dress,Dresses,Blue,Fall,2012.0,Casual,Tonga Women Printed Blue Dress
43680,Women,Apparel,Dress,Dresses,Red,Summer,2012.0,Casual,French Connection Women Printed Red Dress
49630,Women,Apparel,Dress,Dresses,Blue,Summer,2012.0,Casual,Mineral Blue Dress
32576,Women,Apparel,Dress,Dresses,Orange,Summer,2012.0,Casual,ONLY Women Orange Party Dress
52162,Women,Apparel,Dress,Dresses,Black,Summer,2012.0,Casual,Femella Women Black Striped Tank Dress
35990,Women,Apparel,Dress,Dresses,Pink,Summer,2012.0,Casual,Flying Machine Women Cotton Pink Dress
46216,Women,Apparel,Dress,Dresses,Pink,Summer,2012.0,Casual,AND Women Pink Dress
39716,Women,Apparel,Dress,Dresses,Blue,Summer,2012.0,Casual,Arrow Woman Women Blue Dress
58490,Women,Apparel,Dress,Dresses,White,Fall,2012.0,Casual,Tonga Women White Dress
41565,Women,Apparel,Dress,Dresses,Blue,Summer,2012.0,Casual,AND Women Blue Dress
40412,Women,Apparel,Dress,Dresses,Pink,Summer,2012.0,Casual,Tonga Women Plum Dress
10360,Women,Apparel,Dress,Dresses,Black,Fall,2011.0,Casual,United Colors of Benetton Women Black Dress
43625,Women,Apparel,Dress,Dresses,Black,Summer,2012.0,Casual,Vero Moda Women Black Printed Shift Dress
59985,Women,Apparel,Dress,Dresses,Green,Fall,2012.0,Casual,Avirate Women Green Dress
6870,Women,Apparel,Dress,Dresses,Pink,Summer,2011.0,Casual,Forever New Women's Pink Dress
33997,Women,Apparel,Dress,Dresses,Purple,Summer,2012.0,Casual,Femella Women Purple & Black Dress
39234,Women,Apparel,Dress,Dresses,White,Summer,2012.0,Casual,Femella Women White Panel Princess Dress
43658,Women,Apparel,Dress,Dresses,Black,Summer,2012.0,Casual,ONLY Women Black Dress
4931,Women,Apparel,Dress,Dresses,Blue,Summer,2011.0,Casual,Gini and Jony Girl's Valerie Blue White Kidswear
46277,Women,Apparel,Dress,Dresses,Red,Summer,2012.0,Casual,109F Red & White A-Line Dress
37911,Women,Apparel,Dress,Dresses,Cream,Summer,2012.0,Casual,Mineral Women Cream Dress
57994,Women,Apparel,Dress,Dresses,Brown,Fall,2012.0,Casual,Latin Quarters Women Brown Printed Dress
58503,Women,Apparel,Dress,Dresses,White,Summer,2012.0,Casual,Tonga Women Purple Dress
57986,Women,Apparel,Dress,Dresses,Grey,Fall,2012.0,Casual,Latin Quarters Women Grey Dress
13310,Women,Apparel,Dress,Dresses,White,Fall,2011.0,Casual,Gini and Jony Kids Girls Solid White Dresses
47651,Women,Apparel,Dress,Dresses,Grey,Summer,2012.0,Casual,Femella Women Grey Lace Dress
51448,Women,Apparel,Dress,Dresses,Gold,Summer,2012.0,Casual,Tonga Women Gold Dress
48463,Women,Apparel,Dress,Dresses,Teal,Summer,2012.0,Casual,French Connection Teal & Brown Printed Dress
57997,Women,Apparel,Dress,Dresses,Blue,Fall,2012.0,Casual,Latin Quarters Women Blue Dress
59896,Women,Apparel,Dress,Dresses,Multi,Fall,2012.0,Casual,Femella Women Multi Coloured Dress
59983,Women,Apparel,Dress,Dresses,Cream,Fall,2012.0,Casual,Avirate Cream & Olive Green Printed Dress
37929,Women,Apparel,Dress,Dresses,Pink,Summer,2012.0,Casual,Mineral Women Pink Dress
58505,Women,Apparel,Dress,Dresses,Off White,Fall,2012.0,Casual,Tonga Women Printed Brown Dress
43653,Women,Apparel,Dress,Dresses,Peach,Summer,2012.0,Casual,ONLY Women Peach Dress
47676,Women,Apparel,Dress,Dresses,Black,Summer,2012.0,Casual,Femella Women Black Animal Print Dress
59897,Women,Apparel,Dress,Dresses,Yellow,Fall,2012.0,Casual,Femella Women Yellow Dress
27198,Women,Apparel,Dress,Dresses,Blue,Summer,2012.0,Casual,Doodle Kids Girl Printed Blue Dress
57046,Women,Apparel,Dress,Dresses,Black,Summer,2012.0,Casual,Elle Women Black Sheath Dress
38845,Women,Apparel,Dress,Dresses,Blue,Summer,2012.0,Casual,Latin Quarters Women Blue Printed Dress
48482,Women,Apparel,Dress,Dresses,Red,Winter,2011.0,Casual,French Connection Women Red Dress
57054,Women,Apparel,Dress,Dresses,Yellow,Summer,2012.0,Casual,Elle Yellow Vintage Shift Dress
39227,Women,Apparel,Dress,Dresses,Purple,Summer,2012.0,Casual,Femella Women Purple Tiered Dress
59795,Women,Apparel,Dress,Dresses,Blue,Fall,2012.0,Casual,United Colors of Benetton Women Blue Dress
6873,Women,Apparel,Dress,Dresses,Black,Summer,2011.0,Casual,Forever New Women's Top Black Dress
13470,Women,Apparel,Dress,Dresses,Pink,Summer,2011.0,Casual,United Colors of Benetton Women Solid Pink Dress
52155,Women,Apparel,Dress,Dresses,Purple,Summer,2012.0,Casual,Femella Women Purple Color Block Dress
34578,Women,Apparel,Dress,Dresses,Red,Summer,2012.0,Casual,Tonga Women Printed Red Dress
41774,Women,Apparel,Dress,Dresses,Navy Blue,Summer,2012.0,Casual,Remanika Women Navy Blue Dress
41770,Women,Apparel,Dress,Dresses,Pink,Summer,2012.0,Casual,Remanika Women Printed Pink Dress
40431,Women,Apparel,Dress,Dresses,Navy Blue,Summer,2012.0,Casual,Tonga Women Navy Blue Dress
11261,Women,Apparel,Dress,Dresses,Red,Summer,2011.0,Casual,Palm Tree Kids Girls Red Saloppette Set
57048,Women,Apparel,Dress,Dresses,Black,Summer,2012.0,Casual,Elle Women Blue & Black Dress
8482,Women,Apparel,Dress,Dresses,Cream,Fall,2011.0,Casual,Forever New Women Cream Fur Dress
27195,Women,Apparel,Dress,Dresses,Off White,Summer,2012.0,Casual,Doodle Kids Girl Printed Off White Dress
43678,Women,Apparel,Dress,Dresses,White,Summer,2012.0,Casual,French Connection Women White Dress
18735,Women,Apparel,Dress,Dresses,Purple,Fall,2011.0,Casual,Arrow Woman Rima Purple Dress
46281,Women,Apparel,Dress,Dresses,Black,Summer,2012.0,Casual,109F Women Black & Cream Dress
40442,Women,Apparel,Dress,Dresses,Grey,Summer,2012.0,Casual,La Emotio Women Grey Dress
39226,Women,Apparel,Dress,Dresses,Black,Summer,2012.0,Casual,Femella Women Black Tiered Dress
8500,Women,Apparel,Dress,Dresses,Multi,Fall,2011.0,Casual,Forever New Women GeoPrint Multi Coloured Dress
18736,Women,Apparel,Dress,Dresses,Red,Fall,2011.0,Casual,Arrow Woman Rima Red Dress
43676,Women,Apparel,Dress,Dresses,Green,Summer,2012.0,Casual,French Connection Women Mint Green Dress
12837,Women,Apparel,Dress,Dresses,Pink,Fall,2011.0,Casual,Ant Kids Button Bow Pink Dresses
24876,Women,Apparel,Dress,Dresses,Blue,Summer,2012.0,Casual,United Colors of Benetton Women Blue Striped Dress
27224,Women,Apparel,Dress,Dresses,White,Summer,2012.0,Casual,Doodle Kids Girl Printed White Dress
59980,Women,Apparel,Dress,Dresses,Black,Fall,2012.0,Casual,Avirate Black & Cream Dress
59991,Women,Apparel,Dress,Dresses,Multi,Fall,2012.0,Casual,Avirate Multicoloured Dress
6874,Women,Apparel,Dress,Dresses,Pink,Summer,2011.0,Casual,Forever New Women Pink Sleeveless Dress
57060,Women,Apparel,Dress,Dresses,Teal,Summer,2012.0,Casual,Elle Women Teal Dress
34591,Women,Apparel,Dress,Dresses,Multi,Summer,2012.0,Casual,Tonga Women Printed Multi Dress
48483,Women,Apparel,Dress,Dresses,Blue,Winter,2011.0,Casual,French Connection Women Blue Dress
44944,Women,Apparel,Dress,Dresses,Navy Blue,Fall,2012.0,Casual,United Colors of Benetton Women Navy Blue Dress
57036,Women,Apparel,Dress,Dresses,Black,Summer,2012.0,Casual,Forever New Women Printed Black Dress
57042,Women,Apparel,Dress,Dresses,Black,Summer,2012.0,Casual,Elle Black Dress
57038,Women,Apparel,Dress,Dresses,Blue,Summer,2012.0,Casual,Elle Women Blue Dress
18755,Women,Apparel,Dress,Dresses,Blue,Fall,2011.0,Casual,Arrow Woman Kaya Blue Dress
43919,Women,Apparel,Dress,Dresses,Navy Blue,Summer,2012.0,Casual,Femella Women Navy Blue Printed Dress
52161,Women,Apparel,Dress,Dresses,Black,Summer,2012.0,Casual,Femella Women Black Pleated Dress
7306,Women,Apparel,Dress,Dresses,White,Summer,2011.0,Casual,UCB Women's Sleeveless Off White Dress
29158,Women,Apparel,Dress,Dresses,Green,Summer,2012.0,Casual,United Colors of Benetton Women Green Dress
6875,Women,Apparel,Dress,Dresses,Black,Summer,2011.0,Casual,Forever New Women's Gold Sleeveless Black Dress
27226,Women,Apparel,Dress,Dresses,Pink,Summer,2012.0,Casual,Doodle Kids Girl Printed Pink Dress
34473,Women,Apparel,Dress,Dresses,Navy Blue,Summer,2012.0,Casual,Van Heusen Woman Navy Blue Dress
58504,Women,Apparel,Dress,Dresses,Black,Fall,2012.0,Casual,Tonga Women Black Dress
32577,Women,Apparel,Dress,Dresses,Grey,Summer,2012.0,Casual,ONLY Women Toronto Grey Printed Dress
58499,Women,Apparel,Dress,Dresses,White,Fall,2012.0,Casual,Tonga White Floral Design Dress
38828,Women,Apparel,Dress,Dresses,Teal,Summer,2012.0,Casual,Latin Quarters Women Teal Dress
43331,Women,Apparel,Topwear,Dresses,Pink,Summer,2012.0,Casual,United Colors of Benetton Women Pink Sheath Dress
47674,Women,Apparel,Dress,Dresses,Black,Summer,2012.0,Casual,Femella Women Black Animal Printed Dress
39221,Women,Apparel,Dress,Dresses,Purple,Summer,2012.0,Casual,Femella Women Purple Dress
25972,Women,Apparel,Dress,Dresses,Brown,Summer,2012.0,Casual,Femella Women Brown Dress
58501,Women,Apparel,Dress,Dresses,Beige,Fall,2012.0,Casual,Tonga Brown Animal Print Dress
58425,Women,Apparel,Dress,Dresses,Grey,Summer,2012.0,Casual,AND by Anita Dongre Women Grey Dress
57035,Women,Apparel,Dress,Dresses,Multi,Summer,2012.0,Casual,Forever New Women Multi Coloured Dress
59963,Women,Apparel,Dress,Dresses,Multi,Fall,2012.0,Casual,Avirate Women Multi Coloured Dress
44687,Women,Apparel,Dress,Dresses,Peach,Summer,2012.0,Casual,Wills Lifestyle Women Peach A-Line Dress
54976,Women,Apparel,Dress,Dresses,Pink,Summer,2012.0,Casual,Femella Women Pink Dress
43920,Women,Apparel,Dress,Dresses,Cream,Summer,2012.0,Casual,Femella Women Cream Printed Dress
16567,Women,Apparel,Dress,Dresses,Red,Fall,2011.0,Casual,AND by Anita Dongre Women Printed Red Dresses
43513,Women,Apparel,Dress,Dresses,Orange,Summer,2012.0,Casual,French Connection Women Orange Dress
35989,Women,Apparel,Dress,Dresses,Black,Summer,2012.0,Casual,Flying Machine Women Cotton Black Dress
6893,Women,Apparel,Dress,Dresses,Black,Summer,2011.0,Casual,Forever New Women Straps Black Dress
12835,Women,Apparel,Dress,Dresses,Orange,Fall,2011.0,Casual,Ant Kids Flower Orange Dresses
58493,Women,Apparel,Dress,Dresses,Grey,Fall,2012.0,Casual,Tonga Women Grey Dress
8484,Women,Apparel,Dress,Dresses,Purple,Fall,2011.0,Casual,Forever New Women Floral Purple Dress
51447,Women,Apparel,Dress,Dresses,Grey,Summer,2012.0,Casual,Tonga Women Grey Printed Dress
46285,Women,Apparel,Dress,Dresses,Multi,Summer,2012.0,Casual,109F Women Multi Coloured Dress
33225,Women,Apparel,Dress,Dresses,Pink,Summer,2012.0,Casual,Sepia Women Pink Dress
43645,Women,Apparel,Dress,Dresses,Grey,Summer,2012.0,Casual,Vero Moda Women Grey Dress
58492,Women,Apparel,Dress,Dresses,Olive,Fall,2012.0,Casual,Tonga Women Olive Dress
38832,Women,Apparel,Dress,Dresses,White,Summer,2012.0,Casual,Latin Quarters Women White & Pink Printed Dress
18895,Women,Apparel,Dress,Dresses,Grey,Fall,2011.0,Casual,Arrow Woman Lida Grey Dress
54973,Women,Apparel,Dress,Dresses,Off White,Summer,2012.0,Casual,Femella Women Off White Dress
8487,Women,Apparel,Dress,Dresses,Cream,Fall,2011.0,Casual,Forever New Women Champagne Dresses
48464,Women,Apparel,Dress,Dresses,Blue,Summer,2012.0,Casual,French Connection Blue & Black Printed Dress
58509,Women,Apparel,Dress,Dresses,Off White,Fall,2012.0,Casual,Tonga Off-White & Black Animal Print Dress
57059,Women,Apparel,Dress,Dresses,Red,Summer,2012.0,Casual,Elle Women Red Dress
59973,Women,Apparel,Dress,Dresses,Navy Blue,Fall,2012.0,Casual,Avirate Women Navy Blue Dress
41141,Women,Apparel,Dress,Dresses,Blue,Fall,2012.0,Casual,Allen Solly Woman Blue Dress
44643,Women,Apparel,Dress,Dresses,Black,Summer,2012.0,Casual,Arrow Woman Black Dress
59876,Women,Apparel,Dress,Dresses,Multi,Fall,2012.0,Casual,Femella Women Black Printed Dress
34564,Women,Apparel,Dress,Dresses,Black,Summer,2012.0,Casual,Tonga Women Printed Black Dress
8479,Women,Apparel,Dress,Dresses,Cream,Fall,2011.0,Casual,Forever New Women Blossom Silk Cream Dress
57053,Women,Apparel,Dress,Dresses,Pink,Summer,2012.0,Casual,Elle Pink Vintage Dress
59974,Women,Apparel,Dress,Dresses,Black,Fall,2012.0,Casual,Avirate Black & White Dress
43508,Women,Apparel,Dress,Dresses,White,Summer,2012.0,Casual,French Connection Women Navy Blue Striped Dress
18896,Women,Apparel,Dress,Dresses,Cream,Fall,2011.0,Casual,Arrow Woman Solid Cream Dress
49648,Women,Apparel,Dress,Dresses,Cream,Summer,2012.0,Casual,Mineral Cream & Purple Printed Dress
43637,Women,Apparel,Dress,Dresses,Pink,Summer,2012.0,Casual,Vero Moda Women Pink Dress
27197,Women,Apparel,Dress,Dresses,Pink,Summer,2012.0,Casual,Doodle Kids Girl Pink Dress
33226,Women,Apparel,Dress,Dresses,Navy Blue,Summer,2012.0,Casual,Sepia Women Navy Blue Dress
4991,Women,Apparel,Dress,Dresses,White,Summer,2011.0,Casual,Gini and Jony Girl's Sara Off White Polka Dot Kidswear
4936,Women,Apparel,Dress,Dresses,Black,Summer,2011.0,Casual,Gini and Jony Girl's Veata White Black Pink Infants Kidswear
33209,Women,Apparel,Dress,Dresses,White,Summer,2012.0,Casual,Sepia Women Printed White Dress
33201,Women,Apparel,Dress,Dresses,Cream,Summer,2012.0,Casual,Sepia Women Cream Dress
48478,Women,Apparel,Dress,Dresses,Beige,Winter,2011.0,Casual,French Connection Women Beige Dress
44681,Women,Apparel,Dress,Dresses,White,Summer,2012.0,Casual,Wills Lifestyle Women White Dress
41563,Women,Apparel,Dress,Dresses,Grey,Summer,2012.0,Casual,AND Women Grey Dress
57996,Women,Apparel,Dress,Dresses,Black,Fall,2012.0,Casual,Latin Quarters Women Black Dress
43633,Women,Apparel,Dress,Dresses,Red,Summer,2012.0,Casual,Vero Moda Women Coral Coloured Dress
18894,Women,Apparel,Dress,Dresses,Black,Fall,2011.0,Casual,Arrow Woman Lida Black Dress
8480,Women,Apparel,Dress,Dresses,Cream,Fall,2011.0,Casual,Forever New Women Magnolia Cream Dress
37936,Women,Apparel,Dress,Dresses,Orange,Summer,2012.0,Casual,Mineral Women Orange Dress
38835,Women,Apparel,Dress,Dresses,Grey,Summer,2012.0,Casual,Latin Quarters Women Grey & Olive Printed Dress
14197,Women,Apparel,Dress,Dresses,Black,Fall,2011.0,Casual,AND Women Solid Black Dresses
57993,Women,Apparel,Dress,Dresses,Beige,Fall,2012.0,Casual,Latin Quarters Women Beige Dress
48525,Women,Apparel,Dress,Dresses,White,Summer,2012.0,Casual,French Connection Women White & Blue  Striped Dress
48477,Women,Apparel,Dress,Dresses,Cream,Winter,2011.0,Casual,French Connection Women Cream Dress
39724,Women,Apparel,Dress,Dresses,Pink,Summer,2012.0,Casual,Arrow Woman Pink & Orange Dress
57058,Women,Apparel,Dress,Dresses,White,Summer,2012.0,Casual,Elle Women Multi Coloured Dress
5007,Women,Apparel,Dress,Dresses,Purple,Summer,2011.0,Casual,Gini and Jony Girl's Sandra Purple Kidswear
59978,Women,Apparel,Dress,Dresses,Brown,Fall,2012.0,Casual,Avirate Brown & Grey Check Dress
37912,Women,Apparel,Dress,Dresses,Orange,Summer,2012.0,Casual,Mineral Women Floral Orange Dress
57056,Women,Apparel,Dress,Dresses,Cream,Summer,2012.0,Casual,Elle Women White Shift Dress
43510,Women,Apparel,Dress,Dresses,Maroon,Fall,2012.0,Casual,French Connection Women Maroon Knitted Dress
5566,Women,Apparel,Dress,Dresses,Maroon,Summer,2011.0,Casual,Ant Kids Girl's Maroon With Flower Kidswear
57055,Women,Apparel,Dress,Dresses,Brown,Summer,2012.0,Casual,Elle Women Brown Dress
49646,Women,Apparel,Dress,Dresses,Navy Blue,Summer,2012.0,Casual,Mineral Navy Blue Printed Dress
57999,Women,Apparel,Dress,Dresses,Brown,Fall,2012.0,Casual,Latin Quarters Women Brown Dress
10016,Women,Apparel,Dress,Dresses,Pink,Summer,2011.0,Casual,Palm Tree Girl's Cr Blossom Drs Pink Dresses
10406,Women,Apparel,Dress,Dresses,Grey,Fall,2011.0,Casual,United Colors of Benetton Women Solid Grey Dresses
43652,Women,Apparel,Dress,Dresses,Pink,Summer,2012.0,Casual,ONLY Women Pink Dress
58489,Women,Apparel,Dress,Dresses,Beige,Summer,2012.0,Casual,Tonga Women Beige Dress
48485,Women,Apparel,Dress,Dresses,Red,Summer,2012.0,Casual,French Connection Red & Brown Dress
57990,Women,Apparel,Dress,Dresses,Pink,Fall,2012.0,Casual,Latin Quarters Women Pink Dress
8486,Women,Apparel,Dress,Dresses,Blue,Fall,2011.0,Casual,Forever New Women Butterbean Blue Dress
48468,Women,Apparel,Dress,Dresses,Mauve,Summer,2012.0,Casual,French Connection Mauve Dress
33976,Women,Apparel,Dress,Dresses,Navy Blue,Summer,2012.0,Casual,Femella Women Check Navy Blue Dress
51465,Women,Apparel,Dress,Dresses,Teal,Summer,2012.0,Casual,Tonga Women Teal Dress
58002,Women,Apparel,Dress,Dresses,Green,Fall,2012.0,Casual,Latin Quarters Women Green Printed Dress
44682,Women,Apparel,Dress,Dresses,Blue,Summer,2012.0,Casual,Wills Lifestyle Women Blue Dress
8483,Women,Apparel,Dress,Dresses,Blue,Fall,2011.0,Casual,Forever New Women Creme de Menthe Blue Dresses
32379,Women,Apparel,Dress,Dresses,Off White,Summer,2012.0,Casual,Arrow Woman Printed Multi Coloured Dress
48469,Women,Apparel,Dress,Dresses,Black,Summer,2012.0,Casual,French Connection Black Dress
47650,Women,Apparel,Dress,Dresses,Black,Summer,2012.0,Casual,Femella Women Black Lace Dress
43648,Women,Apparel,Topwear,Dresses,Cream,Summer,2012.0,Casual,ONLY Women Cream A-Line Dress
40402,Women,Apparel,Dress,Dresses,Grey,Summer,2012.0,Casual,Tonga Women Grey & Red Dress
57050,Women,Apparel,Dress,Dresses,White,Summer,2012.0,Casual,Elle Color Clash Purple Dress
57995,Women,Apparel,Dress,Dresses,Black,Fall,2012.0,Casual,Latin Quarters Women & White Black Dress
38837,Women,Apparel,Dress,Dresses,Pink,Fall,2012.0,Casual,Latin Quarters Women Pink Printed Dress
4987,Women,Apparel,Dress,Dresses,White,Summer,2011.0,Casual,Gini and Jony Girl's Viveca White Floral Kidswear
38840,Women,Apparel,Dress,Dresses,Black,Summer,2012.0,Casual,Latin Quarters Women Navy Blue & White Printed Dress
38841,Women,Apparel,Dress,Dresses,Brown,Summer,2012.0,Casual,Latin Quarters Women Brown Check Dress
37938,Women,Apparel,Dress,Dresses,Green,Summer,2012.0,Casual,Mineral Women Green Dress
41571,Women,Apparel,Dress,Dresses,Red,Summer,2012.0,Casual,AND Women Red Dress
51450,Women,Apparel,Dress,Dresses,Brown,Summer,2012.0,Casual,Tonga Women Brown Dress
59909,Women,Apparel,Dress,Dresses,Blue,Fall,2012.0,Casual,Femella Women Blue Dress
34581,Women,Apparel,Dress,Dresses,Maroon,Summer,2012.0,Casual,Tonga Women Maroon Dress
58439,Women,Apparel,Dress,Dresses,Black,Summer,2012.0,Casual,AND by Anita Dongre Women Black Dress
32581,Women,Apparel,Dress,Dresses,Pink,Summer,2012.0,Casual,ONLY Women Pink Dotted Print Dress
44688,Women,Apparel,Dress,Dresses,Off White,Summer,2012.0,Casual,Wills Lifestyle Women Off White Dress
48471,Women,Apparel,Dress,Dresses,Purple,Summer,2012.0,Casual,French Connection Purple Dress
54972,Women,Apparel,Dress,Dresses,Green,Fall,2012.0,Casual,Femella Women Green & Black Dress
8485,Women,Apparel,Dress,Dresses,Black,Fall,2011.0,Casual,Forever New Women Porcelain Black Dress
38839,Women,Apparel,Dress,Dresses,Olive,Summer,2012.0,Casual,Latin Quarters Women Black Printed Dress
57057,Women,Apparel,Dress,Dresses,Red,Summer,2012.0,Casual,Elle Women Red A-Line Dress
25908,Women,Apparel,Dress,Dresses,Red,Summer,2012.0,Casual,Femella Women Red Dress
23051,Women,Apparel,Dress,Dresses,Navy Blue,Fall,2011.0,Casual,Arrow Woman Navy Blue Printed Dress
46271,Women,Apparel,Dress,Dresses,Blue,Summer,2012.0,Casual,109F Blue A-Line Dress
39232,Women,Apparel,Dress,Dresses,Blue,Summer,2012.0,Casual,Femella Women Blue Polka Bow Dress Dress
48470,Women,Apparel,Dress,Dresses,Teal,Summer,2012.0,Casual,French Connection Teal Dress
48475,Women,Apparel,Dress,Dresses,Black,Winter,2011.0,Casual,French Connection Women Black Printed Dress
4984,Women,Apparel,Dress,Dresses,White,Summer,2011.0,Casual,Palm Tree Girls Beyonce White & Blue Dress
4992,Women,Apparel,Dress,Dresses,Yellow,Summer,2011.0,Casual,Gini and Jony Girl's Sara White Yellow Polka Dot Kidswear
10365,Women,Apparel,Dress,Dresses,Black,Fall,2011.0,Casual,United Colors of Benetton Women Short Black Dresses
6885,Women,Apparel,Dress,Dresses,White,Summer,2011.0,Casual,Forever New Women Dye Crochet White Dress
37198,Women,Apparel,Dress,Dresses,Red,Summer,2012.0,Casual,United Colors of Benetton Women Check Red Dress
38830,Women,Apparel,Dress,Dresses,Navy Blue,Summer,2012.0,Casual,Latin Quarters Women Navy Blue Printed Dress
59970,Women,Apparel,Dress,Dresses,Black,Fall,2012.0,Casual,Avirate Mushroom Brown Dress
27219,Women,Apparel,Dress,Dresses,Lavender,Summer,2012.0,Casual,Doodle Kids Girl Printed Lavender Dress
6872,Women,Apparel,Dress,Dresses,Black,Summer,2011.0,Casual,Forever New Women's Lacy Black Dress
18754,Women,Apparel,Dress,Dresses,Pink,Fall,2011.0,Casual,Arrow Woman Kaya Pink Dress
39235,Women,Apparel,Dress,Dresses,Brown,Summer,2012.0,Casual,Femella Women Peach Crepe Front Zipper Dress Dress
13290,Women,Apparel,Dress,Dresses,Pink,Fall,2011.0,Casual,Gini and Jony Kids Girls Solid Pink Dresses
38842,Women,Apparel,Dress,Dresses,Purple,Fall,2012.0,Casual,Latin Quarters Women Purple Dress
4934,Women,Apparel,Dress,Dresses,Peach,Summer,2011.0,Casual,Gini and Jony Girl's Valerie Peach White Infant Kidswear
44694,Women,Apparel,Dress,Dresses,White,Summer,2012.0,Casual,Wills Lifestyle Women Multi Coloured Dress
4933,Women,Apparel,Dress,Dresses,Peach,Summer,2011.0,Casual,Gini and Jony Girl's Valerie Peach White Kidswear
18758,Women,Apparel,Dress,Dresses,Black,Fall,2011.0,Casual,Arrow Woman Bling Black Dress
43509,Women,Apparel,Dress,Dresses,Grey Melange,Summer,2012.0,Casual,French Connection Women Grey Melange Dress
49631,Women,Apparel,Dress,Dresses,Cream,Summer,2012.0,Casual,Mineral Cream Dress
4932,Women,Apparel,Dress,Dresses,Blue,Summer,2011.0,Casual,Gini and Jony Girl's Valerie Blue White Infant Kidswear
48085,Women,Apparel,Dress,Dresses,Purple,Summer,2012.0,Casual,French Connection Women Purple Dress
59895,Women,Apparel,Dress,Dresses,Orange,Fall,2012.0,Casual,Femella Women Orange Dress
59990,Women,Apparel,Dress,Dresses,Pink,Fall,2012.0,Casual,Avirate Pink Dress
39233,Women,Apparel,Dress,Dresses,Blue,Summer,2012.0,Casual,Femella Women Blue GGT Pannel Princess Dress
49633,Women,Apparel,Dress,Dresses,Red,Summer,2012.0,Casual,Mineral Coral Dress
33970,Women,Apparel,Dress,Dresses,Navy Blue,Summer,2012.0,Casual,Femella Women Navy Blue Dress
38844,Women,Apparel,Dress,Dresses,Black,Summer,2012.0,Casual,Latin Quarters Women Black & White Printed Dress
37937,Women,Apparel,Dress,Dresses,Purple,Summer,2012.0,Casual,Mineral Women Purple Dress
5008,Women,Apparel,Dress,Dresses,Blue,Summer,2011.0,Casual,Gini and Jony Girl's Salome Blue Kidswear
57988,Women,Apparel,Dress,Dresses,Orange,Fall,2012.0,Casual,Latin Quarters Women Orange Dress
34588,Women,Apparel,Dress,Dresses,Cream,Summer,2012.0,Casual,Tonga Women Cream Dress
20637,Women,Apparel,Dress,Dresses,Grey,Fall,2011.0,Casual,AND Women Solid Grey and Black Dress
58510,Women,Apparel,Dress,Dresses,White,Fall,2012.0,Casual,Tonga White & Black Animal Print Dress
43681,Women,Apparel,Dress,Dresses,Blue,Summer,2012.0,Casual,French Connection Women Printed Blue Dress
4988,Women,Apparel,Dress,Dresses,White,Summer,2011.0,Casual,Gini and Jony Girl's Vanya White Polka Dot Kidswear
34600,Women,Apparel,Dress,Dresses,Pink,Summer,2012.0,Casual,Tonga Women Pink Dress
54971,Women,Apparel,Dress,Dresses,Grey,Summer,2012.0,Casual,Femella Women Grey Dress
33199,Women,Apparel,Dress,Dresses,Red,Summer,2012.0,Casual,Sepia Women Printed Red Dress
57049,Women,Apparel,Dress,Dresses,Black,Summer,2012.0,Casual,Elle Women Black A-Line Dress
43627,Women,Apparel,Dress,Dresses,Green,Summer,2012.0,Casual,Vero Moda Green Printed Shift Dress
38838,Women,Apparel,Dress,Dresses,Pink,Fall,2012.0,Casual,Latin Quarters Women Pink & Black Printed Dress
43634,Women,Apparel,Dress,Dresses,Beige,Summer,2012.0,Casual,Vero Moda Women Beige Dress
47655,Women,Apparel,Dress,Dresses,Grey,Summer,2012.0,Casual,Femella Women Grey Polka Dotted Dress
49647,Women,Apparel,Dress,Dresses,Blue,Summer,2012.0,Casual,Mineral Blue & Green Printed Dress
38843,Women,Apparel,Dress,Dresses,Navy Blue,Summer,2012.0,Casual,Latin Quarters Women Zip Piping Navy Blue Dress
42209,Women,Apparel,Dress,Dresses,Purple,Summer,2012.0,Casual,Sepia Women Purple Dress
39217,Women,Apparel,Dress,Dresses,Red,Summer,2012.0,Casual,Femella Women Floral Red Dress
33203,Women,Apparel,Dress,Dresses,Beige,Summer,2012.0,Casual,Sepia Women Beige Dress
59996,Women,Apparel,Dress,Dresses,Purple,Summer,2014.0,Casual,Avirate Black & Purple Dress
43646,Women,Apparel,Dress,Dresses,Blue,Summer,2012.0,Casual,ONLY Women Blue Dress
38847,Women,Apparel,Dress,Dresses,White,Summer,2012.0,Casual,Latin Quarters Women White & Blue Printed Dress
26355,Women,Apparel,Dress,Dresses,Purple,Summer,2012.0,Casual,Arrow Woman Printed Purple Dress
54980,Women,Apparel,Dress,Dresses,Grey,Summer,2012.0,Casual,Femella Women Grey & Coral Dress
23050,Women,Apparel,Dress,Dresses,Multi,Fall,2011.0,Casual,Arrow Woman Multi Coloured Floral Dress
41786,Women,Apparel,Dress,Dresses,Black,Summer,2012.0,Casual,Remanika Women Black Dress
34585,Women,Apparel,Dress,Dresses,Green,Summer,2012.0,Casual,Tonga Women Green Dress
13472,Women,Apparel,Dress,Dresses,White,Summer,2011.0,Casual,United Colors of Benetton Women Solid White Dress
8481,Women,Apparel,Dress,Dresses,Peach,Fall,2011.0,Casual,Forever New Women Peach Dress
54990,Women,Apparel,Dress,Dresses,Purple,Summer,2012.0,Casual,Femella Women Black & Purple Dress
39723,Women,Apparel,Dress,Dresses,Green,Summer,2012.0,Casual,Arrow Woman Aqua Green Dress
43667,Women,Apparel,Dress,Dresses,Purple,Summer,2012.0,Casual,ONLY Women Purple Dress
59908,Women,Apparel,Dress,Dresses,Peach,Fall,2012.0,Casual,Femella Women Peach Dress
32582,Women,Apparel,Dress,Dresses,Yellow,Summer,2012.0,Casual,ONLY Women Yellow Dotted Print Dress
6868,Women,Apparel,Dress,Dresses,Black,Summer,2011.0,Casual,Forever New Women's Waterfall Sleeve Shift Black Dress
12830,Women,Apparel,Dress,Dresses,Green,Fall,2011.0,Casual,Ant Kids Peaceful Day Green Dresses
47661,Women,Apparel,Dress,Dresses,White,Summer,2012.0,Casual,Femella Women White Heart Print Dress
59811,Women,Apparel,Dress,Dresses,Beige,Fall,2012.0,Casual,United Colors of Benetton Women Beige Printed Dress
43302,Women,Apparel,Dress,Dresses,Purple,Summer,2012.0,Casual,United Colors of Benetton Women Purple Dress
48486,Women,Apparel,Dress,Dresses,Green,Winter,2011.0,Casual,French Connection Women Green Dress
41140,Women,Apparel,Dress,Dresses,White,Summer,2012.0,Casual,Allen Solly Woman White Dress
34069,Women,Footwear,Shoes,Flats,Black,Fall,2012.0,Formal,Clarks Women Black Leather Flat Shoes
34074,Women,Footwear,Shoes,Flats,Silver,Fall,2012.0,Casual,Clarks Women Arizona Heat Leather Silver Shoes
49577,Women,Footwear,Shoes,Flats,Pink,Winter,2015.0,Casual,Catwalk Women Pink Shoes
26177,Women,Footwear,Shoes,Flats,Silver,Winter,2012.0,Casual,Rocia Women Silver Casual Sandals
18552,Women,Footwear,Shoes,Flats,Black,Winter,2015.0,Casual,Catwalk Women Black Shoe
26184,Women,Footwear,Shoes,Flats,Brown,Winter,2012.0,Casual,Rocia Women Brown Casual Sandals
13542,Women,Footwear,Shoes,Flats,Brown,Fall,2011.0,Casual,Carlton London Women Casual Brown Sandals
47450,Women,Footwear,Shoes,Flats,Black,Summer,2012.0,Casual,Tiptopp Women Black Sandals
13473,Women,Footwear,Shoes,Flats,White,Winter,2012.0,Casual,Rocia Women White Heels
56964,Women,Footwear,Shoes,Flats,Black,Winter,2012.0,Casual,HM Women Black Sandals
45409,Women,Footwear,Shoes,Flats,Black,Winter,2012.0,Casual,Rocia Women Black & Brown Sandals
19033,Women,Footwear,Shoes,Flats,Tan,Winter,2015.0,Casual,Catwalk Women Mary Jane Tan Casual Shoes
45806,Women,Footwear,Shoes,Flats,Brown,Summer,2012.0,Casual,Senorita Women Brown Sandals
4658,Women,Footwear,Shoes,Flats,Grey,Summer,2011.0,Casual,ADIDAS Women Libria Grey & Blue Flats
42697,Women,Footwear,Shoes,Flats,Gold,Winter,2012.0,Casual,Rocia Women Gold Sandals
18549,Women,Footwear,Shoes,Flats,Purple,Winter,2015.0,Casual,Catwalk Women  Purple Casual Shoes
57006,Women,Footwear,Shoes,Flats,Gold,Winter,2012.0,Ethnic,HM Women Golden Sandals
3576,Women,Footwear,Shoes,Flats,Grey,Summer,2011.0,Casual,ADIDAS Women Grey Sports Sandal
13481,Women,Footwear,Shoes,Flats,Black,Fall,2011.0,Casual,Rocia Women Black Flats
32836,Women,Footwear,Shoes,Flats,Pink,Winter,2012.0,Casual,Grendha Women Flori Pink Sandals
47542,Women,Footwear,Shoes,Flats,Grey,Winter,2014.0,Casual,Portia Women Grey Flats
16998,Women,Footwear,Shoes,Flats,Beige,Winter,2012.0,Casual,Rocia Women Beige Flats
6825,Women,Footwear,Shoes,Flats,Grey,Fall,2012.0,Casual,Timberland Women Nekkol Grey Sports Sandals
47545,Women,Footwear,Shoes,Flats,Maroon,Winter,2012.0,Casual,Portia Women Maroon & Silver Flats
45382,Women,Footwear,Shoes,Flats,Black,Winter,2012.0,Casual,Rocia Women Black Sandals
50174,Women,Footwear,Shoes,Flats,Purple,Winter,2012.0,Casual,Rocia Women Multi- Coloured Shoes
47475,Women,Footwear,Shoes,Flats,Black,Summer,2012.0,Casual,Tiptopp Women Black Flats
42700,Women,Footwear,Shoes,Flats,Bronze,Spring,2013.0,Casual,Rocia Women Bronze Sandal
19901,Women,Footwear,Shoes,Flats,Red,Fall,2011.0,Casual,Lotto Women Virtue Red Sandal
18541,Women,Footwear,Shoes,Flats,Red,Winter,2015.0,Casual,Catwalk Women  Red Casual Shoe
42705,Women,Footwear,Shoes,Flats,Brown,Winter,2012.0,Casual,Rocia Women Brown Sandals
26175,Women,Footwear,Shoes,Flats,Black,Winter,2012.0,Casual,Rocia Women Black Casual Sandals
6391,Women,Footwear,Shoes,Flats,Grey,Summer,2011.0,Casual,Lotto Women Sofia Pink Black Floater
45399,Women,Footwear,Shoes,Flats,Yellow,Winter,2012.0,Casual,Rocia Women Yellow Sandals
2618,Women,Footwear,Shoes,Flats,Silver,Spring,2010.0,Casual,Carlton London Women Silver Wedge Sandal
57012,Women,Footwear,Shoes,Flats,Maroon,Winter,2012.0,Casual,HM Women Maroon Flats
59388,Women,Footwear,Shoes,Flats,Black,Summer,2012.0,Casual,Gliders Women Black Sandals
51245,Women,Footwear,Shoes,Flats,Purple,Winter,2013.0,Casual,Clarks Women Purple & Brown Surf Legend Sandals
55648,Women,Footwear,Shoes,Flats,Blue,Winter,2015.0,Casual,Catwalk Women Blue Flats
13479,Women,Footwear,Shoes,Flats,White,Fall,2011.0,Casual,Rocia Women White Flats
17005,Women,Footwear,Shoes,Flats,Black,Winter,2012.0,Casual,Rocia Women Black Heels
13640,Women,Footwear,Shoes,Flats,Purple,Winter,2012.0,Casual,Carlton London Women Purple Flat Shoes
26680,Women,Footwear,Shoes,Flats,Black,Summer,2012.0,Casual,Puma Women Cross Black Flats
59051,Women,Footwear,Shoes,Flats,Black,Winter,2012.0,Casual,Carlton London Women Black & Gold Toned Flats
53137,Women,Footwear,Shoes,Flats,Brown,Winter,2015.0,Casual,Catwalk Women Brown Sandals
47619,Women,Footwear,Shoes,Flats,Red,Fall,2014.0,Casual,Portia Women Yellow & Red Flats
42727,Women,Footwear,Shoes,Flats,Black,Winter,2012.0,Casual,Rocia Women Black & Beige Sandals
20777,Women,Footwear,Shoes,Flats,Gold,Fall,2011.0,Casual,Carlton London Women Classy Gold Sandals
56998,Women,Footwear,Shoes,Flats,White,Winter,2012.0,Casual,HM Women White Sandals
53134,Women,Footwear,Shoes,Flats,Brown,Winter,2015.0,Casual,Catwalk Women Brown & Olive Green Flats
59040,Women,Footwear,Shoes,Flats,Red,Winter,2012.0,Casual,Carlton London Women Red Flats
15488,Women,Footwear,Shoes,Flats,Tan,Winter,2012.0,Casual,Carlton London Women Tan Brown Boots
33537,Women,Footwear,Shoes,Flats,Brown,Summer,2016.0,Casual,Cobblerz Women Brown Ballerinas
43367,Women,Footwear,Shoes,Flats,Black,Summer,2012.0,Casual,Reebok Women Black Casual Shoes
19030,Women,Footwear,Shoes,Flats,Black,Winter,2015.0,Casual,Catwalk Women Black Shoes
45395,Women,Footwear,Shoes,Flats,Black,Winter,2012.0,Casual,Rocia Women Black & Red Sandals
10270,Women,Footwear,Shoes,Flats,Silver,Fall,2012.0,Casual,Clarks Women Shona Fringe Leather Silver Flats
13545,Women,Footwear,Shoes,Flats,Black,Fall,2011.0,Casual,Carlton London Women Casual Black Sandals
35785,Women,Footwear,Shoes,Flats,Orange,Summer,2012.0,Casual,Enroute Women Coral Shoes
2609,Women,Footwear,Shoes,Flats,Silver,Fall,2010.0,Casual,Carlton London Women Contemporary Silver Sandal
39190,Women,Footwear,Shoes,Flats,Blue,Winter,2015.0,Casual,Catwalk Women Green & Blue Sandals
37972,Women,Footwear,Shoes,Flats,Black,Fall,2012.0,Casual,Clarks Women Henderson Fun Leather Black Shoes
23799,Women,Footwear,Shoes,Flats,Black,Fall,2012.0,Casual,Clarks Women Black Arizona Ballerinas
57011,Women,Footwear,Shoes,Flats,Green,Winter,2012.0,Casual,HM Women Green Flats
42693,Women,Footwear,Shoes,Flats,Black,Winter,2012.0,Casual,Rocia Women Black & Silver Sandals
3136,Women,Footwear,Shoes,Flats,Black,Winter,2015.0,Casual,Catwalk Women Black Flats
20765,Women,Footwear,Shoes,Flats,Silver,Fall,2011.0,Casual,Carlton London Women Classy Silver Sandals
56993,Women,Footwear,Shoes,Flats,Brown,Winter,2012.0,Casual,HM Women Brown Shoes
14376,Women,Footwear,Shoes,Flats,Black,Winter,2015.0,Casual,Catwalk Women Black Ballerinas
16996,Women,Footwear,Shoes,Flats,Brown,Winter,2012.0,Casual,Rocia Women Casual Brown Flats
14457,Women,Footwear,Shoes,Flats,Black,Summer,2012.0,Casual,Enroute Women Black Ballerinas
32848,Women,Footwear,Shoes,Flats,Pink,Winter,2012.0,Casual,Grendha Women Romance Pink Flats
47544,Women,Footwear,Shoes,Flats,Black,Winter,2012.0,Casual,Portia Women Black Flats
13558,Women,Footwear,Shoes,Flats,Navy Blue,Winter,2012.0,Casual,Carlton London Women Navy Blue Flat Shoes
47529,Women,Footwear,Shoes,Flats,Gold,Winter,2012.0,Casual,Portia Women Navy & Gold-Toned Sandals
45796,Women,Footwear,Shoes,Flats,Green,Fall,2012.0,Casual,Senorita Women Green Sandals
2630,Women,Footwear,Shoes,Flats,Red,Fall,2010.0,Casual,Carlton London Women Four Strapped Red Sandal
25522,Women,Footwear,Shoes,Flats,Gold,Summer,2011.0,Casual,Clarks Women Metallic Arizona Ballerinas
6912,Women,Footwear,Shoes,Flats,Black,Fall,2012.0,Casual,Timberland Women Nekkol Convertable Black Sports Sandals
25016,Women,Footwear,Shoes,Flats,Beige,Fall,2011.0,Casual,United Colors of Benetton Women Beige Ballerinas
58488,Women,Footwear,Shoes,Flats,Black,Fall,2012.0,Casual,Senorita Women Black Heels
24107,Men,Footwear,Flip Flops,Flip Flops,Red,Fall,2012.0,Casual,Playboy Men Red Flip Flops
12980,Men,Footwear,Flip Flops,Flip Flops,Brown,Fall,2011.0,Casual,ADIDAS Mens Calo Lea M Brown Flip Flops
5627,Men,Footwear,Flip Flops,Flip Flops,Blue,Summer,2011.0,Casual,ADIDAS Men's Adi Jumble Blue Flip Flop
40783,Men,Footwear,Flip Flops,Flip Flops,Black,Summer,2012.0,Casual,Quiksilver Men Black Flip Flops
25449,Women,Footwear,Flip Flops,Flip Flops,Green,Summer,2012.0,Casual,Nike Women Snapper Thong Flip Flop
10762,Unisex,Footwear,Flip Flops,Flip Flops,Yellow,Winter,2012.0,Casual,Disney Unisex Kids Basic Yellow Flip Flops
59017,Men,Footwear,Flip Flops,Flip Flops,Black,Summer,2012.0,Casual,Skechers Men Black Flip Flops
21202,Men,Footwear,Flip Flops,Flip Flops,Multi,Summer,2012.0,Casual,Quiksilver Men Multi Milokai Print Flip Flops
3621,Men,Footwear,Flip Flops,Flip Flops,Black,Summer,2011.0,Casual,Puma Men's Neon Cat Black Flip Flop
35666,Men,Footwear,Flip Flops,Flip Flops,Blue,Summer,2013.0,Casual,U.S. Polo Assn. Men Blue Flip Flops
44215,Women,Footwear,Flip Flops,Flip Flops,Red,Winter,2012.0,Casual,iPanema Women Red Flip Flops
21177,Men,Footwear,Flip Flops,Flip Flops,Red,Summer,2011.0,Casual,ADIDAS Men Distorted Red Flip Flops
44216,Women,Footwear,Flip Flops,Flip Flops,White,Winter,2012.0,Casual,iPanema Women White Flip Flops
41227,Men,Footwear,Flip Flops,Flip Flops,Blue,Fall,2012.0,Casual,Lotto Men Blue & White Flip Flops
49820,Women,Footwear,Flip Flops,Flip Flops,Blue,Winter,2012.0,Casual,iPanema Women Blue Flip Flops
35665,Men,Footwear,Flip Flops,Flip Flops,White,Summer,2013.0,Casual,U.S. Polo Assn. Men White Flip Flops
42997,Men,Footwear,Flip Flops,Flip Flops,Purple,Summer,2012.0,Casual,Nike Men Purple Solarsoft Thong Flip Flops
17835,Women,Footwear,Flip Flops,Flip Flops,Purple,Fall,2011.0,Casual,Nike Women Solarsoft Thong Purple Slipper
40782,Men,Footwear,Flip Flops,Flip Flops,Multi,Summer,2012.0,Casual,Quiksilver Men Multi Coloured Flip Flops
10765,Unisex,Footwear,Flip Flops,Flip Flops,Navy Blue,Winter,2012.0,Casual,Disney Unisex Kids Basic Navy Blue Flip Flops
9221,Women,Footwear,Flip Flops,Flip Flops,Black,Fall,2011.0,Casual,Puma Women Coral Black Casual Slippers
20946,Men,Footwear,Flip Flops,Flip Flops,Blue,Fall,2011.0,Casual,ADIDAS Men Checks Blue Flip Flops
15877,Unisex,Footwear,Flip Flops,Flip Flops,Blue,Fall,2011.0,Casual,Warner Bros Kids Unisex TJ Big Face Blue Slippers
17650,Unisex,Footwear,Flip Flops,Flip Flops,Black,Summer,2012.0,Casual,Converse Unisex Casual Black Slipper
15521,Men,Footwear,Flip Flops,Flip Flops,Black,Fall,2011.0,Casual,Rockport Men Jelbalp Black Flip Flops
3630,Men,Footwear,Flip Flops,Flip Flops,Black,Summer,2011.0,Casual,Puma Men's Webster Black Flip Flop
19928,Men,Footwear,Flip Flops,Flip Flops,Yellow,Fall,2011.0,Casual,ADIDAS Men Adi Wind Yellow Flip Flops
24470,Men,Footwear,Flip Flops,Flip Flops,Orange,Fall,2011.0,Casual,ADIDAS Men Orange Adi Mesh Flip Flops
6459,Women,Footwear,Flip Flops,Flip Flops,Blue,Summer,2011.0,Casual,Lotto Women's Juicy Blue Flip Flop
17969,Men,Footwear,Flip Flops,Flip Flops,Black,Fall,2011.0,Casual,Puma Men Surf Black Slipper
44734,Women,Footwear,Flip Flops,Flip Flops,Pink,Spring,2013.0,Casual,Globalite Women White & Pink Flip Flops
16236,Unisex,Footwear,Flip Flops,Flip Flops,Navy Blue,Fall,2011.0,Casual,Crocs Crocband Flip Unisex Navy Blue Slipper
44205,Women,Footwear,Flip Flops,Flip Flops,Green,Winter,2012.0,Casual,iPanema Women Green Flip Flops
32818,Women,Footwear,Flip Flops,Flip Flops,Grey,Winter,2012.0,Casual,iPanema Women Temas Grey Flip Flops
32814,Women,Footwear,Flip Flops,Flip Flops,Cream,Winter,2012.0,Casual,iPanema Women Temas Cream Flip Flops
44732,Women,Footwear,Flip Flops,Flip Flops,Purple,Summer,2012.0,Casual,Globalite Women Amada Purple Flip Flops
3830,Unisex,Footwear,Flip Flops,Flip Flops,Black,Summer,2011.0,Casual,Crocs Kids Crocband Black Sandals
6739,Unisex,Footwear,Flip Flops,Flip Flops,Brown,Summer,2011.0,Casual,Nike Unisex Solarsoft Thong Brown Flip Flop
21184,Men,Footwear,Flip Flops,Flip Flops,Black,Spring,2012.0,Casual,ADIDAS Men Star Story Black Flip Flops
49829,Women,Footwear,Flip Flops,Flip Flops,Black,Winter,2012.0,Casual,iPanema Women Black Flip Flops
16979,Men,Footwear,Flip Flops,Flip Flops,Black,Fall,2011.0,Casual,Puma Men Tango Black Flip Flops
45049,Men,Footwear,Flip Flops,Flip Flops,Red,Fall,2012.0,Casual,Playboy Men Red and Black Flip Flop
21181,Men,Footwear,Flip Flops,Flip Flops,Yellow,Summer,2011.0,Casual,ADIDAS Men Adi Stars Tread Yellow Flip Flops
5475,Men,Footwear,Flip Flops,Flip Flops,Brown,Winter,2012.0,Casual,Nike Men Celso City Thong Brown Flip Flops
53883,Men,Footwear,Flip Flops,Flip Flops,Red,Summer,2012.0,Casual,U.S. Polo Assn. Men Red Flip Flops
24178,Men,Footwear,Flip Flops,Flip Flops,Black,Fall,2011.0,Casual,Converse Men Arrow  Black Flip Flops
9036,Men,Footwear,Shoes,Formal Shoes,Black,Winter,2011.0,Formal,Buckaroo Men Flores Black Formal Shoes
10268,Men,Footwear,Shoes,Formal Shoes,Black,Fall,2012.0,Formal,Clarks Men Hang Work Leather Black Formal Shoes
59435,Men,Footwear,Shoes,Formal Shoes,Black,Summer,2012.0,Formal,Arrow Men Black Formal Shoes
23247,Men,Footwear,Shoes,Formal Shoes,Black,Fall,2011.0,Formal,Arrow Men Formal Black Shoe
10633,Men,Footwear,Shoes,Formal Shoes,Brown,Fall,2011.0,Formal,Carlton London Men Formal Brown Formal Shoes
16154,Men,Footwear,Shoes,Formal Shoes,Black,Fall,2011.0,Formal,Enroute Men Leather Black Formal Shoes
7399,Men,Footwear,Shoes,Formal Shoes,Black,Winter,2018.0,Formal,Red Tape Men's Black Formal Shoe
50746,Men,Footwear,Shoes,Formal Shoes,Black,Winter,2018.0,Formal,Red Chief Men Black Formal Shoes
22154,Men,Footwear,Shoes,Formal Shoes,Black,Fall,2011.0,Formal,Lee Cooper Men Black Formal Shoes
45604,Men,Footwear,Shoes,Formal Shoes,Brown,Summer,2012.0,Formal,Arrow Men Brown Formal Shoes
10634,Men,Footwear,Shoes,Formal Shoes,Black,Winter,2012.0,Formal,Carlton London Men Black Oxford Wingtip Brogues
44941,Men,Footwear,Shoes,Formal Shoes,Black,Summer,2013.0,Formal,Franco Leone Men Formal Shoes
23249,Men,Footwear,Shoes,Formal Shoes,Black,Fall,2011.0,Formal,Arrow Men Formal Black Shoes
47191,Men,Footwear,Shoes,Formal Shoes,Black,Summer,2012.0,Formal,Franco Leone Men Black Formal Shoes
5291,Men,Footwear,Shoes,Formal Shoes,Black,Summer,2011.0,Formal,Lee Cooper Men Black Semi Formal Shoe
9038,Men,Footwear,Shoes,Formal Shoes,Brown,Winter,2011.0,Formal,Buckaroo Men Medina Brown Formal Shoes
50777,Men,Footwear,Shoes,Formal Shoes,Brown,Summer,2013.0,Formal,Clarks Men Dino Limit Brown Formal Shoes
7363,Men,Footwear,Shoes,Formal Shoes,Black,Winter,2018.0,Formal,Red Tape Men Black Semi Formal Shoes
22131,Men,Footwear,Shoes,Formal Shoes,Black,Fall,2011.0,Formal,Provogue Men Black Formal Shoes
9430,Men,Footwear,Shoes,Formal Shoes,Black,Fall,2011.0,Formal,Lee Cooper Men Nnado Black Formal Shoes
20833,Men,Footwear,Shoes,Formal Shoes,Black,Fall,2012.0,Formal,Clarks Men Black Formal Shoes
11922,Men,Footwear,Shoes,Formal Shoes,Black,Summer,2012.0,Formal,Franco Leone Men Formal Black Formal Shoes
2642,Men,Footwear,Shoes,Formal Shoes,Black,Fall,2010.0,Formal,Carlton London Men Semi Formal Black Shoe
22136,Men,Footwear,Shoes,Formal Shoes,Black,Fall,2012.0,Formal,Provouge Men Black Formal Shoes
57950,Men,Footwear,Shoes,Formal Shoes,Brown,Spring,2012.0,Formal,Clarks Men Brown Formal Shoes
17822,Men,Footwear,Shoes,Formal Shoes,Black,Fall,2011.0,Formal,Lee Cooper Men  Black Formal Shoe
22138,Men,Footwear,Shoes,Formal Shoes,Black,Summer,2011.0,Formal,Provouge Men Black Classic Formal Shoe
2826,Men,Footwear,Shoes,Formal Shoes,Brown,Summer,2012.0,Formal,Lee Cooper Men Leather Semi Formal Brown Shoe
16163,Men,Footwear,Shoes,Formal Shoes,Tan,Fall,2011.0,Formal,Enroute Men Leather Tan Formal Shoes
10294,Men,Footwear,Shoes,Formal Shoes,Brown,Fall,2012.0,Formal,Clarks Men Feeling Good Leather Brown Formal Shoes
23248,Men,Footwear,Shoes,Formal Shoes,Brown,Fall,2011.0,Formal,Arrow Men Formal Brown Shoe
44940,Men,Footwear,Shoes,Formal Shoes,Brown,Summer,2013.0,Formal,Franco Leone Men Brown Makhani Formal Shoes
5290,Men,Footwear,Shoes,Formal Shoes,Black,Summer,2011.0,Formal,Lee Cooper Men Black Shoe
9039,Men,Footwear,Shoes,Formal Shoes,Black,Winter,2011.0,Formal,Buckaroo Men Victor Black Formal Shoes
7391,Men,Footwear,Shoes,Formal Shoes,Black,Winter,2018.0,Formal,Red Tape Men's Black Slip-On Formal Shoe
47190,Men,Footwear,Shoes,Formal Shoes,Brown,Summer,2012.0,Formal,Franco Leone Men Brown Shoes
4179,Men,Footwear,Shoes,Formal Shoes,Black,Summer,2011.0,Formal,Rockport Men's Tyson Black Shoe
47199,Men,Footwear,Shoes,Formal Shoes,Brown,Summer,2012.0,Formal,Franco Leone Men Dark Brown Formal Shoes
33685,Men,Footwear,Shoes,Formal Shoes,Black,Summer,2012.0,Formal,Cobblerz Men Black Formal Shoes
16152,Men,Footwear,Shoes,Formal Shoes,Brown,Fall,2011.0,Formal,Enroute Men Leather Brown Formal Shoes
9037,Men,Footwear,Shoes,Formal Shoes,Black,Winter,2011.0,Formal,Buckaroo Men Medina Black Formal Shoes
30261,Men,Footwear,Shoes,Formal Shoes,Brown,Winter,2018.0,Formal,Red Tape Men Brown Formal Shoes
2827,Men,Footwear,Shoes,Formal Shoes,Black,Winter,2015.0,Formal,Lee Cooper Men's Formal Simpleton Black Shoe
6483,Men,Footwear,Shoes,Formal Shoes,Black,Winter,2018.0,Formal,Red Tape Men's Formal Lace Black Shoe
7331,Men,Footwear,Shoes,Formal Shoes,Brown,Winter,2018.0,Formal,Red Tape Men's Formal Light Brown Shoe
22137,Men,Footwear,Shoes,Formal Shoes,Brown,Fall,2012.0,Formal,Provogue Men Brown Formal Shoes
17481,Men,Footwear,Shoes,Formal Shoes,Black,Fall,2011.0,Formal,Enroute Men Formal Black Formal Shoe
11923,Men,Footwear,Shoes,Formal Shoes,Brown,Summer,2011.0,Formal,Franco Leone Men Formal Brown Formal Shoes
19372,Men,Footwear,Shoes,Formal Shoes,Brown,Winter,2018.0,Formal,Redtape Men Brown Formal Shoes
7881,Men,Footwear,Shoes,Formal Shoes,Black,Summer,2011.0,Formal,Provogue Men's Formal Black Shoe
12876,Men,Footwear,Shoes,Formal Shoes,Black,Fall,2012.0,Formal,Provogue Men Formal Black Formal Shoes
7244,Men,Footwear,Shoes,Formal Shoes,Black,Fall,2011.0,Formal,Rockport Men's Allander Black Shoe
35491,Men,Footwear,Shoes,Formal Shoes,Brown,Summer,2012.0,Formal,Bata Men Mocassino Brown Formal Shoes
12871,Men,Footwear,Shoes,Formal Shoes,Black,Spring,2012.0,Formal,Lee Cooper Men Formal Black Shoes
7243,Men,Footwear,Shoes,Formal Shoes,Brown,Fall,2011.0,Formal,Rockport Men's Alfrew Brown Shoe
15065,Men,Footwear,Shoes,Formal Shoes,Brown,Summer,2012.0,Formal,Franco Leone Men Brown Formal Shoe
35650,Men,Footwear,Shoes,Formal Shoes,Black,Summer,2012.0,Formal,U.S. Polo Assn. Men Black Formal Shoes
35234,Men,Footwear,Shoes,Formal Shoes,Brown,Fall,2012.0,Formal,Fortune Men Brown Formal Shoes
47279,Men,Footwear,Shoes,Formal Shoes,Brown,Summer,2013.0,Formal,Franco Leone Men Brown Formal Shoes
6505,Men,Footwear,Shoes,Formal Shoes,Black,Winter,2018.0,Formal,Red Tape Men's Black Shoe
10145,Men,Footwear,Shoes,Formal Shoes,Brown,Fall,2011.0,Formal,Rockport Men Drsp Wingtip Brown Formal Shoes
15054,Men,Footwear,Shoes,Formal Shoes,Black,Summer,2013.0,Formal,Franco Leone Men Black Formal Shoe
6502,Men,Footwear,Shoes,Formal Shoes,Black,Winter,2018.0,Formal,Red Tape Men Black Formal Shoes
35407,Men,Footwear,Shoes,Formal Shoes,Black,Summer,2013.0,Formal,Enroute Men Black Formal Shoes
12473,Men,Footwear,Shoes,Formal Shoes,Black,Summer,2013.0,Formal,Clarks Men Leather Black Formal Shoes
12487,Men,Footwear,Shoes,Formal Shoes,Brown,Fall,2012.0,Formal,Clarks Men Leather Brown Formal Shoes
33360,Men,Footwear,Shoes,Formal Shoes,Black,Summer,2012.0,Formal,Homme Men Black Semi Formal Shoes
7226,Men,Footwear,Shoes,Formal Shoes,Brown,Fall,2011.0,Formal,Rockport Men's Trinchero Drak Brown Shoe
10129,Men,Footwear,Shoes,Formal Shoes,Brown,Fall,2011.0,Formal,Rockport Men Jefford Brown Formal Shoes
8063,Men,Footwear,Shoes,Formal Shoes,Black,Winter,2018.0,Formal,Red Tape Men's Formal Leather Black Shoe
7219,Men,Footwear,Shoes,Formal Shoes,Black,Fall,2011.0,Formal,Rockport Men's Mubleno Black Shoe
7221,Men,Footwear,Shoes,Formal Shoes,Black,Fall,2011.0,Formal,Rockport Men Schemerhorn Black Shoe
33703,Men,Footwear,Shoes,Formal Shoes,Brown,Winter,2012.0,Smart Casual,Cobblerz Men Brown Casual Shoes
12480,Men,Footwear,Shoes,Formal Shoes,Black,Fall,2012.0,Formal,Clarks Men Black Leather Formal Shoes
33358,Men,Footwear,Shoes,Formal Shoes,Brown,Summer,2012.0,Formal,Homme Men Brown Semi Formal Shoes
33351,Men,Footwear,Shoes,Formal Shoes,Black,Summer,2012.0,Formal,Homme Men Black Formal Shoes
5316,Men,Footwear,Shoes,Formal Shoes,Brown,Winter,2018.0,Formal,Red Tape Men's Brown Formal Shoe
7217,Men,Footwear,Shoes,Formal Shoes,Black,Fall,2011.0,Formal,Rockport Men Carnforth Soft Black Shoe
7228,Men,Footwear,Shoes,Formal Shoes,Black,Fall,2011.0,Formal,Rockport Men's Myrics Tumbled Black Shoe
47647,Men,Footwear,Shoes,Formal Shoes,Black,Winter,2012.0,Formal,Carlton London Men Black Formal Shoes
17761,Men,Footwear,Shoes,Formal Shoes,Brown,Winter,2011.0,Formal,Buckaroo Men Ortiz Brown Semi Formal Shoe
6503,Men,Footwear,Shoes,Formal Shoes,Black,Winter,2018.0,Formal,Red Tape Men Black Shoes
10143,Men,Footwear,Shoes,Formal Shoes,Brown,Fall,2011.0,Formal,Rockport Men Moc Front Brown Formal Shoes
2391,Men,Footwear,Shoes,Formal Shoes,Black,Winter,2018.0,Formal,Red Tape Men Formal Black Shoe
39265,Men,Footwear,Shoes,Formal Shoes,Brown,Winter,2018.0,Formal,Red Chief Men Brown Formal Shoes
35651,Men,Footwear,Shoes,Formal Shoes,Brown,Summer,2012.0,Formal,U.S. Polo Assn. Men Brown Formal Shoes
7242,Men,Footwear,Shoes,Formal Shoes,Black,Fall,2011.0,Formal,Rockport Men's Alfrew Black Shoe
9784,Men,Footwear,Shoes,Formal Shoes,Brown,Winter,2018.0,Formal,Red Tape Men formal Brown Formal Shoes
7874,Men,Footwear,Shoes,Formal Shoes,Tan,Summer,2010.0,Formal,Provogue Men's Formal Tan Shoe
7880,Men,Footwear,Shoes,Formal Shoes,Brown,Summer,2011.0,Formal,Provogue Men's Formal Brown Shoe
35490,Men,Footwear,Shoes,Formal Shoes,Black,Summer,2012.0,Formal,Bata Men Remo Black Formal Shoes
47646,Men,Footwear,Shoes,Formal Shoes,Brown,Winter,2012.0,Formal,Carlton London Men Brown Formal Shoes
45575,Men,Footwear,Shoes,Formal Shoes,Tan,Summer,2012.0,Formal,Arrow Men Tan Formal Shoes
17760,Men,Footwear,Shoes,Formal Shoes,Black,Winter,2011.0,Formal,Buckaroo Men New Pampa Black Formal Shoe
5317,Men,Footwear,Shoes,Formal Shoes,Brown,Winter,2018.0,Formal,Red Tape Men's Slip On Brown Formal Shoe
7216,Men,Footwear,Shoes,Formal Shoes,Brown,Fall,2011.0,Formal,Rockport Men's Evander Brown Shoe
7220,Men,Footwear,Shoes,Formal Shoes,Brown,Fall,2011.0,Formal,Rockport Men's Mubleno Distressed Brown Shoe
33702,Men,Footwear,Shoes,Formal Shoes,Black,Winter,2012.0,Smart Casual,Cobblerz Men Black Semiformal Shoes
9715,Men,Footwear,Shoes,Formal Shoes,Black,Fall,2011.0,Formal,Scholl Men Massagio Black Formal Shoes
7227,Men,Footwear,Shoes,Formal Shoes,Brown,Fall,2011.0,Formal,Rockport Men's Wanigan India Dark Tan Shoe
47214,Men,Footwear,Shoes,Formal Shoes,Brown,Summer,2012.0,Formal,Franco Leone Men Brown  Formal Shoes
7218,Men,Footwear,Shoes,Formal Shoes,Brown,Fall,2011.0,Formal,Rockport Men's Carnforth Soft Brown Shoe
10128,Men,Footwear,Shoes,Formal Shoes,Black,Fall,2011.0,Formal,Rockport Men Drsp Wingtip Black Formal Shoes
33343,Men,Footwear,Shoes,Formal Shoes,Brown,Summer,2012.0,Formal,Homme Men Brown Formal Oxford Shoes
40689,Men,Footwear,Shoes,Formal Shoes,Brown,Summer,2012.0,Formal,Numero Uno Men Brown Shoes
33344,Men,Footwear,Shoes,Formal Shoes,Black,Summer,2012.0,Formal,Homme Men Black & Brown Semi Formal Shoes
9701,Men,Footwear,Shoes,Formal Shoes,Black,Winter,2015.0,Formal,Hush Puppies Men Falcon Black Formal Shoes
13123,Men,Footwear,Shoes,Formal Shoes,Brown,Fall,2012.0,Formal,Lee Cooper Men Brown Formal Shoes
7234,Men,Footwear,Shoes,Formal Shoes,Brown,Fall,2011.0,Formal,Rockport Men's Abraim Cordovan Shoe
7233,Men,Footwear,Shoes,Formal Shoes,Brown,Fall,2011.0,Formal,Rockport Men's Bvallee Brown Shoe
13124,Men,Footwear,Shoes,Formal Shoes,Tan,Fall,2012.0,Formal,Lee Cooper Men Tan Formal Shoes
22896,Men,Footwear,Shoes,Formal Shoes,Black,Summer,2012.0,Formal,Woodland Men Black Formal Shoes
35479,Men,Footwear,Shoes,Formal Shoes,Brown,Summer,2012.0,Formal,Bata Men Tech Brown Formal Shoes
2382,Men,Footwear,Shoes,Formal Shoes,Black,Winter,2018.0,Formal,Red Tape Black Men Formal Shoe
10150,Men,Footwear,Shoes,Formal Shoes,Black,Fall,2011.0,Formal,Rockport Men Drsp Plaintoe Black Formal Shoes
11888,Men,Footwear,Shoes,Formal Shoes,Black,Summer,2013.0,Formal,Franco Leone Men Black Semi-Formal Shoes
35483,Men,Footwear,Shoes,Formal Shoes,Black,Summer,2012.0,Formal,Hush Puppies Men Black Bounce IV Formal Shoes
21083,Men,Footwear,Shoes,Formal Shoes,Black,Fall,2012.0,Smart Casual,Clarks Men Black Leather Semiformal Shoes
35484,Men,Footwear,Shoes,Formal Shoes,Black,Summer,2012.0,Formal,Hush Puppies Men Jungle Black Formal Shoes
2378,Men,Footwear,Shoes,Formal Shoes,Black,Winter,2018.0,Formal,Red Tape Men's Brown Shoe
3390,Women,Accessories,Bags,Handbags,Brown,Winter,2015.0,Formal,Murcia Women Brown With Stitch Bag
10323,Women,Accessories,Bags,Handbags,Black,Winter,2015.0,Casual,Murcia Women Lambretta Green Black Handbags
57847,Unisex,Accessories,Bags,Handbags,Black,Summer,2012.0,Casual,Lino Perros Unisex Black Sling Bag
17136,Women,Accessories,Bags,Handbags,Black,Winter,2015.0,Casual,Lino Perros Women Flower Black Handbag
8244,Women,Accessories,Bags,Handbags,Green,Winter,2016.0,Casual,Fastrack Women Olive Handbag
53888,Women,Accessories,Bags,Handbags,Yellow,Summer,2012.0,Casual,Kiara Women Yellow Handbag
17135,Women,Accessories,Bags,Handbags,Black,Winter,2015.0,Casual,Lino Perros Women Classic Black Handbag
54003,Women,Accessories,Bags,Handbags,Brown,Summer,2012.0,Casual,Kiara Women Brown Handbag
18042,Women,Accessories,Bags,Handbags,Beige,Winter,2015.0,Casual,Lino Perros Women Solid Camel Handbag
50236,Women,Accessories,Bags,Handbags,Yellow,Summer,2012.0,Casual,Stoln Women Yellow Handbag
52622,Women,Accessories,Bags,Handbags,Purple,Summer,2012.0,Casual,Mod-acc Women Purple Handbag
2644,Women,Accessories,Bags,Handbags,Red,Winter,2015.0,Casual,Murcia Women Embroidered Canvas Bag
25261,Women,Accessories,Bags,Handbags,Beige,Summer,2012.0,Casual,Lino Perros Women Canvas Beige Handbag
47351,Women,Accessories,Bags,Handbags,Black,Summer,2012.0,Casual,Baggit Women Black Bag
29741,Women,Accessories,Bags,Handbags,Green,Summer,2012.0,Casual,Kiara Women Leatherette Green Handbag
38754,Women,Accessories,Bags,Handbags,Green,Summer,2012.0,Casual,Nike Women Green Sling Bag
57263,Women,Accessories,Bags,Handbags,Cream,Spring,2013.0,Casual,Murcia Blue & Cream Handbag
53069,Women,Accessories,Bags,Handbags,Gold,Summer,2012.0,Casual,Rocia Women Golden Handbag
35898,Women,Accessories,Bags,Handbags,Purple,Summer,2012.0,Casual,Peperone Women Purple Handbag
54033,Women,Accessories,Bags,Handbags,Teal,Summer,2012.0,Casual,Kiara Women Teal Handbag
20399,Women,Accessories,Bags,Handbags,Brown,Winter,2015.0,Casual,Baggit Women Possible Taj Brown Handbag
20968,Women,Accessories,Bags,Handbags,Red,Winter,2016.0,Casual,Fastrack Women Polyester Red Sling Bag
2661,Women,Accessories,Bags,Handbags,Pink,Winter,2015.0,Casual,Murcia Women Jute Sling Pink Bag
34729,Women,Accessories,Bags,Handbags,Blue,Summer,2012.0,Casual,Baggit Women Blue Handbag
20830,Unisex,Accessories,Bags,Handbags,Navy Blue,Summer,2011.0,Sports,Nike Unisex Solid Navy Blue Bag
54393,Women,Accessories,Bags,Handbags,Navy Blue,Summer,2012.0,Casual,Baggit Women Navy Blue Handbag
21545,Women,Accessories,Bags,Handbags,Maroon,Winter,2015.0,Casual,Kiara Women Margaret Maroon Handbag
26431,Women,Accessories,Bags,Handbags,Grey,Winter,2015.0,Casual,Spice Art Women Leatherette Grey Handbag
10680,Women,Accessories,Bags,Handbags,Blue,Fall,2011.0,Casual,United Colors of Benetton Blue Solid Sling Bag
53686,Women,Accessories,Bags,Handbags,Purple,Summer,2012.0,Casual,Kiara Women Purple & Yellow Handbag
34889,Women,Accessories,Bags,Handbags,Pink,Summer,2012.0,Casual,Envirosax Women Pink Bag
2657,Women,Accessories,Bags,Handbags,Pink,Winter,2015.0,Casual,Murcia Women Big Casual Peach Bag
48130,Women,Accessories,Bags,Handbags,Black,Winter,2016.0,Casual,Fossil Women Black Handbag
47361,Women,Accessories,Bags,Handbags,Black,Summer,2012.0,Casual,Baggit Women Black Voodoo Gang Handbag
2673,Women,Accessories,Bags,Handbags,Black,Winter,2015.0,Casual,Murcia Women Sleek Black Leatherette Hand Bag
52768,Women,Accessories,Bags,Handbags,Black,Fall,2012.0,Casual,Fiorelli Women Black Leather Handbag
21496,Women,Accessories,Bags,Handbags,Mustard,Winter,2015.0,Casual,Kiara Women Mustard Leatherite Handbag
2663,Women,Accessories,Bags,Handbags,Brown,Winter,2015.0,Casual,Murcia Women Non Leather Brown Bag
43334,Women,Accessories,Bags,Handbags,Maroon,Spring,2013.0,Casual,Murcia Women Maroon Handbag
33428,Women,Accessories,Bags,Handbags,Purple,Summer,2012.0,Casual,Baggit Women Motto Taj Purple Sling Bag
20852,Women,Accessories,Bags,Handbags,Yellow,Winter,2015.0,Casual,Spice Art Women Golden Yellow HandBag
25220,Women,Accessories,Bags,Handbags,Purple,Winter,2015.0,Casual,Lino Perros Women Leatherette Purple Handbag
27668,Women,Accessories,Bags,Handbags,White,Winter,2015.0,Casual,Murcia Women White Handbag
10248,Women,Accessories,Bags,Handbags,Brown,Winter,2015.0,Casual,Murcia Women Asjke Coffee Brown Handbags
2669,Women,Accessories,Bags,Handbags,Brown,Winter,2015.0,Casual,Murcia Women Khaki Leatherette Hand Bag
38464,Women,Accessories,Bags,Handbags,Green,Summer,2012.0,Casual,Baggit Women Check Green Handbag
27061,Women,Accessories,Bags,Handbags,Pink,Summer,2015.0,Casual,Yelloe Pink Laptop Pocket Handbag
25276,Women,Accessories,Bags,Handbags,Red,Summer,2012.0,Casual,Lino Perros Women Leatherite Red Handbag
54505,Women,Accessories,Bags,Handbags,Pink,Summer,2012.0,Casual,Lino Perros Women Pink Handbag
2670,Women,Accessories,Bags,Handbags,Yellow,Winter,2015.0,Casual,Murcia Women Yellow Leatherette Hand Bag
24654,Women,Accessories,Bags,Handbags,Brown,Winter,2015.0,Casual,Murcia Women Brown Casual Handbag
9921,Women,Accessories,Bags,Handbags,White,Fall,2011.0,Casual,Puma Women Ferrari LS White Handbags
42834,Women,Accessories,Bags,Handbags,Grey,Summer,2012.0,Casual,French Connection Women Grey & Brown Handbag
5286,Unisex,Accessories,Bags,Handbags,Grey,Winter,2015.0,Casual,Wildcraft Unisex Grey Sling Bag
29067,Women,Accessories,Bags,Handbags,Beige,Winter,2016.0,Casual,Fastrack Women Beige Handbag
58184,Women,Accessories,Bags,Handbags,Beige,Summer,2012.0,Casual,Rocky S Women Beige Handbag
36992,Women,Accessories,Bags,Handbags,Grey,Summer,2012.0,Casual,Lino Perros Women Grey Handbag
25398,Women,Accessories,Bags,Handbags,Brown,Summer,2012.0,Casual,Lino Perros Women Leatherite Brown Handbag
46984,Women,Accessories,Bags,Handbags,Black,Summer,2012.0,Casual,Bulchee Women Black Handbag
58259,Women,Accessories,Bags,Handbags,Olive,Fall,2012.0,Casual,Baggit Women Olive Sling Bag
37429,Women,Accessories,Bags,Handbags,Lavender,Summer,2012.0,Casual,Murcia Women Lavender Handbag
54000,Women,Accessories,Bags,Handbags,Cream,Summer,2012.0,Casual,Kiara Women Cream Handbag
24789,Women,Accessories,Bags,Handbags,Brown,Winter,2015.0,Casual,Lino Perros Women Leatherite Brown Bag
42860,Women,Accessories,Bags,Handbags,Cream,Summer,2012.0,Casual,French Connection Women Cream Handbag
27690,Women,Accessories,Bags,Handbags,Black,Winter,2015.0,Casual,Murcia Women Black Handbag
34559,Women,Accessories,Bags,Handbags,Pink,Summer,2012.0,Casual,Puma Women Pink Fitness Small Handbag
27742,Women,Accessories,Bags,Handbags,Brown,Winter,2015.0,Casual,Murcia Women Brown Sling bag
48187,Women,Accessories,Bags,Handbags,Multi,Winter,2016.0,Casual,Fossil Women Multi Coloured Handbag
21956,Women,Accessories,Bags,Handbags,Brown,Winter,2015.0,Casual,Murcia Women Casual Brown Handbag
10734,Women,Accessories,Bags,Handbags,Green,Winter,2015.0,Casual,Murcia Women Mcc Green Green Handbags
47138,Women,Accessories,Bags,Handbags,White,Summer,2015.0,Casual,Be For Bag Women Combo pack Tote Bags
25285,Women,Accessories,Bags,Handbags,Black,Fall,2012.0,Casual,Lino Perros Women Black Handbag
58186,Women,Accessories,Bags,Handbags,Purple,Summer,2012.0,Casual,Rocky S Women Purple Handbag
53941,Women,Accessories,Bags,Handbags,Grey,Summer,2012.0,Casual,Kiara Women Grey Handbag
34781,Women,Accessories,Bags,Handbags,Red,Summer,2015.0,Casual,Be For Bag Women Pack of 3 Bag
21945,Women,Accessories,Bags,Handbags,Brown,Winter,2015.0,Casual,Murcia Women Brown Leather Handbag
43292,Women,Accessories,Bags,Handbags,Pink,Summer,2015.0,Casual,Murcia Women Pink Kate Handbag
25182,Women,Accessories,Bags,Handbags,Brown,Winter,2015.0,Casual,Lino Perros Women Leatherette Brown Handbag
57236,Women,Accessories,Bags,Handbags,Burgundy,Summer,2012.0,Casual,Murcia Women Burgundy Handbag
42843,Women,Accessories,Bags,Handbags,Khaki,Summer,2012.0,Casual,French Connection Women Khaki Bag
49567,Women,Accessories,Bags,Handbags,Black,Summer,2015.0,Casual,Spice Art Women Black Handbag
33430,Women,Accessories,Bags,Handbags,Blue,Summer,2012.0,Casual,Baggit Women Pinto Checksy Blue Sling Bag
34899,Women,Accessories,Bags,Handbags,Green,Summer,2012.0,Casual,Envirosax Women Green Bag
48181,Women,Accessories,Bags,Handbags,Brown,Winter,2016.0,Casual,Fossil Women Brown Handbag
14798,Women,Accessories,Bags,Handbags,Brown,Summer,2011.0,Casual,United Colors of Benetton Women Solid Coffee Brown Handbags
25209,Women,Accessories,Bags,Handbags,Grey,Winter,2015.0,Casual,Lino Perros Women Canvas Grey Handbag
9920,Women,Accessories,Bags,Handbags,Red,Fall,2011.0,Casual,Puma Women Ferrari LS Red Handbags
27712,Women,Accessories,Bags,Handbags,Pink,Winter,2015.0,Casual,Murcia Women Pink Handbag
43293,Women,Accessories,Bags,Handbags,Blue,Summer,2015.0,Casual,Murcia Women Blue Kate Handbag
43275,Women,Accessories,Bags,Handbags,Olive,Winter,2012.0,Casual,Murcia Women Olive Handbag
57230,Women,Accessories,Bags,Handbags,Purple,Summer,2012.0,Casual,Murcia Women Purple Handbag
38752,Women,Accessories,Bags,Handbags,Black,Summer,2012.0,Casual,Nike Women Black Handbag
53673,Women,Accessories,Bags,Handbags,Green,Summer,2012.0,Casual,Kiara Women Green Handbag
53061,Women,Accessories,Bags,Handbags,Brown,Summer,2012.0,Casual,Rocia Women Brown Handbag
36052,Unisex,Accessories,Bags,Handbags,Khaki,Fall,2012.0,Casual,OTLS Unisex Khaki Dual Flap Bag
27744,Women,Accessories,Bags,Handbags,Black,Winter,2015.0,Casual,Murcia Women Leather Black Handbag
9094,Women,Accessories,Bags,Handbags,Silver,Winter,2015.0,Casual,Murcia Women Silver Purse
38315,Women,Accessories,Bags,Handbags,Grey,Summer,2012.0,Casual,Puma Women Dazzle Medium Hobo Grey Bag
46975,Women,Accessories,Bags,Handbags,Green,Summer,2012.0,Casual,Bulchee Women Green Handbag
21998,Women,Accessories,Bags,Handbags,Blue,Winter,2015.0,Casual,Murcia Women Casual Blue Handbag
54040,Women,Accessories,Bags,Handbags,Black,Summer,2012.0,Casual,Kiara Women Black Handbag
3384,Women,Accessories,Bags,Handbags,Black,Winter,2015.0,Casual,Murcia Women Stitch Black Bag
18793,Unisex,Accessories,Bags,Handbags,Beige,Summer,2010.0,Casual,Peter England Unisex Casual Beige Bag
21962,Women,Accessories,Bags,Handbags,Maroon,Winter,2015.0,Casual,Murcia Women Casual Maroon Handbag
42867,Women,Accessories,Bags,Handbags,Black,Spring,2012.0,Casual,French Connection Women Black Winter Quilt Cross Sling Bag
47814,Women,Accessories,Bags,Handbags,Red,Summer,2012.0,Casual,Murcia Women Red Handbag
37433,Women,Accessories,Bags,Handbags,Blue,Summer,2012.0,Casual,Murcia Women Blue Handbag
26182,Women,Accessories,Bags,Handbags,Beige,Spring,2013.0,Casual,Rocia Women Beige Casual Sandals
25266,Women,Accessories,Bags,Handbags,Beige,Winter,2012.0,Casual,Lino Perros Women Beige and Black Handbag
47305,Women,Accessories,Bags,Handbags,Brown,Summer,2012.0,Casual,Baggit Women Brown Handbag
50187,Women,Accessories,Bags,Handbags,Orange,Summer,2012.0,Casual,Paridhan Women Orange Handbag
25166,Women,Accessories,Bags,Handbags,Black,Winter,2015.0,Casual,Lino Perros Women Leatherette Black Handbag
51940,Women,Accessories,Bags,Handbags,Brown,Summer,2016.0,Casual,Nyk Women Brown Sling Bag
24738,Women,Accessories,Bags,Handbags,Beige,Winter,2015.0,Casual,Murcia Women Leatherite Beige Bag
18033,Women,Accessories,Bags,Handbags,Brown,Winter,2015.0,Casual,Lino Perros Women Solid Brown Handbag
51918,Women,Accessories,Bags,Handbags,Green,Summer,2016.0,Casual,Nyk Women Green Horado Handbag
4615,Unisex,Accessories,Bags,Handbags,Black,Winter,2015.0,Casual,Wildcraft Unisex Black Lunch Bag
49554,Women,Accessories,Bags,Handbags,Black,Summer,2012.0,Casual,Rocia Women Black Handbag
10223,Women,Accessories,Bags,Handbags,Green,Winter,2015.0,Casual,Murcia Women Zoe Green Handbags
38453,Women,Accessories,Bags,Handbags,Pink,Summer,2012.0,Casual,Baggit Women Pink Handbag
49562,Women,Accessories,Bags,Handbags,Grey,Summer,2012.0,Casual,Spice Art Women Grey & Black Handbag
37955,Women,Accessories,Bags,Handbags,Black,Summer,2012.0,Casual,Yelloe Women Fur Black Handbag
54804,Women,Accessories,Bags,Handbags,Blue,Summer,2010.0,Casual,Ivory Tag Checkered Out Blue Handbag
47410,Women,Accessories,Bags,Handbags,Blue,Summer,2012.0,Casual,Baggit Women Grey Bag
27692,Women,Accessories,Bags,Handbags,Beige,Winter,2015.0,Casual,Murcia Women Beige Handbag
33453,Women,Accessories,Bags,Handbags,Red,Summer,2012.0,Casual,Baggit Women Selection Lovely Red Sling Bag
43333,Women,Accessories,Bags,Handbags,Brown,Summer,2012.0,Casual,Murcia Women Brown Handbag
54491,Women,Accessories,Bags,Handbags,Green,Summer,2012.0,Casual,Lino Perros Women Green Handbag
10197,Women,Accessories,Bags,Handbags,Brown,Winter,2015.0,Casual,Murcia Women Hddcs Brown Handbags
49067,Women,Accessories,Bags,Handbags,Olive,Summer,2012.0,Casual,Lino Perros Women Olive Handbag
16760,Women,Accessories,Bags,Handbags,Black,Winter,2015.0,Casual,Spice Art Women Leatherette  Black Handbags
47381,Women,Accessories,Bags,Handbags,Taupe,Summer,2012.0,Casual,Baggit Women Taupe Bag
47434,Women,Accessories,Bags,Handbags,Purple,Summer,2012.0,Casual,Baggit Women Purple Handbag
34767,Women,Accessories,Bags,Handbags,Beige,Summer,2015.0,Casual,Be For Bag Women Zoli Beige Bag
36676,Women,Accessories,Bags,Handbags,Red,Summer,2012.0,Casual,Paridhan Women Red Handbag
26426,Women,Accessories,Bags,Handbags,Bronze,Summer,2012.0,Casual,Spice Art Women Leatherette Bronze Handbag
33734,Women,Accessories,Bags,Handbags,Navy Blue,Winter,2012.0,Casual,Pieces Women Navy Blue Zaki Handbag
54499,Women,Accessories,Bags,Handbags,Brown,Summer,2012.0,Casual,Lino Perros Women Brown Handbag
16762,Women,Accessories,Bags,Handbags,Red,Winter,2015.0,Casual,Spice Art Women Printed Design Multi Handbags
36536,Women,Accessories,Bags,Handbags,Blue,Summer,2012.0,Casual,United Colors of Benetton Women Blue Sling Bag
49551,Women,Accessories,Bags,Handbags,Beige,Summer,2012.0,Casual,Rocia Women Beige Handbag
18037,Women,Accessories,Bags,Handbags,Tan,Winter,2015.0,Casual,Lino Perros Women Solid Tan Handbag
26430,Women,Accessories,Bags,Handbags,Brown,Winter,2015.0,Casual,Spice Art Women Leatherette Brown Handbag
14884,Women,Accessories,Bags,Handbags,Grey,Summer,2011.0,Casual,United Colors of Benetton Women Solid Grey Handbags
47411,Women,Accessories,Bags,Handbags,Purple,Summer,2012.0,Casual,Baggit Women Purple Bag
42880,Women,Accessories,Bags,Handbags,Orange,Summer,2012.0,Casual,French Connection Women Orange Sling Bag
10229,Women,Accessories,Bags,Handbags,Black,Winter,2015.0,Casual,Murcia Women Hths Black Handbags
48329,Women,Accessories,Bags,Handbags,Purple,Summer,2012.0,Casual,Pitaraa Women Purple Sling Bag
42888,Women,Accessories,Bags,Handbags,Off White,Summer,2012.0,Casual,French Connection Off-White Tote Bag
34882,Women,Accessories,Bags,Handbags,Red,Summer,2012.0,Casual,Envirosax Women Red Bag
39549,Women,Accessories,Bags,Handbags,Green,Summer,2012.0,Casual,Hidekraft Women Green Handbag
20487,Women,Accessories,Bags,Handbags,Black,Winter,2015.0,Casual,Baggit Women Golmaal Taj Black Handbag
47295,Women,Accessories,Bags,Handbags,Purple,Summer,2012.0,Casual,Baggit Women Purple Sling Bag
21543,Women,Accessories,Bags,Handbags,Black,Winter,2015.0,Casual,Kiara Women Small Pocket Black Handbag
34887,Women,Accessories,Bags,Handbags,Multi,Summer,2012.0,Casual,Envirosax Women Multi Coloured Bag
42890,Women,Accessories,Bags,Handbags,Black,Summer,2012.0,Casual,French Connection Women Black Sling Bag
34771,Women,Accessories,Bags,Handbags,Black,Summer,2015.0,Casual,Be For Bag Women Zoli Black Bag
24736,Women,Accessories,Bags,Handbags,Black,Winter,2015.0,Casual,Murcia Women Black and Gold Handbag
21976,Women,Accessories,Bags,Handbags,Red,Winter,2015.0,Casual,Murcia Women Casual Red Handbag
29743,Women,Accessories,Bags,Handbags,Green,Summer,2012.0,Casual,Kiara Women Light Green Handbag
9908,Unisex,Accessories,Bags,Handbags,Green,Fall,2011.0,Casual,Puma Unisex Core Shoulder Green Bags
47336,Women,Accessories,Bags,Handbags,Green,Summer,2012.0,Casual,Baggit Women Green Bag
52650,Women,Accessories,Bags,Handbags,Beige,Summer,2012.0,Casual,Mod'acc Women Beige Handbag
14813,Women,Accessories,Bags,Handbags,Red,Summer,2011.0,Casual,United Colors of Benetton Women Solid Red Handbags
5854,Women,Accessories,Bags,Handbags,Pink,Summer,2011.0,Casual,ADIDAS Women Pink Handbag
20926,Women,Accessories,Bags,Handbags,Navy Blue,Winter,2016.0,Casual,Fastrack Women Polyester Navy Blue HandBag
51947,Unisex,Accessories,Bags,Handbags,Black,Summer,2012.0,Casual,Yelloe Unisex Black Sling Bag
57836,Unisex,Accessories,Bags,Handbags,Beige,Summer,2012.0,Casual,Lino Perros Unisex Beige Sling Bag
35176,Unisex,Accessories,Bags,Handbags,Black,Summer,2015.0,Casual,Wildcraft Unisex Graffiti Black & Yellow Sling Bag
53907,Women,Accessories,Bags,Handbags,Maroon,Summer,2012.0,Casual,Kiara Women Maroon Handbag
36506,Women,Accessories,Bags,Handbags,Black,Summer,2012.0,Casual,United Colors of Benetton Women Black Bag
42858,Women,Accessories,Bags,Handbags,Brown,Summer,2012.0,Casual,French Connection Women Brown Sling Bag
21521,Women,Accessories,Bags,Handbags,Pink,Winter,2015.0,Casual,Kiara Women Rose Pink Handbag
37067,Women,Accessories,Bags,Handbags,Beige,Summer,2012.0,Casual,Lino Perros Women Beige Handbag
10726,Women,Accessories,Bags,Handbags,Brown,Winter,2015.0,Casual,Murcia Women Brown Brown Handbags
35909,Women,Accessories,Bags,Handbags,Yellow,Summer,2012.0,Casual,Peperone Women Yellow Sling Bag
29740,Women,Accessories,Bags,Handbags,Peach,Summer,2012.0,Casual,Kiara Women Leatherette Peach Handbag
21526,Women,Accessories,Bags,Handbags,Red,Winter,2015.0,Casual,Kiara Women Glossy Red Handbag
20524,Women,Accessories,Bags,Handbags,Black,Winter,2015.0,Casual,Baggit Women Kool Excel Black Handbag
54406,Women,Accessories,Bags,Handbags,Olive,Summer,2012.0,Casual,Baggit Women Olive Handbag
53991,Women,Accessories,Bags,Handbags,Beige,Summer,2012.0,Casual,Kiara Women Beige Handbag
9485,Unisex,Accessories,Bags,Handbags,Black,Winter,2013.0,Casual,Puma Unisex Black Foundation Shoulder Bag
47128,Women,Accessories,Bags,Handbags,White,Summer,2015.0,Casual,Be For Bag Women White Tote Bag
47347,Women,Accessories,Bags,Handbags,Teal,Fall,2012.0,Casual,Baggit Women Teal Bag
8520,Women,Accessories,Bags,Handbags,Grey,Summer,2011.0,Casual,Nike Women Nike Grey handbag Grey Bags
10217,Women,Accessories,Bags,Handbags,Pink,Winter,2015.0,Casual,Murcia Women Kkhh Pink Handbags
38471,Women,Accessories,Bags,Handbags,Teal,Summer,2012.0,Casual,Baggit Women Teal Pride Jack Handbag
49521,Women,Accessories,Bags,Handbags,Gold,Summer,2012.0,Casual,Rocia Women Gold Handbag
20963,Women,Accessories,Bags,Handbags,Black,Winter,2016.0,Casual,Fastrack Women Polyester Black Sling Bag
9914,Women,Accessories,Bags,Handbags,Black,Fall,2011.0,Casual,Puma Women Core Lite Shopper Black Bags
25272,Women,Accessories,Bags,Handbags,Red,Summer,2012.0,Casual,Lino Perros Women Leatherette Red Handbag
47419,Women,Accessories,Bags,Handbags,Black,Fall,2012.0,Casual,Baggit Women Black Handbag
38452,Women,Accessories,Bags,Handbags,Red,Summer,2012.0,Casual,Baggit Women Red Handbag
50430,Women,Accessories,Bags,Handbags,Olive,Summer,2012.0,Casual,Lino Perros Women Olive Bag
27062,Women,Accessories,Bags,Handbags,Yellow,Summer,2015.0,Casual,Yelloe Yellow Laptop Pocket Handbag
20044,Women,Accessories,Bags,Handbags,Silver,Fall,2011.0,Casual,United Colors of Benetton Women Solid Silver Handbags
18799,Unisex,Accessories,Bags,Handbags,Khaki,Summer,2010.0,Casual,Peter England Unisex Casual Khakhi Bag
25299,Women,Accessories,Bags,Handbags,Brown,Winter,2015.0,Casual,Lino Perros Women Sporty Brown Pouch
25214,Women,Accessories,Bags,Handbags,Pink,Winter,2015.0,Casual,Lino Perros Women Leatherette Pink Handbag
9915,Women,Accessories,Bags,Handbags,White,Fall,2011.0,Casual,Puma Women Core Lite Shopper White Bags
34772,Women,Accessories,Bags,Handbags,Blue,Summer,2015.0,Casual,Be For Bag Women Zoli Blue Bag
7099,Unisex,Accessories,Bags,Handbags,Grey,Winter,2015.0,Casual,Wildcraft Unisex Grey Camera Bag
10242,Women,Accessories,Bags,Handbags,Grey,Winter,2015.0,Casual,Murcia Women Mary Grey Handbags
44278,Women,Accessories,Bags,Handbags,Black,Summer,2012.0,Casual,Murcia Women Black Handpainted Print Handbag
38314,Women,Accessories,Bags,Handbags,Grey,Summer,2012.0,Casual,Puma Women Dazzle Grey Handbag
54229,Women,Accessories,Bags,Handbags,Khaki,Summer,2012.0,Casual,Puma Women Khaki Handbag
54829,Women,Accessories,Bags,Handbags,Brown,Winter,2012.0,Casual,Ivory Tag Women Brown Sling Bag
10220,Women,Accessories,Bags,Handbags,Pink,Winter,2015.0,Casual,Murcia Women Mary Pink Handbags
14812,Women,Accessories,Bags,Handbags,Black,Summer,2011.0,Casual,United Colors of Benetton Women Solid Black Handbags
20602,Women,Accessories,Bags,Handbags,Red,Winter,2015.0,Casual,Baggit Women Red Selection Lisa Sling Bag
27670,Women,Accessories,Bags,Handbags,Green,Winter,2015.0,Casual,Murcia Women Green Handbag
22001,Women,Accessories,Bags,Handbags,Green,Winter,2015.0,Casual,Murcia Women Casual Green Handbag
52756,Women,Accessories,Bags,Handbags,Red,Fall,2012.0,Casual,Fiorelli Women Red Leather Handbag
58196,Women,Accessories,Bags,Handbags,White,Summer,2012.0,Casual,Puma Women White Handbag
26220,Women,Accessories,Bags,Handbags,Pink,Summer,2012.0,Casual,Hidekraft Women Leather Pink Handbag
57835,Women,Accessories,Bags,Handbags,Brown,Summer,2012.0,Casual,Lino Perros Women Brown Sling Bag
53659,Women,Accessories,Bags,Handbags,Grey,Summer,2012.0,Casual,Kiara Women Grey & Brown Handbag
54831,Women,Accessories,Bags,Handbags,Off White,Fall,2012.0,Casual,Ivory Tag Women Off White Tasseled Rose Sling Bag
27067,Women,Accessories,Bags,Handbags,Silver,Summer,2012.0,Casual,Yelloe Silver Metallic Finish Handbag
31911,Women,Accessories,Bags,Handbags,Blue,Summer,2012.0,Casual,Fabindia Women Blue Sling Bag
51926,Women,Accessories,Bags,Handbags,Red,Summer,2016.0,Casual,Nyk Women Red Julius Handbag
50180,Women,Accessories,Bags,Handbags,Red,Summer,2012.0,Casual,Peperone Women Red Handbag
16764,Women,Accessories,Bags,Handbags,White,Winter,2015.0,Casual,Spice Art Women Flap Handle White Handbags
2662,Women,Accessories,Bags,Handbags,Brown,Winter,2015.0,Casual,Murcia Women Brocade Bronze Bag
20522,Women,Accessories,Bags,Handbags,Black,Winter,2015.0,Casual,Baggit Women Hail Taj Black Handbag
10210,Women,Accessories,Bags,Handbags,Red,Winter,2015.0,Casual,Murcia Women Kkhh Red Handbags
25290,Women,Accessories,Bags,Handbags,Brown,Summer,2012.0,Casual,Lino Perros Women Leatherette Brown Sling Bag
33427,Women,Accessories,Bags,Handbags,Blue,Summer,2012.0,Casual,Baggit Women Modishx Enzyme Blue Sling Bag
53677,Women,Accessories,Bags,Handbags,Blue,Summer,2012.0,Casual,Kiara Women Blue Handbag
48327,Women,Accessories,Bags,Handbags,Green,Summer,2012.0,Casual,Pitaraa Women Green Sling Bag
26434,Women,Accessories,Bags,Handbags,Red,Winter,2015.0,Casual,Spice Art Women Red Handbag
3387,Women,Accessories,Bags,Handbags,Black,Winter,2015.0,Casual,Murcia Women With Stitch Black Bag
4604,Women,Accessories,Bags,Handbags,Pink,Winter,2015.0,Casual,Wildcraft Pink & Grey Printed Tote Bag
15293,Unisex,Accessories,Bags,Handbags,Blue,Fall,2011.0,Casual,ADIDAS Originals Unisex ST Airline Blue Bags
20521,Women,Accessories,Bags,Handbags,Brown,Winter,2015.0,Casual,Baggit Women Brown Map Taj Handbag
58266,Women,Accessories,Bags,Handbags,Silver,Spring,2012.0,Casual,Baggit Women Grey Handbag
25204,Women,Accessories,Bags,Handbags,Brown,Winter,2015.0,Casual,Lino Perros Women Leatherette Light Brown Handbag
25228,Women,Accessories,Bags,Handbags,Blue,Winter,2015.0,Casual,Lino Perros Women Blue Handbag
17129,Women,Accessories,Bags,Handbags,Black,Winter,2015.0,Casual,Lino Perros Women Classic Black  Handbag
25288,Women,Accessories,Bags,Handbags,Turquoise Blue,Summer,2012.0,Casual,Lino Perros Women Leatherette Turquoise Blue Sling Bag
31913,Women,Accessories,Bags,Handbags,Pink,Summer,2012.0,Casual,Fabindia Women Pink Sling Bag
52633,Women,Accessories,Bags,Handbags,Grey,Summer,2012.0,Casual,Mod-acc Women Grey Handbag
47382,Women,Accessories,Bags,Handbags,Pink,Summer,2012.0,Casual,Baggit Women Pink Bag
33369,Women,Accessories,Bags,Handbags,Purple,Winter,2016.0,Casual,Baggit Women Gumboot Camlincrush Purple Handbag
33399,Women,Accessories,Bags,Handbags,Purple,Summer,2012.0,Casual,Baggit Women Chillar Index Purple Handbag
52659,Women,Accessories,Bags,Handbags,Cream,Summer,2012.0,Casual,Mod'acc Women Blue & Cream Handbag
51924,Women,Accessories,Bags,Handbags,Off White,Summer,2016.0,Casual,Nyk Women Off White Sling Bag
2672,Women,Accessories,Bags,Handbags,Red,Winter,2015.0,Ethnic,Murcia Women Ethnic Hand Bag
58191,Women,Accessories,Bags,Handbags,Olive,Summer,2012.0,Casual,Rocky S Women Olive Green Handbag
49066,Women,Accessories,Bags,Handbags,Navy Blue,Summer,2012.0,Casual,Lino Perros Women Navy Blue Handbag
35828,Unisex,Accessories,Bags,Handbags,Black,Summer,2015.0,Travel,Wildcraft Unisex Black Digital Camera Pouch
34455,Women,Footwear,Shoes,Heels,Black,Spring,2013.0,Formal,Rocia Women Black Shoes
17010,Women,Footwear,Shoes,Heels,Brown,Winter,2012.0,Formal,Rocia Women Brown Heels
2880,Women,Footwear,Shoes,Heels,Grey,Summer,2016.0,Formal,Catwalk Women Leather Formal Grey Heels
45340,Women,Footwear,Shoes,Heels,Silver,Summer,2016.0,Party,Cobblerz Women Silver-Toned Sandals
15490,Women,Footwear,Shoes,Heels,Black,Spring,2013.0,Formal,Carlton London Women Black Heels
2901,Women,Footwear,Shoes,Heels,Black,Winter,2015.0,Formal,Catwalk Women Corporate Leather Black Heels
15497,Women,Footwear,Shoes,Heels,Black,Winter,2012.0,Formal,Carlton London Women Casual Black Heels
15499,Women,Footwear,Shoes,Heels,Red,Spring,2013.0,Formal,Carlton London Women Casual Red Stilettos
15491,Women,Footwear,Shoes,Heels,Nude,Spring,2013.0,Formal,Carlton London Women Nude Heels
14391,Women,Footwear,Shoes,Heels,Black,Winter,2015.0,Formal,Catwalk Women Lifestyle Black Wedges
59018,Women,Footwear,Shoes,Heels,Black,Winter,2012.0,Formal,Carlton London Women Black Pumps
2633,Men,Footwear,Shoes,Heels,Black,Summer,2010.0,Smart Casual,Carlton London Men Black Leather Casual Shoes.
59045,Women,Footwear,Shoes,Heels,Turquoise Blue,Winter,2012.0,Party,Carlton London Women Turquoise Blue Pumps
34068,Women,Footwear,Shoes,Heels,Black,Fall,2012.0,Formal,Clarks Women Cash Box Leather Black Heeled Shoes
13485,Women,Footwear,Shoes,Heels,Black,Fall,2011.0,Formal,Rocia Women Rocia Black Formal Shoe Black Formal Shoes
34456,Women,Footwear,Shoes,Heels,Brown,Winter,2012.0,Formal,Rocia Women Brown Shoes
34458,Women,Footwear,Shoes,Heels,Black,Winter,2012.0,Formal,Rocia Women Black Wedges
34457,Women,Footwear,Shoes,Heels,Beige,Winter,2012.0,Formal,Rocia Women Beige Wedges
23797,Women,Footwear,Shoes,Heels,Black,Summer,2011.0,Formal,Clarks Women Black Dolphin Cove Heels
42740,Women,Footwear,Shoes,Heels,Black,Winter,2012.0,Formal,Rocia Women Black Formal Shoes
25017,Women,Footwear,Shoes,Heels,Black,Fall,2011.0,Formal,United Colors of Benetton Women Black Ballerinas
37970,Women,Footwear,Shoes,Heels,Black,Fall,2012.0,Formal,Clarks Women Chart Leather Black Formal Shoes
15489,Women,Footwear,Shoes,Heels,Black,Spring,2013.0,Formal,Carlton London Women Black Solid Pumps
34075,Women,Footwear,Shoes,Heels,White,Fall,2012.0,Formal,Clarks Women Henderson Toy Bone Leather White Flats
34072,Women,Footwear,Shoes,Heels,Black,Winter,2013.0,Formal,Clarks Women Country Music Combi Leather Black Pumps
41687,Women,Footwear,Shoes,Heels,Beige,Winter,2012.0,Casual,Catwalk Women Beige Heels
41706,Women,Footwear,Shoes,Heels,Brown,Winter,2012.0,Casual,Catwalk Women Brown Wedges
56873,Women,Footwear,Shoes,Heels,Black,Winter,2012.0,Casual,HM Women Black Flats
20902,Women,Footwear,Shoes,Heels,Brown,Winter,2015.0,Casual,Catwalk Women Casual Brown Heels
39194,Women,Footwear,Shoes,Heels,Silver,Winter,2015.0,Casual,Catwalk Women Silver Heels
22266,Women,Footwear,Shoes,Heels,Black,Winter,2012.0,Casual,Inc. 5 Women Casual Black Heels
45810,Women,Footwear,Shoes,Heels,Silver,Summer,2012.0,Casual,Senorita Women Silver Flats
36619,Women,Footwear,Shoes,Heels,Turquoise Blue,Winter,2015.0,Casual,Catwalk Women Turquoise Blue Flats
43933,Women,Footwear,Shoes,Heels,Black,Winter,2012.0,Casual,Catwalk Women Black Heels
41691,Women,Footwear,Shoes,Heels,Grey,Winter,2012.0,Casual,Catwalk Women Grey Heels
45335,Women,Footwear,Shoes,Heels,Beige,Summer,2016.0,Casual,Cobblerz Women Beige & Green Sandals
3139,Women,Footwear,Shoes,Heels,Brown,Winter,2015.0,Ethnic,Catwalk Women Ethnic Strap Brown Flats
49612,Women,Footwear,Shoes,Heels,Yellow,Winter,2015.0,Casual,Catwalk Women Yellow  Flats
41705,Women,Footwear,Shoes,Heels,Blue,Winter,2012.0,Casual,Catwalk Women Blue Wedges
14454,Women,Footwear,Shoes,Heels,Taupe,Summer,2012.0,Casual,Enroute Women Casual Taupe Casual Heels
39583,Women,Footwear,Shoes,Heels,Red,Summer,2016.0,Casual,Catwalk Women Red Flats
50178,Women,Footwear,Shoes,Heels,Red,Winter,2012.0,Casual,Rocia Women Red Wedges
32807,Women,Footwear,Shoes,Heels,Green,Winter,2012.0,Casual,iPanema Women Ritmos Green Flats
14356,Women,Footwear,Shoes,Heels,Copper,Winter,2015.0,Casual,Catwalk Women Casual Copper Flats
33518,Women,Footwear,Shoes,Heels,Blue,Summer,2016.0,Casual,Cobblerz Women Blue Peep Toes
15511,Women,Footwear,Shoes,Heels,Pink,Fall,2011.0,Casual,Rockport Women Jeanie Thong Chain Pink Flats
56935,Women,Footwear,Shoes,Heels,Blue,Winter,2012.0,Casual,HM Women Blue Flats
53143,Women,Footwear,Shoes,Heels,Gold,Winter,2015.0,Casual,Catwalk Women Golden Heels
46596,Women,Footwear,Shoes,Heels,Brown,Winter,2012.0,Casual,Catwalk Women Olive Sandals
22274,Women,Footwear,Shoes,Heels,Pink,Winter,2012.0,Casual,Inc. 5 Women Casual Pink Flats
35819,Women,Footwear,Shoes,Heels,Grey,Summer,2012.0,Casual,Enroute Women Bluish Grey Flats
41473,Women,Footwear,Shoes,Heels,Beige,Winter,2012.0,Casual,Carlton London Women Beige Heels
19044,Women,Footwear,Shoes,Heels,Bronze,Winter,2015.0,Casual,Catwalk Women Bronze Flats
41726,Women,Footwear,Shoes,Heels,Multi,Winter,2012.0,Casual,Catwalk Women Multi Colour Heels
14425,Women,Footwear,Shoes,Heels,Tan,Summer,2012.0,Casual,Enroute Women Casual Tan Flats
49600,Women,Footwear,Shoes,Heels,White,Winter,2015.0,Casual,Catwalk Women White Flats
3137,Women,Footwear,Shoes,Heels,Brown,Winter,2015.0,Ethnic,Catwalk Women Ethnic Leather Flat Brown Flats
41738,Women,Footwear,Shoes,Heels,Brown,Winter,2012.0,Casual,Catwalk Women Brown Heels
56899,Women,Footwear,Shoes,Heels,Silver,Winter,2012.0,Casual,HM Women Silver Heels
49607,Women,Footwear,Shoes,Heels,Brown,Winter,2015.0,Casual,Catwalk Women Brown Heeled Shoes
33533,Women,Footwear,Shoes,Heels,Black,Summer,2016.0,Casual,Cobblerz Women Black Pumps
57853,Women,Footwear,Shoes,Heels,Green,Winter,2015.0,Casual,Catwalk Women Green Flats
21734,Women,Footwear,Shoes,Heels,White,Winter,2015.0,Casual,Catwalk Women Casual White Heels
33519,Women,Footwear,Shoes,Heels,Black,Summer,2016.0,Casual,Cobblerz Women Black Wedges
45795,Women,Footwear,Shoes,Heels,Black,Summer,2012.0,Casual,Senorita Women Black Sandals
45347,Women,Footwear,Shoes,Heels,Beige,Summer,2016.0,Casual,Cobblerz Women Beige Sandals
32857,Women,Footwear,Shoes,Heels,Blue,Winter,2012.0,Casual,Grendha Women Vicky Ad Blue Flats
59676,Women,Footwear,Shoes,Heels,Olive,Winter,2012.0,Casual,Rocia Women Olive & Black Heels
32851,Women,Footwear,Shoes,Heels,Purple,Winter,2012.0,Casual,Grendha Women Claudia Purple Flats
13144,Women,Footwear,Shoes,Heels,Black,Winter,2012.0,Casual,Inc 5 Women Casual Black Heels
43951,Women,Footwear,Shoes,Heels,Bronze,Winter,2012.0,Casual,Catwalk Women Bronze Heels
45360,Women,Footwear,Shoes,Heels,Black,Summer,2016.0,Casual,Cobblerz Women Black Sandals
56866,Women,Footwear,Shoes,Heels,Brown,Winter,2012.0,Casual,HM Women Brown Flats
47594,Women,Footwear,Shoes,Heels,Blue,Winter,2012.0,Casual,Portia Women Blue Sandals
13018,Women,Footwear,Shoes,Heels,Black,Winter,2012.0,Casual,Inc 5 Women Casual Black Flats
46601,Women,Footwear,Shoes,Heels,Gold,Winter,2012.0,Casual,Catwalk Women Gold Coloured Heels
13027,Women,Footwear,Shoes,Heels,Gold,Winter,2012.0,Casual,Inc 5 Women Casual Gold Flats
41713,Women,Footwear,Shoes,Heels,Orange,Spring,2013.0,Casual,Catwalk Women Orange Wedges
46595,Women,Footwear,Shoes,Heels,Pink,Spring,2013.0,Casual,Catwalk Women Pink Flats
22277,Women,Footwear,Shoes,Heels,Gold,Winter,2012.0,Casual,Inc.5 Women Gold Casual Heels
13551,Women,Footwear,Shoes,Heels,Gold,Winter,2012.0,Casual,Carlton London Women Casual Gold Flats
14363,Women,Footwear,Shoes,Heels,Beige,Winter,2015.0,Casual,Catwalk Women Casual Beige Flats
47551,Women,Footwear,Shoes,Heels,White,Winter,2012.0,Casual,Portia Women White Heels
32856,Women,Footwear,Shoes,Heels,Purple,Winter,2012.0,Casual,Grendha Women Kall Ad Purple Flats
22276,Women,Footwear,Shoes,Heels,Black,Winter,2012.0,Casual,Inc.5 Women Black Casual Heels
20272,Women,Footwear,Shoes,Heels,Silver,Winter,2015.0,Casual,Catwalk Women Casual Silver Flats
41716,Women,Footwear,Shoes,Heels,White,Winter,2012.0,Casual,Catwalk Women White Wedges
35807,Women,Footwear,Shoes,Heels,Pink,Summer,2012.0,Casual,Enroute Women Pink Flats
33129,Women,Footwear,Shoes,Heels,Black,Winter,2015.0,Casual,Catwalk Women Black Stilettos
14448,Women,Footwear,Shoes,Heels,Brown,Summer,2012.0,Casual,Enroute Women Brown Wedges
45375,Women,Footwear,Shoes,Heels,Grey,Summer,2016.0,Casual,Cobblerz Women Grey Sandals
32832,Women,Footwear,Shoes,Heels,Black,Winter,2012.0,Casual,iPanema Women Kirey Black Flats
32839,Women,Footwear,Shoes,Heels,Brown,Winter,2012.0,Casual,Grendha Women Jola Cigana Brown Flats
32811,Women,Footwear,Shoes,Heels,Orange,Winter,2012.0,Casual,iPanema Women Ritmos Orange Flats
3135,Women,Footwear,Shoes,Heels,Gold,Winter,2015.0,Casual,Catwalk Women Heeded Golden Strap Black Heels
13013,Women,Footwear,Shoes,Heels,Black,Winter,2012.0,Casual,Inc 5 Women Casual Black Wedges
45815,Women,Footwear,Shoes,Heels,Orange,Summer,2012.0,Casual,Senorita Women Orange Flats
35797,Women,Footwear,Shoes,Heels,Copper,Summer,2012.0,Casual,Enroute Women Copper Flats
37965,Women,Footwear,Shoes,Heels,Black,Winter,2013.0,Casual,Clarks Women Santa Rock Black Leather Flats
57309,Women,Footwear,Shoes,Heels,Brown,Winter,2012.0,Casual,Rocia Women Brown Flats
15568,Women,Footwear,Shoes,Heels,Green,Winter,2015.0,Casual,Catwalk Women Casual Green Flats
14396,Women,Footwear,Shoes,Heels,Navy Blue,Fall,2011.0,Casual,Enroute Women Casual Navy Flats
56959,Women,Footwear,Shoes,Heels,Red,Winter,2012.0,Casual,HM Women Red Flats
32841,Women,Footwear,Shoes,Heels,Gold,Winter,2012.0,Casual,Grendha Women Jola Cigana Gold Flats
53131,Women,Footwear,Shoes,Heels,Gold,Winter,2015.0,Casual,Catwalk Women Gold Toned & Brown Flats
56922,Women,Footwear,Shoes,Heels,Pink,Winter,2012.0,Casual,HM Women Pink Sandals
56960,Women,Footwear,Shoes,Heels,Yellow,Winter,2012.0,Casual,HM Women Yellow Flats
56987,Women,Footwear,Shoes,Heels,Red,Winter,2012.0,Casual,HM Women Red Wedges
56896,Women,Footwear,Shoes,Heels,Black,Winter,2012.0,Casual,HM Women Black Heels
50146,Women,Footwear,Shoes,Heels,Red,Winter,2012.0,Casual,Rocia Women Red Heels
47563,Women,Footwear,Shoes,Heels,Black,Winter,2012.0,Casual,Portia Women Black Sandals
35350,Women,Footwear,Shoes,Heels,Pink,Summer,2012.0,Casual,Senorita Women Pink Wedges
47595,Women,Footwear,Shoes,Heels,Purple,Winter,2012.0,Casual,Portia Women Purple & Brown Sandals
47570,Women,Footwear,Shoes,Heels,Purple,Winter,2012.0,Casual,Portia Women Purple Flats
14444,Women,Footwear,Shoes,Heels,Grey,Summer,2012.0,Casual,Enroute Women Casual DK.Grey Wedges
51760,Women,Footwear,Shoes,Heels,Grey,Winter,2015.0,Casual,Catwalk Women Grey Peep Toes
50156,Women,Footwear,Shoes,Heels,Gold,Winter,2012.0,Casual,Rocia Women Gold Toned Heels
56864,Women,Footwear,Shoes,Heels,Gold,Winter,2012.0,Casual,HM Women Golden Heels
2894,Women,Footwear,Shoes,Heels,Multi,Winter,2015.0,Casual,Catwalk Women Ethnic Flat Multi Color Flats
17671,Women,Footwear,Shoes,Heels,Beige,Winter,2015.0,Casual,Catwalk Women Fancy Beige Heels
45346,Women,Footwear,Shoes,Heels,White,Summer,2016.0,Casual,Cobblerz Women White Sandals
45334,Women,Footwear,Shoes,Heels,Black,Summer,2016.0,Casual,Cobblerz Women Black &Pink Sandals
53150,Women,Footwear,Shoes,Heels,Green,Winter,2015.0,Casual,Catwalk Women Green Heels
55652,Women,Footwear,Shoes,Heels,Orange,Winter,2015.0,Casual,Catwalk Women Orange Flats
56921,Women,Footwear,Shoes,Heels,Blue,Winter,2012.0,Casual,HM Women Blue Sandals
13562,Women,Footwear,Shoes,Heels,Purple,Spring,2013.0,Casual,Carlton London Women Casual Purple Flats
55655,Women,Footwear,Shoes,Heels,Olive,Spring,2013.0,Casual,Catwalk Women Olive Wedges
45366,Women,Footwear,Shoes,Heels,Brown,Summer,2016.0,Casual,Cobblerz Women Brown Sandals
53458,Women,Footwear,Shoes,Heels,Mustard,Winter,2015.0,Casual,Catwalk Women Mustard Wedges
14357,Women,Footwear,Shoes,Heels,Brown,Winter,2015.0,Casual,Catwalk Women Casual Brown Flats
32850,Women,Footwear,Shoes,Heels,Grey,Winter,2012.0,Casual,Grendha Women Romance Grey Flats
14420,Women,Footwear,Shoes,Heels,Beige,Summer,2012.0,Casual,Enroute Women Casual Beige Flats
57304,Women,Footwear,Shoes,Heels,Brown,Winter,2012.0,Casual,Rocia Women Brown Wedges
47458,Women,Footwear,Shoes,Heels,Black,Summer,2012.0,Casual,Tiptopp Women Black Wedges
32855,Women,Footwear,Shoes,Heels,Beige,Winter,2012.0,Casual,Grendha Women Kall Ad Beige Flats
11498,Women,Footwear,Shoes,Heels,White,Winter,2015.0,Casual,Catwalk Women Lifestyle White Heels
13016,Women,Footwear,Shoes,Heels,Brown,Winter,2012.0,Casual,Inc 5 Women Casual Brown Wedges
41730,Women,Footwear,Shoes,Heels,White,Winter,2012.0,Casual,Catwalk Women White Heels
13036,Women,Footwear,Shoes,Heels,Beige,Winter,2012.0,Casual,Inc 5 Women Casual Beige Wedges
41724,Women,Footwear,Shoes,Heels,Olive,Summer,2012.0,Casual,Catwalk Women Olive Heels
13047,Women,Footwear,Shoes,Heels,White,Winter,2012.0,Casual,Inc 5 Women Casual White Wedges
47608,Women,Footwear,Shoes,Heels,Blue,Winter,2012.0,Casual,Portia Women Blue Flats
59027,Women,Footwear,Shoes,Heels,Coffee Brown,Winter,2012.0,Casual,Carlton London Women Coffee Brown Heels
13271,Women,Footwear,Shoes,Heels,Gold,Winter,2012.0,Casual,Inc 5 Women Casual Gold Heels
56890,Women,Footwear,Shoes,Heels,Pink,Winter,2012.0,Casual,HM Women Pink Flats
59054,Women,Footwear,Shoes,Heels,Silver,Winter,2012.0,Casual,Carlton London Women Silver Heels
6334,Women,Footwear,Shoes,Heels,Brown,Winter,2015.0,Casual,Catwalk Summer Brown Flats
6338,Women,Footwear,Shoes,Heels,Black,Winter,2015.0,Casual,Catwalk Summer Black Stilettos
27082,Women,Footwear,Shoes,Heels,Brown,Winter,2015.0,Casual,Catwalk Women Brown Flats
19861,Men,Apparel,Topwear,Jackets,Black,Fall,2011.0,Casual,U.S. Polo Assn. Men Solid Black Jackets
16196,Men,Apparel,Topwear,Jackets,Red,Fall,2011.0,Sports,Puma Men Heroes Red Jackets
15962,Men,Apparel,Topwear,Jackets,Khaki,Fall,2011.0,Casual,Turtle Solid Men Khaki Jacket
40051,Men,Apparel,Topwear,Jackets,Navy Blue,Fall,2013.0,Sports,ADIDAS Men Navy Messi Track Jacket
19394,Men,Apparel,Topwear,Jackets,Blue,Summer,2011.0,Casual,ADIDAS Men Solid Blue Jacket
59116,Men,Apparel,Topwear,Jackets,Olive,Summer,2012.0,Casual,Just Natural Men Olive Jacket
14960,Men,Apparel,Topwear,Jackets,Blue,Fall,2011.0,Casual,Status Quo Men Printed Blue Jackets
19331,Women,Apparel,Topwear,Jackets,Navy Blue,Fall,2011.0,Casual,United Colors of Benetton Women Solid Navy Blue Jacket
6478,Men,Apparel,Topwear,Jackets,Grey,Summer,2011.0,Casual,ADIDAS Men Top Grey Jacket
18523,Men,Apparel,Topwear,Jackets,Black,Fall,2011.0,Casual,C Vox Men Control Freak Black Jacket
59106,Men,Apparel,Topwear,Jackets,Black,Winter,2018.0,Casual,Just Natural Men Black Jacket
38156,Men,Apparel,Topwear,Jackets,Green,Summer,2012.0,Casual,Wildcraft Men Green Fleece Sleeveless Jacket
22202,Men,Apparel,Topwear,Jackets,Blue,Fall,2011.0,Casual,Timberland Men Bonded Fleece Full Zip Blue Jacket
4462,Men,Apparel,Topwear,Jackets,Black,Summer,2011.0,Sports,Nike Men Track Black Jacket
15012,Men,Apparel,Topwear,Jackets,Blue,Fall,2011.0,Sports,ADIDAS Men Solid Blue Jackets
18985,Men,Apparel,Topwear,Jackets,White,Summer,2011.0,Casual,ADIDAS Originals Men ST FB Track Top White Jacket
23150,Women,Apparel,Topwear,Jackets,Purple,Fall,2011.0,Casual,Quechua Women  Fleece Purple Jacket
14000,Men,Apparel,Topwear,Jackets,Blue,Fall,2011.0,Sports,Nike Men Printed Blue Jackets
38155,Men,Apparel,Topwear,Jackets,Black,Summer,2015.0,Casual,Wildcraft Men Black Husky Sleeveless Jacket
15464,Men,Apparel,Topwear,Jackets,Black,Fall,2011.0,Casual,Puma Men Frost HD Black Jackets
17911,Women,Apparel,Topwear,Jackets,Black,Fall,2011.0,Casual,Nike Women Sptcas Black Jacket
28540,Men,Apparel,Topwear,Jackets,Red,Summer,2012.0,Sports,Nike Men Hurricane Vapor Red Jacket
20208,Women,Apparel,Topwear,Jackets,Purple,Fall,2011.0,Casual,Wrangler Women Solid Purple Jacket
18524,Women,Apparel,Topwear,Jackets,Black,Fall,2011.0,Casual,C Vox Women Solid 1351 Black Jacket
22315,Men,Apparel,Topwear,Jackets,Black,Summer,2012.0,Casual,Wildcraft Men Light Quilt Black Jacket
19477,Men,Apparel,Topwear,Jackets,Blue,Summer,2012.0,Casual,Quiksilver Men Casual Blue Jacket
19342,Women,Apparel,Topwear,Jackets,Black,Fall,2011.0,Casual,United Colors of Benetton Women Solid Black Jacket
59117,Men,Apparel,Topwear,Jackets,Black,Summer,2012.0,Casual,Just Natural Men Black & Grey Reversible Jacket
12533,Women,Apparel,Topwear,Jackets,Purple,Fall,2011.0,Casual,Puma Women Solid Purple Jackets
11273,Men,Apparel,Topwear,Jackets,Blue,Fall,2011.0,Casual,Nike Men  Blue Jacket
19341,Men,Apparel,Topwear,Jackets,Grey,Fall,2011.0,Casual,United Colors of Benetton Men Solid Grey Blazer Jacket
18961,Women,Apparel,Topwear,Jackets,Grey,Fall,2011.0,Casual,United Colors of Benetton Women Solid Grey Jacket
57062,Women,Apparel,Topwear,Jackets,Blue,Summer,2012.0,Casual,Elle Women Blue Jacket
18512,Men,Apparel,Topwear,Jackets,Red,Fall,2011.0,Casual,C Vox Men Red Jacket
19335,Men,Apparel,Topwear,Jackets,White,Fall,2011.0,Casual,United Colors of Benetton Men Solid White Jacket
9771,Men,Apparel,Topwear,Jackets,Blue,Fall,2011.0,Casual,ADIDAS Men Adna Blue Jackets
24136,Men,Apparel,Topwear,Jackets,Navy Blue,Fall,2011.0,Casual,ADIDAS Men Navy Blue Jacket
19858,Men,Apparel,Topwear,Jackets,Black,Fall,2011.0,Casual,U.S. Polo Assn. Men Solid Black Jacket
53435,Men,Apparel,Topwear,Jackets,Black,Summer,2012.0,Sports,ADIDAS Men Black Jacket
18205,Men,Apparel,Topwear,Jackets,Navy Blue,Fall,2011.0,Casual,Probase Men Solid Navy Blue Jacket
7683,Men,Apparel,Topwear,Jackets,Black,Fall,2011.0,Sports,Puma Men Windbreaker Black Ferrari Jacket
22363,Men,Apparel,Topwear,Jackets,Navy Blue,Fall,2011.0,Casual,ADIDAS Men Ess 3S Rain Jkt Navy Blue Jacket
9981,Men,Apparel,Topwear,Jackets,Blue,Fall,2011.0,Sports,Nike Men As Sideline J Blue Jackets
6477,Men,Apparel,Topwear,Jackets,White,Summer,2011.0,Casual,ADIDAS Men Top White Jacket
20791,Men,Apparel,Topwear,Jackets,Black,Fall,2011.0,Casual,Basics Men Black Blazer Jacket
6876,Women,Apparel,Topwear,Jackets,Peach,Summer,2011.0,Casual,Forever New Women Peach Jacket
13996,Women,Apparel,Topwear,Jackets,Black,Fall,2011.0,Sports,Nike Women Solid Black Jackets
17153,Men,Apparel,Topwear,Jackets,Khaki,Fall,2011.0,Casual,U.S. Polo Assn. Men Solid Lt.khaki Jacket
15319,Men,Apparel,Topwear,Jackets,Navy Blue,Fall,2011.0,Casual,Nike Men Solid Navy Blue Jackets
15465,Men,Apparel,Topwear,Jackets,Green,Fall,2011.0,Casual,Puma Men Rime Down Vest Green Jackets
18999,Men,Apparel,Topwear,Jackets,Black,Summer,2011.0,Casual,ADIDAS Originals Men Adi Firebird TT Black Jacket
15043,Men,Apparel,Topwear,Jackets,Black,Fall,2011.0,Sports,ADIDAS Men Solid Black Jackets
14310,Men,Apparel,Topwear,Jackets,Grey,Fall,2011.0,Casual,ADIDAS Men Solid Grey Jackets
17626,Men,Apparel,Topwear,Jackets,White,Fall,2011.0,Sports,ADIDAS Men Solid White Jacket
9768,Men,Apparel,Topwear,Jackets,Black,Fall,2011.0,Casual,ADIDAS Men Adna Black Jackets
59127,Men,Apparel,Topwear,Jackets,Brown,Summer,2012.0,Casual,Just Natural Men Brown Jacket
22313,Men,Apparel,Topwear,Jackets,Black,Summer,2015.0,Casual,Wildcraft Men Black Fleece Jacket
19009,Women,Apparel,Topwear,Jackets,White,Summer,2011.0,Casual,ADIDAS Originals Women F Night Logo TT White Jacket
18491,Men,Apparel,Topwear,Jackets,Black,Fall,2011.0,Sports,Nike Men Sideline Black Jacket
1530,Men,Apparel,Topwear,Jackets,Red,Fall,2010.0,Sports,Puma Men Ferrari Track Jacket
4847,Men,Apparel,Topwear,Jackets,Black,Summer,2011.0,Casual,ADIDAS Men Revo Black Jacket
19337,Men,Apparel,Topwear,Jackets,Black,Fall,2011.0,Casual,United Colors of Benetton Men Stripes Black Jacket
1611,Women,Apparel,Topwear,Jackets,Black,Summer,2010.0,Sports,Reebok Knit Rib Women Black Jacket
23962,Men,Apparel,Topwear,Jackets,Grey,Fall,2011.0,Casual,Provogue Men Grey Sleeveless Jacket
17897,Men,Apparel,Topwear,Jackets,Black,Fall,2011.0,Sports,Nike Men Football Soccer Black Jacket
38154,Men,Apparel,Topwear,Jackets,Black,Summer,2012.0,Casual,Wildcraft Men Black Husky Jacket
25025,Women,Apparel,Topwear,Jackets,Purple,Fall,2011.0,Sports,Nike Women Vapor Purple Jacket
19334,Men,Apparel,Topwear,Jackets,Maroon,Fall,2011.0,Casual,United Colors of Benetton Men Check Maroon Jacket
23149,Men,Apparel,Topwear,Jackets,Black,Fall,2011.0,Casual,Quechua Men Warm Fleece Black Jacket
15965,Men,Apparel,Topwear,Jackets,Black,Fall,2011.0,Casual,Turtle Solid Men Black Jacket
1622,Men,Apparel,Topwear,Jackets,Navy Blue,Summer,2016.0,Casual,Reebok Navy Knit Rib Jacket
30615,Men,Apparel,Topwear,Jackets,Black,Summer,2012.0,Sports,Nike Men Black Jacket
1584,Unisex,Apparel,Topwear,Jackets,White,Summer,2011.0,Casual,Domyos Unisex Feather-light Jacket
18978,Men,Apparel,Topwear,Jackets,White,Summer,2011.0,Casual,ADIDAS Originals Men CR WB PS White Jacket
43673,Women,Apparel,Topwear,Jackets,Blue,Summer,2012.0,Casual,ONLY Women Blue Jacket
19336,Men,Apparel,Topwear,Jackets,Grey,Fall,2011.0,Casual,United Colors of Benetton Men Solid Grey Jacket
6880,Women,Apparel,Topwear,Jackets,Black,Summer,2011.0,Casual,Forever New Women Long Black Jacket
17151,Men,Apparel,Topwear,Jackets,Navy Blue,Winter,2016.0,Casual,U.S. Polo Assn. Men Solid Navy Blue Jacket
20793,Men,Apparel,Topwear,Jackets,Beige,Fall,2011.0,Casual,Basics Men Beige Jacket
24845,Men,Apparel,Topwear,Jackets,Beige,Summer,2015.0,Casual,Wildcraft Men Wind Cheaters Beige Jacket
1658,Men,Apparel,Topwear,Jackets,Blue,Fall,2012.0,Sports,Nike Men Windrunner Blue Jacket
46412,Men,Apparel,Topwear,Jackets,White,Summer,2012.0,Sports,ADIDAS Men White & Blue Jacket
51333,Men,Apparel,Topwear,Jackets,Beige,Summer,2015.0,Casual,Wildcraft Men Beige Wind Cheater Jackets
16211,Men,Apparel,Topwear,Jackets,Black,Fall,2011.0,Sports,Puma Men Track Black Jackets
4461,Men,Apparel,Topwear,Jackets,Black,Summer,2011.0,Sports,Nike Men Manu Show Time Black Jacket
6886,Women,Apparel,Topwear,Jackets,Black,Summer,2011.0,Casual,Forever New Women Puff Sleeve Tux Black Jacket
1579,Men,Apparel,Topwear,Jackets,Grey,Fall,2010.0,Sports,Domyos Men Grey Second Skin Jacket
15008,Men,Apparel,Topwear,Jackets,White,Fall,2011.0,Sports,ADIDAS Men White Jacket
14961,Men,Apparel,Topwear,Jackets,Red,Fall,2011.0,Casual,Status Quo Men Printed Red Jackets
18957,Women,Apparel,Topwear,Jackets,Grey,Fall,2011.0,Casual,United Colors of Benetton Women Solid Grey Knitted Jacket
15466,Men,Apparel,Topwear,Jackets,Blue,Fall,2011.0,Casual,Puma Men Mens Active Padded Vest Blue Jackets
22316,Men,Apparel,Topwear,Jackets,Grey,Fall,2011.0,Casual,Wildcraft Men Solid Grey Jacket
22317,Men,Apparel,Topwear,Jackets,Khaki,Fall,2011.0,Casual,Wildcraft Men Solid Khaki Jacket
15620,Men,Apparel,Topwear,Jackets,Grey,Fall,2011.0,Sports,Nike Men AS Thermal Grey Jackets
22323,Men,Apparel,Topwear,Jackets,Red,Summer,2015.0,Casual,Wildcraft Men Solid Red Wind Cheater
31443,Women,Apparel,Topwear,Jackets,Red,Summer,2012.0,Sports,Nike Women Football Red Jacket
30906,Women,Apparel,Topwear,Jackets,Maroon,Summer,2012.0,Ethnic,Fabindia Women Reversible Jacket
10777,Women,Apparel,Topwear,Jackets,Purple,Summer,2011.0,Sports,Nike Women Hooded Purple Jacket
19338,Men,Apparel,Topwear,Jackets,Black,Fall,2011.0,Casual,United Colors of Benetton Men Solid Black Jacket
27525,Men,Apparel,Topwear,Jackets,Olive,Summer,2012.0,Casual,Scullers Men Olive Jacket
59122,Men,Apparel,Topwear,Jackets,Grey,Summer,2012.0,Casual,Just Natural Men Grey Jacket
22312,Men,Apparel,Topwear,Jackets,Black,Summer,2015.0,Casual,Wildcraft Men Solid Black Jacket
40050,Men,Apparel,Topwear,Jackets,Yellow,Summer,2012.0,Casual,ADIDAS Men Yellow Kaka Jacket
19856,Men,Apparel,Topwear,Jackets,Olive,Winter,2016.0,Casual,U.S. Polo Assn. Men Solid Olive Jackets
17628,Men,Apparel,Topwear,Jackets,Charcoal,Fall,2011.0,Casual,ADIDAS Men Solid Grey Jacket
6889,Women,Apparel,Topwear,Jackets,Cream,Summer,2011.0,Casual,Forever New Women Stone Cream Jacket
19744,Men,Apparel,Topwear,Jackets,Green,Fall,2011.0,Casual,ADIDAS Originals Men Solid Green Jacket
8477,Women,Apparel,Topwear,Jackets,Blue,Fall,2011.0,Casual,Forever New Women Washed Blue Jacket
18522,Men,Apparel,Topwear,Jackets,Black,Summer,2015.0,Casual,C Vox Men Solid 1349 Black Jacket
8478,Women,Apparel,Topwear,Jackets,Blue,Fall,2011.0,Casual,Forever New Women Vintage Blue Jackets
12807,Women,Apparel,Topwear,Jackets,Pink,Fall,2011.0,Sports,Nike Women Hood Pink Jackets
19860,Men,Apparel,Topwear,Jackets,Olive,Winter,2016.0,Casual,U.S. Polo Assn. Men Solid Olive Jacket
4848,Men,Apparel,Topwear,Jackets,Navy Blue,Summer,2011.0,Sports,ADIDAS Men Revo Navy White Jacket
15603,Men,Apparel,Topwear,Jackets,Black,Fall,2011.0,Sports,Nike Men Football Soccer Black Jackets
57068,Women,Apparel,Topwear,Jackets,Blue,Summer,2012.0,Casual,Elle Women Navy Blue Jacket
6882,Women,Apparel,Topwear,Jackets,Cream,Summer,2011.0,Casual,Forever New Women Long Peach Jacket
8785,Women,Apparel,Topwear,Jackets,Pink,Fall,2011.0,Casual,Lotto Women Cathy Pink Jacket
19012,Women,Apparel,Topwear,Jackets,Pink,Summer,2011.0,Casual,ADIDAS Originals Women Supergirl TT Pink Jacket
15007,Men,Apparel,Topwear,Jackets,Black,Fall,2011.0,Sports,ADIDAS Originals Men Solid Black Jackets
18201,Men,Apparel,Topwear,Jackets,Olive,Fall,2011.0,Casual,Nike Men Casual Olive Jacket
17898,Men,Apparel,Topwear,Jackets,Grey,Fall,2011.0,Casual,Nike Men Casual Grey Jacket
31317,Women,Apparel,Topwear,Jackets,Teal,Summer,2012.0,Casual,W Women Teal Jacket
7682,Men,Apparel,Topwear,Jackets,Black,Fall,2011.0,Sports,Puma Men Track Black Ferrari Jacket
7769,Men,Apparel,Topwear,Jackets,Red,Summer,2011.0,Sports,Nike Men FFF N98 Red Jacket
19246,Men,Apparel,Topwear,Jackets,Blue,Fall,2011.0,Casual,Puma Men Foundation Padded Blue Jacket
15321,Men,Apparel,Topwear,Jackets,Black,Fall,2011.0,Casual,Nike Men Solid Black Jackets
6877,Women,Apparel,Topwear,Jackets,Pink,Summer,2011.0,Casual,Forever New Women Soft Magnolia Pink Jacket
5559,Men,Apparel,Topwear,Jackets,Yellow,Summer,2011.0,Casual,Reebok Men Reversible Blue & Yellow Jacket
17912,Women,Apparel,Topwear,Jackets,Cream,Fall,2011.0,Casual,Nike Women Casual Cream Jacket
6785,Men,Apparel,Topwear,Jackets,Red,Summer,2011.0,Casual,Timberland Men Falmouth Cycling Jac Red Jacket
17150,Men,Apparel,Topwear,Jackets,Red,Winter,2016.0,Casual,U.S. Polo Assn. Men Solid Red Jacket
7686,Men,Apparel,Topwear,Jackets,Red,Fall,2011.0,Sports,Puma Men Alonso Track Red Ferrari Jacket
10017,Women,Apparel,Topwear,Jackets,Blue,Fall,2011.0,Sports,Nike Women As The Windru Blue Jackets
20377,Women,Apparel,Topwear,Jackets,Pink,Fall,2011.0,Casual,Urban Yoga Women Solid Pink Jacket
59126,Men,Apparel,Topwear,Jackets,Navy Blue,Summer,2012.0,Casual,Just Natural Men Navy Blue & Black Reversible Jacket
19004,Women,Apparel,Topwear,Jackets,Red,Summer,2011.0,Casual,ADIDAS Originals Women Firebird Red Jacket
13120,Men,Apparel,Topwear,Jackets,Navy Blue,Fall,2011.0,Sports,ADIDAS Men Ess 3s Rainjkt Navy Blue Jackets
17900,Men,Apparel,Topwear,Jackets,Red,Fall,2011.0,Sports,Nike Men Football Soccer Red Jacket
6504,Men,Apparel,Topwear,Jackets,Blue,Summer,2011.0,Casual,ADIDAS Men Wind Sky Blue Jacket
5560,Men,Apparel,Topwear,Jackets,Green,Summer,2011.0,Sports,Reebok Men Sport Revesable Black Green Jacket
15462,Men,Apparel,Topwear,Jackets,Black,Fall,2011.0,Casual,Puma Men Heroes Wind Black Jackets
12809,Men,Apparel,Topwear,Jackets,Black,Fall,2011.0,Sports,Nike Men Hood Black Jacket
18517,Men,Apparel,Topwear,Jackets,Black,Fall,2011.0,Casual,C Vox Men Ribstop 1348 Black Jacket
16220,Men,Apparel,Topwear,Jackets,Black,Fall,2011.0,Sports,Puma Men Heroes Black Jackets
59115,Men,Apparel,Topwear,Jackets,Navy Blue,Summer,2012.0,Casual,Just Natural Men Navy Blue Jacket
6878,Women,Apparel,Topwear,Jackets,Blue,Summer,2011.0,Casual,Forever New Women Long Blue Jacket
6501,Men,Apparel,Topwear,Jackets,White,Summer,2011.0,Casual,ADIDAS Men Chrome White Jacket
13241,Men,Apparel,Topwear,Jackets,White,Fall,2011.0,Casual,Palm Tree Kids Boys Solid White Jackets
17899,Men,Apparel,Topwear,Jackets,Black,Fall,2011.0,Casual,Nike Men Casual Black Jacket
17904,Men,Apparel,Topwear,Jackets,Navy Blue,Fall,2011.0,Sports,Nike Men Football Soccer Navy Blue Jacket
12532,Women,Apparel,Topwear,Jackets,Black,Fall,2011.0,Casual,Puma Women Solid Black Jackets
57064,Women,Apparel,Topwear,Jackets,Black,Summer,2012.0,Casual,Elle Women Black Jacket
1528,Men,Apparel,Topwear,Jackets,Black,Fall,2010.0,Sports,Puma Men Ferrari Black Fleece Jacket
25031,Men,Apparel,Topwear,Jackets,Black,Fall,2011.0,Sports,Nike Men Black Puffer Jacket
39496,Men,Apparel,Topwear,Jackets,Black,Summer,2012.0,Casual,Wildcraft Men Black Jacket
1758,Men,Apparel,Topwear,Jackets,White,Fall,2010.0,Sports,Lotto Men White Collared Jacket
15009,Men,Apparel,Topwear,Jackets,Blue,Fall,2011.0,Sports,ADIDAS Men Blue Jacket
6786,Men,Apparel,Topwear,Jackets,Black,Summer,2011.0,Casual,Timberland Men Falmouth Cycling Jac Black Jacket
15323,Men,Apparel,Topwear,Jackets,Grey,Fall,2011.0,Casual,Nike Men Solid Grey Jacket
15630,Men,Apparel,Topwear,Jackets,Black,Fall,2011.0,Sports,Nike Men AS Thermal Black Jackets
16719,Men,Apparel,Topwear,Jackets,Black,Fall,2011.0,Casual,Fila Men Solid Black Jacket
57069,Women,Apparel,Topwear,Jackets,Charcoal,Summer,2012.0,Casual,Elle Women Charcoal Waistcoat
57067,Women,Apparel,Topwear,Jackets,Green,Summer,2012.0,Casual,Elle Women Green Retro Jacket
57063,Women,Apparel,Topwear,Jackets,White,Summer,2012.0,Casual,Elle Women White Jacket
19243,Men,Apparel,Topwear,Jackets,Red,Fall,2011.0,Casual,Puma Men Padded Vest Red Jacket
20790,Men,Apparel,Topwear,Jackets,Blue,Fall,2011.0,Casual,Basics Men Blue Washed Jacket
1662,Men,Apparel,Topwear,Jackets,Navy Blue,Fall,2012.0,Sports,Nike Men Blue Windrunner Jacket
16190,Men,Apparel,Topwear,Jackets,Navy Blue,Fall,2011.0,Sports,Puma Men Heroes Navy Blue Jackets
12808,Men,Apparel,Topwear,Jackets,Blue,Fall,2011.0,Sports,Nike Men Zip Pocket Blue Jackets
14959,Men,Apparel,Topwear,Jackets,Grey,Fall,2011.0,Casual,Status Quo Men Solid Grey Jackets
15322,Men,Apparel,Topwear,Jackets,Black,Fall,2011.0,Casual,Nike Men Solid Black Jacket
9980,Men,Apparel,Topwear,Jackets,Black,Fall,2011.0,Sports,Nike Men As Sideline J Black Jackets
22608,Men,Apparel,Topwear,Jackets,Navy Blue,Fall,2011.0,Sports,Nike Men Solid Navy Blue Jacket
59132,Men,Apparel,Topwear,Jackets,Black,Summer,2012.0,Casual,Just Natural Men Black Reversible Jacket
46121,Women,Apparel,Topwear,Jackets,Black,Summer,2015.0,Casual,Wildcraft Women Black Jacket
24846,Men,Apparel,Topwear,Jackets,Grey,Summer,2015.0,Casual,Wildcraft Men Grey Wind Cheater Jacket
18509,Men,Apparel,Topwear,Jackets,Black,Fall,2011.0,Casual,C Vox Men Bubble 1344 Black Jacket
9947,Men,Apparel,Topwear,Jackets,Blue,Fall,2011.0,Sports,ADIDAS Men Torment Blue Jackets
13092,Men,Apparel,Topwear,Jackets,White,Fall,2011.0,Casual,ADIDAS Men Bnce T-Top White Jackets
19855,Men,Apparel,Topwear,Jackets,Navy Blue,Winter,2016.0,Casual,U.S. Polo Assn. Men Solid Navy Blue Jackets
59133,Men,Apparel,Topwear,Jackets,Brown,Summer,2012.0,Casual,Just Natural Men Brown Reversible Jacket
15601,Men,Apparel,Topwear,Jackets,Navy Blue,Fall,2011.0,Sports,Nike Men Football Soccer Navy Blue Jackets
11368,Women,Apparel,Topwear,Jackets,Black,Fall,2011.0,Casual,United Colors Of Benetton Women Light Winter Black Jackets
15020,Men,Apparel,Topwear,Jackets,Maroon,Fall,2011.0,Sports,ADIDAS Men Solid Maroon Jackets
9531,Men,Apparel,Topwear,Jackets,Purple,Fall,2011.0,Sports,Nike Men Summerized Wind Runner White Jackets
18520,Women,Apparel,Topwear,Jackets,Black,Fall,2011.0,Casual,C Vox Women Solid 1354 Black Jacket
15006,Men,Apparel,Topwear,Jackets,White,Fall,2011.0,Sports,ADIDAS Men Solid White Jackets
6783,Men,Apparel,Topwear,Jackets,Blue,Summer,2011.0,Casual,Timberland Men Cargo Stratham Hood Blue Jacket
13995,Women,Apparel,Topwear,Jackets,Blue,Fall,2011.0,Sports,Nike Women Solid Blue Jackets
19241,Men,Apparel,Topwear,Jackets,Black,Fall,2010.0,Casual,Puma Men Lifestyle Track Black Jacket
28502,Men,Apparel,Topwear,Jackets,Yellow,Summer,2012.0,Sports,Nike Men Windrunner Yellow Jacket
13104,Men,Apparel,Topwear,Jackets,Black,Fall,2011.0,Casual,ADIDAS Men Bnce T-Top Black Jackets
1610,Women,Apparel,Topwear,Jackets,Navy Blue,Summer,2011.0,Casual,Reebok Navy Jacket
59118,Men,Apparel,Topwear,Jackets,Navy Blue,Summer,2012.0,Casual,Just Natural Men Navy Blue Reversible Jacket
52023,Men,Apparel,Topwear,Jackets,Black,Summer,2012.0,Travel,Just Natural Unisex Black Photographers Jacket
18518,Men,Apparel,Topwear,Jackets,Navy Blue,Fall,2011.0,Casual,C Vox Men Delirious Disclosure Navy Blue Jacket
15966,Men,Apparel,Topwear,Jackets,Grey,Fall,2011.0,Casual,Turtle Solid Men Grey Jacket
6887,Women,Apparel,Topwear,Jackets,Blue,Summer,2011.0,Casual,Forever New Women Indigo Wash Blue Jacket
15039,Women,Apparel,Topwear,Jackets,Pink,Fall,2011.0,Casual,ADIDAS Women Stripes Pink Jackets
19857,Men,Apparel,Topwear,Jackets,Navy Blue,Fall,2011.0,Casual,U.S. Polo Assn. Men Reversible Navy Blue Jacket
6884,Women,Apparel,Topwear,Jackets,Cream,Summer,2011.0,Casual,Forever New Women Ivory Cream Jacket
3323,Men,Apparel,Topwear,Jackets,Blue,Summer,2011.0,Sports,KKR Mens Fangear Tee
15047,Men,Apparel,Topwear,Jackets,Navy Blue,Fall,2011.0,Sports,ADIDAS Kids Boys Solid Navy Blue Jackets
2031,Men,Apparel,Topwear,Jackets,Black,Fall,2010.0,Sports,ADIDAS Men Collared Track Jacket
9532,Men,Apparel,Topwear,Jackets,Orange,Fall,2011.0,Sports,Nike Men Summerized Wind Runner Orange Jackets
19245,Men,Apparel,Topwear,Jackets,Blue,Fall,2011.0,Casual,Puma Men Tech Graphic Hooded Jacket
15626,Men,Apparel,Topwear,Jackets,Red,Fall,2011.0,Sports,Nike Men AS Manu Auth CL N98 Red Jackets
14702,Men,Apparel,Topwear,Jackets,Black,Fall,2011.0,Casual,Basics Men Black Jackets
20792,Men,Apparel,Topwear,Jackets,Beige,Fall,2011.0,Casual,Basics Men Beige Blazer Jacket
52034,Men,Apparel,Topwear,Jackets,Black,Summer,2012.0,Casual,Just Natural Unisex Black Jacket
22314,Women,Apparel,Topwear,Jackets,Black,Fall,2011.0,Casual,Wildcraft Women Solid Black Jacket
20376,Women,Apparel,Topwear,Jackets,Blue,Fall,2011.0,Casual,Urban Yoga Women Solid Blue Jacket
57066,Women,Apparel,Topwear,Jackets,Pink,Summer,2012.0,Casual,Elle Women Pink Jacket
14309,Men,Apparel,Topwear,Jackets,Navy Blue,Fall,2011.0,Casual,ADIDAS Men Solid Navy Blue Jackets
13105,Men,Apparel,Topwear,Jackets,Black,Fall,2011.0,Sports,ADIDAS Men Ess 3s Rainjkt Black Jackets
30611,Men,Apparel,Topwear,Jackets,Grey,Summer,2012.0,Sports,Nike Men Grey Jacket
28817,Men,Apparel,Bottomwear,Jeans,Black,Summer,2012.0,Casual,Denizen Men Black Jeans
28821,Men,Apparel,Bottomwear,Jeans,Navy Blue,Summer,2012.0,Casual,Denizen Men Navy Blue Jeans
42402,Women,Apparel,Bottomwear,Jeans,Blue,Summer,2012.0,Casual,Flying Machine Women Blue Denim Shorts
13260,Women,Apparel,Bottomwear,Jeans,Black,Fall,2011.0,Casual,Palm Tree Kids Girl Washed Black Jeans
36741,Men,Apparel,Bottomwear,Jeans,Blue,Summer,2012.0,Casual,Spykar Men Aza Blue Jeans
39385,Men,Apparel,Bottomwear,Jeans,Grey,Summer,2012.0,Casual,Peter England Men Grey Jeans
46890,Men,Apparel,Bottomwear,Jeans,Blue,Summer,2012.0,Casual,Locomotive Men Blue Jeans
48499,Women,Apparel,Bottomwear,Jeans,Grey,Winter,2011.0,Casual,French Connection Women Black Jeans
11306,Women,Apparel,Bottomwear,Jeans,Blue,Fall,2011.0,Casual,Wrangler Women Blue Sophia Jeans
13350,Women,Apparel,Bottomwear,Jeans,Blue,Fall,2011.0,Casual,Spykar Blue Washed Jeans
9168,Men,Apparel,Bottomwear,Jeans,Blue,Fall,2011.0,Casual,Locomotive Men Radley Blue Jeans
43318,Women,Apparel,Bottomwear,Jeans,Black,Summer,2012.0,Casual,United Colors of Benetton Women Black Jeans
51584,Women,Apparel,Bottomwear,Jeans,Blue,Summer,2012.0,Casual,Wrangler Women Blue Molly Jeans
51365,Women,Apparel,Bottomwear,Jeans,Blue,Summer,2012.0,Casual,Spykar  Women Blue Jeans
31337,Men,Apparel,Bottomwear,Jeans,Blue,Summer,2012.0,Casual,Locomotive Men Washed Blue Jeans
18193,Men,Apparel,Bottomwear,Jeans,Blue,Fall,2011.0,Casual,Deni Yo Men Washed Blue Slim Fit Jeans
42258,Men,Apparel,Bottomwear,Jeans,Blue,Summer,2012.0,Casual,John Players Men Blue Jeans
57072,Women,Apparel,Bottomwear,Jeans,Blue,Summer,2012.0,Casual,Elle Women Blue Jeans
51502,Women,Apparel,Bottomwear,Jeans,Blue,Summer,2012.0,Casual,Denizen Women Greenish Blue Jeans
51363,Women,Apparel,Bottomwear,Jeans,Blue,Summer,2012.0,Casual,Spykar  Women Jeans
50952,Women,Apparel,Bottomwear,Jeans,Blue,Summer,2013.0,Casual,Lee Womens Blue Roxy Fit Jeans
48393,Men,Apparel,Bottomwear,Jeans,Navy Blue,Summer,2012.0,Casual,French Connection Navy Washed Skinny Stretchable Jeans
51591,Women,Apparel,Bottomwear,Jeans,Navy Blue,Summer,2012.0,Casual,Wrangler Women Navy Blue Giselle Jeans
11281,Men,Apparel,Bottomwear,Jeans,Blue,Summer,2016.0,Casual,Wrangler Men Blue Texas Jeans
11520,Women,Apparel,Bottomwear,Jeans,Black,Fall,2011.0,Casual,United Colors of Benetton Women Denim Black Jeans
51587,Women,Apparel,Bottomwear,Jeans,Navy Blue,Summer,2012.0,Casual,Wrangler Women Navy Blue Molly Jeans
11308,Men,Apparel,Bottomwear,Jeans,Black,Spring,2013.0,Casual,Wrangler Men Black Jim Slim Fit Jeans
16921,Men,Apparel,Bottomwear,Jeans,Blue,Fall,2011.0,Casual,Spykar Men Washed Blue Jeans
10487,Men,Apparel,Bottomwear,Jeans,Blue,Fall,2011.0,Casual,Flying Machine Men Midrise Blue Jeans
12751,Men,Apparel,Bottomwear,Jeans,Blue,Fall,2011.0,Casual,Spykar Men Ep Jeans Blue Jeans
51499,Women,Apparel,Bottomwear,Jeans,Blue,Summer,2012.0,Casual,Denizen Women Blue Jeans
27935,Women,Apparel,Bottomwear,Jeans,Lavender,Summer,2012.0,Casual,Jealous 21 Women Lavender Magic Colour Jeans
50961,Women,Apparel,Bottomwear,Jeans,Black,Summer,2013.0,Casual,Lee Women Black Jeans
41346,Men,Apparel,Bottomwear,Jeans,Navy Blue,Summer,2016.0,Casual,Wrangler Men Navy Blue Texas Jeans
11244,Women,Apparel,Bottomwear,Jeans,Blue,Fall,2011.0,Casual,Flying Machine Women Lowrise Blue Jeans
50962,Women,Apparel,Bottomwear,Jeans,Blue,Winter,2011.0,Casual,Lee Womens Blue Maxi Fit Jeans
7190,Women,Apparel,Bottomwear,Jeans,Black,Fall,2011.0,Casual,Jealous 21 Women Rinse Wash Black Jegging
43422,Men,Apparel,Bottomwear,Jeans,Blue,Winter,2013.0,Casual,SPYKAR Men Blue Slim Fit Jeans
9174,Men,Apparel,Bottomwear,Jeans,Blue,Fall,2011.0,Casual,Locomotive Men Balin Blue Jeans
56829,Men,Apparel,Bottomwear,Jeans,Blue,Fall,2012.0,Casual,John Players Men Blue Slim Fit Low-Rise Clean Look Stretchable Jeans
36732,Women,Apparel,Bottomwear,Jeans,Blue,Summer,2012.0,Casual,Spykar Women Liana Blue Jeans
14625,Men,Apparel,Bottomwear,Jeans,Blue,Fall,2011.0,Casual,United Colors of Benetton Men Washed Blue Jeans
7191,Women,Apparel,Bottomwear,Jeans,Grey,Fall,2011.0,Casual,Jealous 21 Women Jealous Grey Jegging
14114,Men,Apparel,Bottomwear,Jeans,Blue,Fall,2011.0,Casual,Flying Machine Men Washed Jeans
48386,Men,Apparel,Bottomwear,Jeans,Black,Summer,2012.0,Casual,French Connection Men Black Jeans
11346,Men,Apparel,Bottomwear,Jeans,Blue,Spring,2013.0,Casual,Lee Men Blue Zed Fit Jeans
27019,Women,Apparel,Bottomwear,Jeans,Blue,Summer,2012.0,Casual,Jealous 21 Women Washed Light Blue Jeans
7193,Women,Apparel,Bottomwear,Jeans,Black,Fall,2011.0,Casual,Jealous 21 Women Black Jegging
27006,Women,Apparel,Bottomwear,Jeans,Navy Blue,Summer,2012.0,Casual,Jealous 21 Women Washed Navy Blue Jeggings
48098,Women,Apparel,Bottomwear,Jeans,Blue,Summer,2012.0,Casual,French Connection Women Blue Jeans
40352,Women,Apparel,Bottomwear,Jeans,Navy Blue,Summer,2012.0,Casual,Tokyo Talkies Women Navy Blue Slim Fit Jeans
14127,Men,Apparel,Bottomwear,Jeans,Blue,Winter,2016.0,Casual,Flying Machine Men Washed Blue Jeans
43420,Men,Apparel,Bottomwear,Jeans,Blue,Summer,2012.0,Casual,Spykar Men Blue Jeans
27015,Women,Apparel,Bottomwear,Jeans,White,Summer,2012.0,Casual,Jealous 21 Women White Jeans
56828,Men,Apparel,Bottomwear,Jeans,Blue,Fall,2013.0,Casual,John Players Men Blue Slim Fit Jeans
43246,Men,Apparel,Bottomwear,Jeans,Blue,Summer,2012.0,Casual,Denizen Men Blue Jeans
50950,Women,Apparel,Bottomwear,Jeans,Blue,Winter,2011.0,Casual,Lee Womens Blue Jeans
51356,Women,Apparel,Bottomwear,Jeans,Blue,Summer,2012.0,Casual,Spykar Women Blue Jeans
44585,Men,Apparel,Bottomwear,Jeans,Black,Summer,2017.0,Casual,Lee Men Black Skinny Fit Jeans
20353,Women,Apparel,Bottomwear,Jeans,Blue,Fall,2011.0,Casual,Spykar Women Washed Blue Jeans
32560,Women,Apparel,Bottomwear,Jeans,Blue,Summer,2012.0,Casual,ONLY Women Blue Jeans
9147,Women,Apparel,Bottomwear,Jeans,Blue,Fall,2011.0,Casual,Lee Women SS Blue Jeans
9171,Men,Apparel,Bottomwear,Jeans,Blue,Fall,2011.0,Casual,Locomotive Men Lio Blue Jeans
23451,Men,Apparel,Bottomwear,Jeans,Black,Summer,2012.0,Casual,Deni Yo Men Black Washed Slim Fit Jeans
43249,Women,Apparel,Bottomwear,Jeans,Blue,Summer,2012.0,Casual,Denizen Women Blue Skinny Thunder Jeans
9164,Men,Apparel,Bottomwear,Jeans,Blue,Fall,2011.0,Casual,Locomotive Men Cam Blue Jeans
52555,Women,Apparel,Bottomwear,Jeans,Blue,Summer,2012.0,Casual,Pepe Jeans Women Blue Jeans
39381,Men,Apparel,Bottomwear,Jeans,Black,Summer,2012.0,Casual,Peter England Men Party Black Jeans
9179,Men,Apparel,Bottomwear,Jeans,Blue,Fall,2011.0,Casual,Locomotive Men Euro Blue Jeans
44930,Men,Apparel,Bottomwear,Jeans,Blue,Summer,2012.0,Casual,Jack & Jones Men Blue Jeans
50963,Women,Apparel,Bottomwear,Jeans,Blue,Summer,2013.0,Casual,Lee Womens Blue Jeggings
11298,Men,Apparel,Bottomwear,Jeans,Blue,Fall,2011.0,Casual,Wrangler Men Blue Floyd Jeans
7180,Women,Apparel,Bottomwear,Jeans,Blue,Fall,2011.0,Casual,Jealous 21 Women Zipped Ankle Shimmer Blue Jeans
20910,Men,Apparel,Bottomwear,Jeans,Blue,Fall,2011.0,Casual,Deni Yo Men Washed Blue Jeans
48399,Men,Apparel,Bottomwear,Jeans,Blue,Summer,2012.0,Casual,French Connection Men Blue Jeans
33538,Women,Apparel,Bottomwear,Jeans,Black,Summer,2012.0,Casual,Wrangler Women Black Giselle Jeans
56795,Men,Apparel,Bottomwear,Jeans,Blue,Summer,2010.0,Casual,Horsefly Men Blue Jeans
52235,Men,Apparel,Bottomwear,Jeans,Blue,Summer,2012.0,Casual,Pepe Jeans Men Dark Blue Jeans
9169,Men,Apparel,Bottomwear,Jeans,Blue,Fall,2011.0,Casual,Locomotive Men Ian Blue Jeans
15674,Men,Apparel,Bottomwear,Jeans,Blue,Fall,2011.0,Casual,Highlander Men High Original Blue Jeans
11350,Men,Apparel,Bottomwear,Jeans,Blue,Spring,2013.0,Casual,Lee Men Msyria Blue Chicago Fit Jeans
44583,Men,Apparel,Bottomwear,Jeans,Blue,Summer,2017.0,Casual,Lee Men Blue Scraped Jeans
7189,Women,Apparel,Bottomwear,Jeans,Blue,Fall,2011.0,Casual,Jealous 21 Women Rinse Wash Blue Jegging
51354,Women,Apparel,Bottomwear,Jeans,Blue,Summer,2012.0,Casual,Spykar Women Light Blue Jeans
51497,Women,Apparel,Bottomwear,Jeans,Navy Blue,Summer,2012.0,Casual,Denizen Women Navy Blue Jeans
11302,Women,Apparel,Bottomwear,Jeans,Blue,Fall,2011.0,Casual,Wrangler Women Blue Michelle Jeans
11239,Women,Apparel,Bottomwear,Jeans,Black,Fall,2011.0,Casual,Flying Machine Women Low Rise Black Jeans
29178,Women,Apparel,Bottomwear,Jeans,Blue,Summer,2012.0,Casual,United Colors of Benetton Women Washed Blue Jeans
41347,Men,Apparel,Bottomwear,Jeans,,Fall,2016.0,Casual,Wrangler Men Black Texas Jeans
23665,Men,Apparel,Bottomwear,Jeans,Blue,Fall,2011.0,Casual,Spykar Men Blue Washed Jeans
39386,Men,Apparel,Bottomwear,Jeans,Blue,Summer,2012.0,Casual,Peter England Men Party Blue Jeans
11340,Men,Apparel,Bottomwear,Jeans,Blue,Summer,2017.0,Casual,Lee Men Blue Chicago Fit Jeans
11334,Men,Apparel,Bottomwear,Jeans,Navy Blue,Fall,2011.0,Casual,United Colors of Benetton Men Washed Navy Blue Jeans
9145,Women,Apparel,Bottomwear,Jeans,Blue,Summer,2013.0,Casual,Lee Women Rinsed Blue Roxy Fit Jeans
57209,Women,Apparel,Bottomwear,Jeans,Blue,Fall,2012.0,Casual,Kraus Jeans Women Blue Jeans
13246,Men,Apparel,Bottomwear,Jeans,Blue,Fall,2011.0,Casual,Palm Tree Kids Boy Washed Blue Jeans
41356,Men,Apparel,Bottomwear,Jeans,Blue,Summer,2016.0,Casual,Wrangler Men Blue Skanders Jeans
9178,Men,Apparel,Bottomwear,Jeans,Blue,Fall,2011.0,Casual,Locomotive Men Eero Blue Jeans
11320,Men,Apparel,Bottomwear,Jeans,Grey,Fall,2011.0,Casual,United Colors of Benetton Men Washed Grey Jeans
9191,Men,Apparel,Bottomwear,Jeans,Blue,Fall,2011.0,Casual,SPYKAR Men Slim Fit Free Republic Wheeler Spirit Blue Jeans
30098,Men,Apparel,Bottomwear,Jeans,Black,Winter,2016.0,Casual,Flying Machine Men Washed Black Jeans
14121,Men,Apparel,Bottomwear,Jeans,Blue,Winter,2016.0,Casual,Flying Machine Washed Blue Jeans
48378,Men,Apparel,Bottomwear,Jeans,Blue,Summer,2012.0,Casual,French Connection Men Blue paint Stained Regular Fit Jeans
9187,Men,Apparel,Bottomwear,Jeans,Blue,Fall,2011.0,Casual,Spykar Men Style Essentials Spykar Basic Attire Series 0428 Blue Jeans
36742,Women,Apparel,Bottomwear,Jeans,Blue,Summer,2012.0,Casual,Spykar Women Aza Blue Jeans
27008,Women,Apparel,Bottomwear,Jeans,Black,Summer,2012.0,Casual,Jealous 21 Women Washed Black Jeggings
50942,Women,Apparel,Bottomwear,Jeans,Blue,Summer,2013.0,Casual,Lee Women Blue Jeans
21583,Men,Apparel,Bottomwear,Jeans,Black,Summer,2011.0,Casual,Locomotive Men Washed Black Jeans
23450,Men,Apparel,Bottomwear,Jeans,Black,Fall,2011.0,Casual,Deni Yo Men Black Slim Fit Jeans
44580,Men,Apparel,Bottomwear,Jeans,Black,Summer,2017.0,Casual,Lee Men Black Jet Jeans
30442,Men,Apparel,Bottomwear,Jeans,Blue,Summer,2012.0,Casual,Deni Yo Men Blue Slim Fit Jeans
14116,Men,Apparel,Bottomwear,Jeans,Blue,Fall,2011.0,Casual,Flying Machine Men Blue Jeans
48397,Men,Apparel,Bottomwear,Jeans,Grey,Summer,2012.0,Casual,French Connection Men Grey Jeans
11305,Women,Apparel,Bottomwear,Jeans,Blue,Fall,2011.0,Casual,Wrangler Women Blue Custom Jeans
46908,Men,Apparel,Bottomwear,Jeans,White,Summer,2012.0,Casual,Peter England Men White Jeans
30411,Men,Apparel,Bottomwear,Jeans,Blue,Summer,2012.0,Casual,Deni Yo Men Slim Fit Washed Blue Jeans
13351,Women,Apparel,Bottomwear,Jeans,Black,Fall,2011.0,Casual,Spykar Women Washed Black Jeans
41360,Men,Apparel,Bottomwear,Jeans,Navy Blue,Summer,2016.0,Casual,Wrangler Men Navy Blue Millard Jeans
44581,Men,Apparel,Bottomwear,Jeans,Navy Blue,Summer,2017.0,Casual,Lee Rinse Navy Blue Slim Fit Jeans
24753,Women,Apparel,Bottomwear,Jeans,Blue,Fall,2012.0,Casual,Spykar Women Blue Slim Fit Jeans
46909,Men,Apparel,Bottomwear,Jeans,Blue,Summer,2012.0,Casual,Peter England Men Blue Jeans
24202,Men,Apparel,Bottomwear,Jeans,Blue,Summer,2012.0,Casual,Deni Yo Men Slim Fit Blue Jeans
27024,Women,Apparel,Bottomwear,Jeans,Blue,Summer,2012.0,Casual,Jealous 21 Women Washed Blue Jeans
51475,Men,Apparel,Bottomwear,Jeans,Blue,Summer,2012.0,Casual,Denizen Men Light Blue Jeans
9176,Men,Apparel,Bottomwear,Jeans,Grey,Fall,2011.0,Casual,Locomotive Men Barney Grey Jeans
11237,Women,Apparel,Bottomwear,Jeans,Blue,Fall,2011.0,Casual,Flying Machine Women Blue Jeans
23401,Women,Apparel,Bottomwear,Jeans,Blue,Summer,2012.0,Casual,Spykar Women Jeans
32561,Women,Apparel,Bottomwear,Jeans,Peach,Summer,2012.0,Casual,ONLY Women Peach Jeans
27020,Women,Apparel,Bottomwear,Jeans,Navy Blue,Summer,2012.0,Casual,Jealous 21 Women Navy Blue Jeans
13261,Women,Apparel,Bottomwear,Jeans,Blue,Fall,2011.0,Casual,Palm Tree Kids Girl Washed Blue Jeans
12753,Men,Apparel,Bottomwear,Jeans,Black,Fall,2011.0,Casual,Spykar Men Ep Jeans Black Jeans
11341,Men,Apparel,Bottomwear,Jeans,Blue,Summer,2017.0,Casual,Lee Men Light Blue Chicago Fit Jeans
57077,Women,Apparel,Bottomwear,Jeans,Blue,Summer,2012.0,Casual,Elle Women Light Blue Jeans
31162,Unisex,Apparel,Bottomwear,Jeans,Blue,Summer,2012.0,Casual,Gini and Jony Kids Unisex Blue Jeans
41889,Men,Apparel,Bottomwear,Jeans,Blue,Winter,2016.0,Casual,Flying Machine Men Blue Slim Fit Mid-Rise Clean Look Jeans
51500,Women,Apparel,Bottomwear,Jeans,Black,Summer,2012.0,Casual,Denizen Women Black Jeans
7186,Women,Apparel,Bottomwear,Jeans,Blue,Fall,2011.0,Casual,Jealous 21 Women Supper Skinny Zipped Blue Jeans
27926,Women,Apparel,Bottomwear,Jeans,Blue,Summer,2012.0,Casual,Scullers For Her Women Blue Jeans
12760,Women,Apparel,Bottomwear,Jeans,Blue,Summer,2011.0,Casual,Spykar Women Blue Washed Jeans
51367,Women,Apparel,Bottomwear,Jeans,Navy Blue,Summer,2012.0,Casual,Spykar Women Navy Blue Jeans
9189,Men,Apparel,Bottomwear,Jeans,Blue,Fall,2011.0,Casual,Spykar Men Style Essentials Spykar Jeans Rns Blue Jeans
11342,Men,Apparel,Bottomwear,Jeans,Black,Spring,2013.0,Casual,Lee Men Black Chicago Fit Jeans
11292,Men,Apparel,Bottomwear,Jeans,Blue,Summer,2016.0,Casual,Wrangler Men Blue Millard Jeans
16920,Men,Apparel,Bottomwear,Jeans,Navy Blue,Fall,2011.0,Casual,Spykar Men Washed Navy Blue Jeans
48385,Men,Apparel,Bottomwear,Jeans,Navy Blue,Summer,2012.0,Casual,French Connection Men Navy Blue Jeans
11318,Women,Apparel,Bottomwear,Jeans,Black,Fall,2011.0,Casual,United Colors of Benetton Women Solid Black Jeans
11347,Men,Apparel,Bottomwear,Jeans,Blue,Summer,2017.0,Casual,Lee Men Elvira Rinse Blue Chicago Fit Jeans
7708,Women,Apparel,Bottomwear,Jeans,Blue,Fall,2011.0,Casual,Jealous 21 Women Aliah Blue Jegging
40364,Women,Apparel,Bottomwear,Jeans,Navy Blue,Summer,2012.0,Casual,Tokyo Talkies Women Navy Jeans
40371,Women,Apparel,Bottomwear,Jeans,Navy Blue,Summer,2012.0,Casual,Tokyo Talkies Women Navy Slim Fit Jeans
27017,Women,Apparel,Bottomwear,Jeans,Blue,Summer,2012.0,Casual,Jealous 21 Women Blue Jeans
9170,Men,Apparel,Bottomwear,Jeans,Blue,Fall,2011.0,Casual,Locomotive Men Lain Blue Jeans
58561,Women,Apparel,Bottomwear,Jeans,Blue,Fall,2012.0,Casual,Puma Women Blue Jeans
5771,Women,Apparel,Bottomwear,Jeans,Black,Summer,2011.0,Casual,Jealous 21 Women's Black Grey Jegging
4940,Men,Apparel,Bottomwear,Jeans,Blue,Summer,2011.0,Casual,Gini and Jony Boys Karnel Jeans
12333,Women,Apparel,Bottomwear,Jeans,Blue,Fall,2011.0,Casual,Spykar Women Ep Jeans Blue Jeans
18486,Women,Apparel,Bottomwear,Jeans,Blue,Fall,2011.0,Casual,Puma Women Washed Blue Jeans
13671,Unisex,Apparel,Bottomwear,Jeans,Blue,Fall,2011.0,Casual,Levis Kids Blue Solid Jean
7709,Women,Apparel,Bottomwear,Jeans,Black,Fall,2011.0,Casual,Jealous 21 Women's Aaren Black Jegging
7188,Women,Apparel,Bottomwear,Jeans,Blue,Fall,2011.0,Casual,Jealous 21 Women Supper Skinny Zipped Medium Blue Jeans
24194,Men,Apparel,Bottomwear,Jeans,Black,Summer,2012.0,Casual,Deni Yo Men Slim Fit Black Jeans
11353,Men,Apparel,Bottomwear,Jeans,Blue,Fall,2013.0,Casual,Lee Men Sanskrit Blue Rodeo Fit Jeans
27203,Men,Apparel,Bottomwear,Jeans,Blue,Summer,2012.0,Casual,Doodle Kids Boy  Blue Jeans
52548,Men,Apparel,Bottomwear,Jeans,Blue,Summer,2012.0,Casual,Pepe Jeans Men Blue Jeans
9150,Women,Apparel,Bottomwear,Jeans,Black,Summer,2013.0,Casual,Lee Black Maxi Super-Skinny Jeans
18488,Men,Apparel,Bottomwear,Jeans,Blue,Fall,2011.0,Casual,Puma Men Stetchable Blue Jeans
11345,Men,Apparel,Bottomwear,Jeans,Black,Fall,2011.0,Casual,Lee Men Elvira Rinse Black Jeans
24204,Men,Apparel,Bottomwear,Jeans,Blue,Summer,2012.0,Casual,Deni Yo Men Skinny Fit Blue Jeans
24692,Men,Apparel,Bottomwear,Jeans,Black,Fall,2011.0,Casual,Locomotive Men Black Jeans
31668,Men,Apparel,Bottomwear,Jeans,Grey,Summer,2012.0,Casual,Spykar Men Grey Jeans
23455,Men,Apparel,Bottomwear,Jeans,Blue,Summer,2012.0,Casual,Deni Yo Men Blue Washed Slim Fit Jeans
31352,Men,Apparel,Bottomwear,Jeans,Navy Blue,Summer,2012.0,Casual,Locomotive Men Navy Blue Jeans
27936,Women,Apparel,Bottomwear,Jeans,Grey,Summer,2012.0,Casual,Jealous 21 Women Grey Magic Colour Jeans
26996,Women,Apparel,Bottomwear,Jeans,Black,Summer,2012.0,Casual,Jealous 21 Women Washed Black Jeans
14131,Women,Apparel,Bottomwear,Jeans,Blue,Fall,2011.0,Casual,Flying Machine Women Washed Blue Jeans
46910,Men,Apparel,Bottomwear,Jeans,Black,Summer,2012.0,Casual,Peter England Men Black Jeans
44584,Men,Apparel,Bottomwear,Jeans,Blue,Summer,2017.0,Casual,Lee Men Blue Brushed Jeans
9186,Men,Apparel,Bottomwear,Jeans,Blue,Fall,2011.0,Casual,Spykar Men Free Wheeler Spirit Denim Blue Jeans
9195,Men,Apparel,Bottomwear,Jeans,Blue,Fall,2011.0,Casual,Spykar Men Style Essentials Kns 0542 Blue Jeans
44579,Men,Apparel,Bottomwear,Jeans,Blue,Spring,2013.0,Casual,Lee Men Blue Pent Jeans
9142,Women,Apparel,Bottomwear,Jeans,Black,Summer,2013.0,Casual,Lee Women Black Eva Fit Jeans
54334,Women,Apparel,Bottomwear,Jeans,Blue,Fall,2012.0,Casual,Tokyo Talkies Women Blue Straight Skinny Fit Jeans
41361,Men,Apparel,Bottomwear,Jeans,Navy Blue,Spring,2013.0,Casual,Wrangler Men Navy Blue Floyd Jeans
9167,Men,Apparel,Bottomwear,Jeans,Blue,Fall,2011.0,Casual,Locomotive Men Race Blue Jeans
11242,Women,Apparel,Bottomwear,Jeans,Black,Fall,2011.0,Casual,Flying Machine Women Veron Black Jeans
11240,Women,Apparel,Bottomwear,Jeans,Blue,Fall,2011.0,Casual,Flying Machine Women Low Rise Blue Jeans
9175,Men,Apparel,Bottomwear,Jeans,Blue,Fall,2011.0,Casual,Locomotive Men Banks Blue Jeans
32559,Women,Apparel,Bottomwear,Jeans,Black,Summer,2012.0,Casual,ONLY Women Black Jeans
2821,Men,Footwear,Sandal,Sandals,Brown,Summer,2012.0,Formal,Lee Cooper Men Formal Leather Brown Sandal
2820,Men,Footwear,Sandal,Sandals,Black,Summer,2012.0,Formal,Lee Cooper Men Formal Leather Black Sandal
9707,Men,Footwear,Sandal,Sandals,Brown,Fall,2011.0,Formal,Hush Puppies Men Walsh Brown Sandals
11908,Men,Footwear,Sandal,Sandals,Brown,Summer,2012.0,Formal,Franco Leone Men Casual Brown Sandals
9023,Men,Footwear,Sandal,Sandals,Black,Winter,2011.0,Formal,Buckaroo Men Lucia Black Sandals
11911,Men,Footwear,Sandal,Sandals,Black,Summer,2011.0,Formal,Franco Leone Men Casual Black Sandals
9716,Men,Footwear,Sandal,Sandals,Brown,Winter,2015.0,Formal,Hush Puppies Men Decent Brown Sandals
43005,Men,Footwear,Sandal,Sandals,Olive,Fall,2012.0,Casual,Nike Men Olive Sandals
26544,Men,Footwear,Sandal,Sandals,Blue,Fall,2012.0,Casual,ID Men Blue Sandals
33649,Men,Footwear,Sandal,Sandals,Black,Summer,2012.0,Casual,Lotto Men Stride Black Sandals
33647,Men,Footwear,Sandal,Sandals,Black,Summer,2012.0,Casual,Lotto Men Ridge Black Sandals
11965,Men,Footwear,Sandal,Sandals,Black,Fall,2012.0,Casual,Ganuchi Men Grey Sandals
50755,Men,Footwear,Sandal,Sandals,Black,Winter,2018.0,Casual,Red Chief Men Black Sandals
5606,Men,Footwear,Sandal,Sandals,Black,Summer,2011.0,Casual,ADIDAS Men Kendall Black Floater
3581,Men,Footwear,Sandal,Sandals,Black,Fall,2013.0,Casual,ADIDAS Men Black Cobalt Sandal
11943,Men,Footwear,Sandal,Sandals,Brown,Winter,2012.0,Casual,Ganuchi Men Brown Sandals
2803,Men,Footwear,Sandal,Sandals,Beige,Fall,2009.0,Casual,iD Men Casual Leather/Felt Beige Sandal
6914,Men,Footwear,Sandal,Sandals,Black,Summer,2011.0,Casual,Timberland Men City Black Floater
39823,Men,Footwear,Sandal,Sandals,Brown,Summer,2012.0,Casual,Red Tape Men Brown Sandals
22889,Men,Footwear,Sandal,Sandals,Khaki,Summer,2012.0,Casual,Woodland Men Khaki Sandals
44518,Men,Footwear,Sandal,Sandals,Black,Summer,2012.0,Casual,Coolers Men Black Sandals
8284,Men,Footwear,Sandal,Sandals,Black,Fall,2011.0,Casual,Skechers Men Arnold Black Floater
57944,Men,Footwear,Sandal,Sandals,Black,Winter,2013.0,Casual,Clarks Men Black Leather Sandals
2230,Men,Footwear,Sandal,Sandals,Black,Fall,2010.0,Casual,Puma Men Cruise Black Sandal
8638,Unisex,Footwear,Sandal,Sandals,Brown,Fall,2011.0,Casual,Crocs Khakhi Sandals
22894,Men,Footwear,Sandal,Sandals,Brown,Summer,2016.0,Casual,Woodland Men Camel Casual Sandals
9719,Men,Footwear,Sandal,Sandals,Black,Fall,2011.0,Casual,Hush Puppies Men Walsh Black Sandals
4447,Men,Footwear,Sandal,Sandals,Black,Summer,2011.0,Casual,Nike Men Extra Wilderness Black Orange Sandal
13904,Men,Footwear,Sandal,Sandals,Grey,Fall,2011.0,Casual,Nike Men Straprunner Grey Sandals
22171,Men,Footwear,Sandal,Sandals,Brown,Fall,2012.0,Casual,Timberland Men Brown Sandals
20796,Men,Footwear,Sandal,Sandals,Olive,Fall,2010.0,Casual,Fila Men Tremor Olive Sandal
8754,Unisex,Footwear,Sandal,Sandals,Red,Fall,2011.0,Casual,Crocs Kids Duet Red Floater
13375,Men,Footwear,Sandal,Sandals,Blue,Fall,2011.0,Casual,Timberland Men Jeunes Blue Sandals
41456,Men,Footwear,Sandal,Sandals,Beige,Summer,2012.0,Casual,Lee Cooper Men Beige Sandals
20840,Men,Footwear,Sandal,Sandals,Olive,Fall,2011.0,Casual,Puma Men Drifter Cat II Olive Slippers
1783,Men,Footwear,Sandal,Sandals,Grey,Spring,2011.0,Sports,Quechua Men Grey Sandal
40314,Unisex,Footwear,Sandal,Sandals,White,Winter,2013.0,Casual,Warner Bros Kids Unisex White sandals
3832,Unisex,Footwear,Sandal,Sandals,Pink,Summer,2011.0,Casual,Crocs Kid's Crocband Fuchsia Pink Kidswear
13128,Men,Footwear,Sandal,Sandals,Brown,Fall,2011.0,Casual,Lee Cooper Men Brown Sandals
11962,Men,Footwear,Sandal,Sandals,Black,Fall,2012.0,Casual,Ganuchi Men Casual Black Slipper
10303,Men,Footwear,Shoes,Sandals,Brown,Summer,2016.0,Casual,Clarks Men Brown Leather Sandals
12866,Men,Footwear,Sandal,Sandals,Black,Spring,2012.0,Casual,Lee Cooper Men Casual Black Slippers
44447,Men,Footwear,Sandal,Sandals,Black,Summer,2013.0,Casual,Gliders Men Black Fighter Sandals
10115,Unisex,Footwear,Sandal,Sandals,Grey,Fall,2011.0,Casual,Reebok Unisex Adventure Sports Grey Sandals
12924,Men,Footwear,Sandal,Sandals,Black,Spring,2012.0,Casual,iD Men Casual Black Sandals
2225,Men,Footwear,Sandal,Sandals,Black,Fall,2010.0,Sports,Puma Men Trek Black Sandal
41869,Men,Footwear,Sandal,Sandals,Yellow,Fall,2015.0,Casual,Estd. 1977 Men Yellow & Brown Sandals
34521,Men,Footwear,Sandal,Sandals,Black,Summer,2012.0,Casual,Red Tape Men Black Sandals
46289,Men,Footwear,Sandal,Sandals,Olive,Summer,2012.0,Casual,ADIDAS Men Olive Pural Sandals
11980,Men,Footwear,Sandal,Sandals,Black,Fall,2011.0,Casual,Fila Men Motor Sports Black Sandals
4106,Men,Footwear,Sandal,Sandals,Grey,Summer,2011.0,Casual,Fila Men Tremor Grey Sandal
9717,Men,Footwear,Sandal,Sandals,Black,Winter,2015.0,Casual,Hush Puppies Men Decent Black Sandals
59311,Men,Footwear,Sandal,Sandals,Black,Fall,2012.0,Casual,Gliders Men Black Sandals
3577,Men,Footwear,Sandal,Sandals,Black,Summer,2011.0,Casual,ADIDAS Men Black Alumin Sandal
36421,Men,Footwear,Sandal,Sandals,Grey,Spring,2013.0,Casual,Spinn Men Aura Grey Sandals
15862,Unisex,Footwear,Sandal,Sandals,Blue,Fall,2012.0,Casual,Warner Bros Kids Unisex SD Face Sandal Blue Sandals
13914,Men,Footwear,Sandal,Sandals,Black,Fall,2011.0,Casual,Nike Men Air Max Elevate Black Sandals
57484,Men,Footwear,Sandal,Sandals,Black,Fall,2012.0,Casual,ID Men Black & White Sandals
59312,Men,Footwear,Sandal,Sandals,Grey,Fall,2012.0,Casual,Gliders Men Grey Sandals
15864,Unisex,Footwear,Sandal,Sandals,Navy Blue,Fall,2012.0,Casual,Warner Bros Kids Unisex SD FAce Sandal Navy Blue Sandals
43377,Men,Footwear,Sandal,Sandals,Navy Blue,Summer,2013.0,Casual,Reebok Men Navy Blue Coalition Sandals
6146,Unisex,Footwear,Sandal,Sandals,Brown,Summer,2011.0,Casual,Puma Unisex K9 Coffee Beige Floater
28333,Men,Footwear,Sandal,Sandals,Brown,Winter,2018.0,Casual,Red Tape Men Casual Brown Sandals
58820,Men,Footwear,Sandal,Sandals,Brown,Fall,2013.0,Casual,Skechers Men Brown Sandals
50758,Men,Footwear,Sandal,Sandals,Khaki,Winter,2018.0,Casual,Red Chief Men Khaki Sandals
4105,Men,Footwear,Sandal,Sandals,Navy Blue,Summer,2011.0,Casual,Fila Men Tremor Navy Sandal
23677,Men,Footwear,Sandal,Sandals,Brown,Summer,2012.0,Casual,Red Tape Men Cross Band Brown Sandals
11936,Men,Footwear,Sandal,Sandals,Black,Summer,2011.0,Casual,Ganuchi Men Casual Black Sandals
7773,Unisex,Footwear,Sandal,Sandals,White,Summer,2012.0,Casual,Converse Unisex As Chucks White Floater
15858,Unisex,Footwear,Sandal,Sandals,Green,Fall,2011.0,Casual,Warner Bros Kids Unisex LT Blug Clog Green Sandals
6398,Men,Footwear,Sandal,Sandals,Black,Summer,2011.0,Casual,Lotto Men Rebel Black Floater
6351,Unisex,Footwear,Sandal,Sandals,Red,Summer,2011.0,Casual,Crocs Kids Red Clogs
3583,Men,Footwear,Sandal,Sandals,Blue,Summer,2011.0,Casual,ADIDAS Men's Blue White Flip Flop
40313,Unisex,Footwear,Sandal,Sandals,White,Winter,2013.0,Casual,Warner Bros Kids White sandals
28331,Men,Footwear,Sandal,Sandals,Brown,Winter,2018.0,Casual,Redtape Men Casual Brown Sandals
18670,Men,Footwear,Sandal,Sandals,Black,Fall,2011.0,Casual,Fila Men Cavander Black Sandals
35592,Men,Footwear,Sandal,Sandals,Navy Blue,Summer,2013.0,Casual,Gliders Men Navy Blue Sandals
56412,Men,Footwear,Sandal,Sandals,Charcoal,Spring,2013.0,Casual,GAS Men Charcoal Sandals
6408,Men,Footwear,Sandal,Sandals,Beige,Summer,2011.0,Casual,Lotto Men Cross Beige Floater
11946,Men,Footwear,Sandal,Sandals,Brown,Summer,2012.0,Casual,Ganuchi Men Casual Brown Sandals
9796,Unisex,Footwear,Sandal,Sandals,Brown,Fall,2011.0,Casual,Hush Puppies Unisex Slip on Brown Floaters
6136,Unisex,Footwear,Sandal,Sandals,Brown,Summer,2011.0,Casual,Puma Unisex Winch Brown Beige Floater
35645,Men,Footwear,Sandal,Sandals,Black,Summer,2013.0,Casual,U.S. Polo Assn. Men Black Sandals
40304,Unisex,Footwear,Sandal,Sandals,Blue,Winter,2013.0,Casual,Warner Bros Kids Unisex Blue sandals
9212,Men,Footwear,Sandal,Sandals,Black,Fall,2011.0,Casual,Puma Men Apex Black Floaters
24686,Men,Footwear,Sandal,Sandals,Black,Fall,2011.0,Casual,Lee Cooper Men Classic Black Sandals
6396,Men,Footwear,Sandal,Sandals,Beige,Summer,2011.0,Casual,Lotto Men Revenge 02 Beige Grey Floater
7985,Unisex,Footwear,Sandal,Sandals,Green,Fall,2011.0,Casual,Fila Unisex Glory Olive Lemon Yellow Floater
43546,Men,Footwear,Sandal,Sandals,Black,Summer,2012.0,Casual,Woodland Men Black Sandals
18671,Men,Footwear,Sandal,Sandals,Grey,Fall,2011.0,Casual,Fila Men Cavander Grey Sandals
13973,Men,Footwear,Sandal,Sandals,Green,Fall,2011.0,Casual,Puma Men Tropi Cat Green Slippers
2222,Men,Footwear,Sandal,Sandals,Black,Fall,2010.0,Casual,Puma Men Black Sandal
50276,Men,Footwear,Sandal,Sandals,Brown,Summer,2012.0,Casual,Arrow Men Camel Brown Sandals
31980,Men,Footwear,Sandal,Sandals,Red,Summer,2012.0,Casual,Nike Men Lebron Slide Red Sandals
41866,Men,Footwear,Sandal,Sandals,Beige,Fall,2015.0,Casual,Estd. 1977 Men Beige & Green Sandals
57934,Men,Footwear,Sandal,Sandals,Brown,Spring,2012.0,Casual,Clarks Men Brown Sandals
23895,Men,Footwear,Sandal,Sandals,Olive,Summer,2012.0,Casual,Fila Men Corvette Olive Sandals
19138,Men,Footwear,Sandal,Sandals,Black,Fall,2011.0,Casual,Lotto Men Sting Black Sandals
12369,Men,Apparel,Topwear,Shirts,Purple,Fall,2011.0,Formal,Reid & Taylor Men Check Purple Shirts
37812,Men,Apparel,Topwear,Shirts,Navy Blue,Summer,2012.0,Formal,John Players Men Navy Blue Shirt
9452,Men,Apparel,Topwear,Shirts,Red,Fall,2011.0,Formal,John Miller Men Stripes White Red Shirts
43960,Men,Apparel,Topwear,Shirts,Grey,Summer,2012.0,Formal,Indigo Nation Men Grey Striped Shirt
9455,Men,Apparel,Topwear,Shirts,Red,Fall,2011.0,Formal,John Miller Men Red Striped Shirt
16361,Men,Apparel,Topwear,Shirts,Maroon,Fall,2011.0,Formal,Peter England Men Stripes Maroon Shirt
39727,Women,Apparel,Topwear,Shirts,Blue,Summer,2012.0,Formal,Arrow Woman Blue Shirt
12358,Men,Apparel,Topwear,Shirts,Cream,Fall,2011.0,Formal,Reid & Taylor Men Solid Cream Shirts
9235,Men,Apparel,Topwear,Shirts,Blue,Fall,2011.0,Formal,Mark Taylor Men Plain Blue Shirts
9463,Men,Apparel,Topwear,Shirts,White,Fall,2011.0,Formal,John Miller Men White Shirt
16357,Men,Apparel,Topwear,Shirts,Blue,Fall,2011.0,Formal,Peter England Men Stripes Blue Shirt
12367,Men,Apparel,Topwear,Shirts,White,Fall,2011.0,Formal,Reid & Taylor Men White Shirt
9804,Men,Apparel,Topwear,Shirts,Black,Fall,2011.0,Formal,John Miller Men Black Checks Shirts
9464,Men,Apparel,Topwear,Shirts,White,Fall,2011.0,Formal,John Miller Men  White Shirt
27884,Women,Apparel,Topwear,Shirts,Blue,Summer,2012.0,Formal,Scullers For Her Blue Shirt
27870,Women,Apparel,Topwear,Shirts,White,Fall,2012.0,Smart Casual,Scullers For Her Women White Striped Shirt
11378,Men,Apparel,Topwear,Shirts,White,Fall,2011.0,Formal,United Colors of Benetton Men Summer White Shirts
32767,Men,Apparel,Topwear,Shirts,White,Summer,2012.0,Formal,John Miller Men Striped White Shirt
12360,Men,Apparel,Topwear,Shirts,Black,Fall,2011.0,Formal,Reid & Taylor Men Solid Black Shirts
16350,Men,Apparel,Topwear,Shirts,Cream,Fall,2011.0,Formal,Peter England Men Stripes Cream Shirt
9259,Men,Apparel,Topwear,Shirts,Blue,Fall,2011.0,Formal,Mark Taylor Men Blue Striped Shirt
53152,Men,Apparel,Topwear,Shirts,Brown,Summer,2012.0,Formal,Mark Taylor Men Brown Shirt
31142,Men,Apparel,Topwear,Shirts,Orange,Summer,2012.0,Formal,John Miller Men Check Orange Shirt
23028,Men,Apparel,Topwear,Shirts,Blue,Fall,2011.0,Formal,Arrow Men Blue Striped Shirt
15912,Men,Apparel,Topwear,Shirts,Blue,Fall,2011.0,Formal,Black Coffee Men Stripes Blue Shirt
26106,Men,Apparel,Topwear,Shirts,Purple,Summer,2012.0,Formal,John Miller Men Striped Purple Shirt
11119,Men,Apparel,Topwear,Shirts,White,Fall,2011.0,Formal,Indigo Nation Men Solid White Shirts
15915,Men,Apparel,Topwear,Shirts,Purple,Fall,2011.0,Formal,Black Coffee Men Check Purple Slim Fit Shirt
9261,Men,Apparel,Topwear,Shirts,Red,Fall,2011.0,Formal,Mark Taylor Men Red Striped Shirt
32392,Women,Apparel,Topwear,Shirts,Grey,Summer,2012.0,Formal,Arrow Woman Grey Shirt
11110,Men,Apparel,Topwear,Shirts,White,Fall,2011.0,Formal,Indigo Nation Men Check White Shirts
16335,Men,Apparel,Topwear,Shirts,Navy Blue,Fall,2011.0,Formal,Peter England Men Stripes Navy Blue Shirt
26792,Men,Apparel,Topwear,Shirts,Blue,Summer,2013.0,Formal,Arrow Men Blue Striped Slim Fit Shirt
12305,Men,Apparel,Topwear,Shirts,Navy Blue,Fall,2011.0,Formal,Genesis Men Check Navy Blue Shirts
29711,Men,Apparel,Topwear,Shirts,Blue,Summer,2012.0,Formal,John Miller Men Check Blue Shirt
9633,Men,Apparel,Topwear,Shirts,White,Fall,2011.0,Formal,Indigo Nation Men Price catch Blue White Shirts
26795,Men,Apparel,Topwear,Shirts,Blue,Summer,2013.0,Formal,Arrow Men Blue Shirt
33247,Men,Apparel,Topwear,Shirts,Grey,Summer,2012.0,Formal,Arrow Men Grey Check Shirt
11117,Men,Apparel,Topwear,Shirts,Grey,Fall,2011.0,Formal,Indigo Nation Men Solid Grey Shirts
16332,Men,Apparel,Topwear,Shirts,Red,Fall,2011.0,Formal,Peter England Men Stripes Red Shirt
9062,Men,Apparel,Topwear,Shirts,Pink,Fall,2011.0,Formal,Mark Taylor Men Pink Striped Shirt
9634,Men,Apparel,Topwear,Shirts,White,Fall,2011.0,Formal,Indigo Nation Men Price catch Black White Shirts
9465,Men,Apparel,Topwear,Shirts,White,Fall,2011.0,Formal,John Miller Men White Self Structure Shirts
12361,Men,Apparel,Topwear,Shirts,Blue,Fall,2011.0,Formal,Reid & Taylor Men Solid Blue Shirts
26366,Women,Apparel,Topwear,Shirts,Pink,Summer,2012.0,Formal,Arrow Woman Pink Shirt
9462,Men,Apparel,Topwear,Shirts,White,Fall,2011.0,Formal,John Miller Men White Check Shirt
39726,Women,Apparel,Topwear,Shirts,White,Summer,2012.0,Formal,Arrow Woman White Shirt
34496,Women,Apparel,Topwear,Shirts,Blue,Summer,2012.0,Formal,Van Heusen Woman Blue Shirt
12350,Men,Apparel,Topwear,Shirts,Pink,Fall,2011.0,Formal,Reid & Taylor Men Pink Striped Shirt
10407,Men,Apparel,Topwear,Shirts,Grey,Fall,2011.0,Formal,United Colors of Benetton Men Solid Grey Shirts
24858,Men,Apparel,Topwear,Shirts,White,Summer,2011.0,Formal,Mark Taylor Men White Striped Shirt
16360,Men,Apparel,Topwear,Shirts,Purple,Fall,2011.0,Formal,Peter England Men Stripes Purple Shirt
11377,Men,Apparel,Topwear,Shirts,Pink,Fall,2011.0,Formal,United Colors of Benetton Men Summer Pink Shirts
16358,Men,Apparel,Topwear,Shirts,White,Fall,2011.0,Formal,Peter England Men Stripes White Shirt
12368,Men,Apparel,Topwear,Shirts,Blue,Fall,2011.0,Formal,Reid & Taylor Men Stripes Blue Shirts
9453,Men,Apparel,Topwear,Shirts,Blue,Fall,2011.0,Formal,John Miller Men White checks Blue Shirts
9498,Men,Apparel,Topwear,Shirts,Pink,Fall,2011.0,Formal,John Miller Men Pink white black check Pink Shirts
16367,Men,Apparel,Topwear,Shirts,Blue,Fall,2011.0,Formal,Peter England Men Check Blue Shirt
39728,Women,Apparel,Topwear,Shirts,Pink,Summer,2012.0,Formal,Arrow Woman Women Pink Shirt
12357,Men,Apparel,Topwear,Shirts,Blue,Fall,2011.0,Formal,Reid & Taylor Men Check Blue Shirts
33246,Men,Apparel,Topwear,Shirts,Lavender,Spring,2013.0,Formal,Arrow Men Lavender Unstainable Slim Fit Shirt
41666,Men,Apparel,Topwear,Shirts,Purple,Summer,2012.0,Formal,Mark Taylor Men Brown Striped Shirt
32394,Women,Apparel,Topwear,Shirts,Lavender,Summer,2012.0,Formal,Arrow Woman Lavender Shirt
16333,Men,Apparel,Topwear,Shirts,Black,Fall,2011.0,Formal,Peter England Men Stripes Black Shirt
26794,Men,Apparel,Topwear,Shirts,Grey,Summer,2013.0,Formal,Arrow Men Grey Shirt
39788,Men,Apparel,Topwear,Shirts,Purple,Summer,2012.0,Formal,Peter England Men Maroon Purple Shirt
51400,Men,Apparel,Topwear,Shirts,Yellow,Summer,2012.0,Formal,Myntra Men Yellow Shirt
12303,Men,Apparel,Topwear,Shirts,Red,Fall,2011.0,Formal,Genesis Men Check Red Shirts
9251,Men,Apparel,Topwear,Shirts,Green,Fall,2011.0,Formal,Mark Taylor Men Green Striped Shirt
12304,Men,Apparel,Topwear,Shirts,Red,Fall,2011.0,Formal,Genesis Men Stripes Red Shirts
51407,Men,Apparel,Topwear,Shirts,Blue,Summer,2012.0,Formal,Myntra Men Blue Shirt
26793,Men,Apparel,Topwear,Shirts,Lavender,Summer,2013.0,Formal,Arrow Men Lavender Shirt
16334,Men,Apparel,Topwear,Shirts,Peach,Fall,2011.0,Formal,Peter England Men Stripes Peach Shirt
26107,Men,Apparel,Topwear,Shirts,Blue,Summer,2012.0,Formal,John Miller Men Striped Blue Shirt
15914,Men,Apparel,Topwear,Shirts,Grey,Fall,2011.0,Formal,Black Coffee Men Striped Grey Slim Fit Shirt
39786,Men,Apparel,Topwear,Shirts,Blue,Summer,2012.0,Formal,Peter England Men Blue Formal Shirt
9604,Men,Apparel,Topwear,Shirts,White,Fall,2011.0,Formal,Scullers Men Scul White Black Shirts
33248,Men,Apparel,Topwear,Shirts,White,Summer,2012.0,Formal,Arrow Men White Striped Shirt
18891,Women,Apparel,Topwear,Shirts,Black,Fall,2011.0,Formal,Arrow Woman Tyra Black & White Striped Shirt
29721,Men,Apparel,Topwear,Shirts,Purple,Summer,2012.0,Formal,John Miller Men Check Purple Shirt
39781,Men,Apparel,Topwear,Shirts,White,Summer,2012.0,Formal,Peter England Men Striped White Formal Shirt
15913,Men,Apparel,Topwear,Shirts,White,Fall,2011.0,Formal,Black Coffee Men Stripes White Shirt
12278,Men,Apparel,Topwear,Shirts,Maroon,Fall,2011.0,Formal,Genesis Men Solid Maroon Shirts
17538,Men,Apparel,Topwear,Shirts,Red,Fall,2011.0,Formal,Mark Taylor Men Red & White Striped Shirt
29653,Men,Apparel,Topwear,Shirts,Blue,Summer,2012.0,Formal,Indigo Nation Men Striped Blue Shirt
38974,Men,Apparel,Topwear,Shirts,Black,Summer,2012.0,Formal,Arrow New York Men Black Check Slim Fit Shirt
12247,Men,Apparel,Topwear,Shirts,Navy Blue,Fall,2011.0,Formal,Genesis Men Stripes Navy Blue Shirts
38980,Men,Apparel,Topwear,Shirts,Blue,Summer,2012.0,Formal,Arrow Men Blue Check Shirt
27154,Men,Apparel,Topwear,Shirts,Grey,Summer,2012.0,Formal,Mark Taylor Men Striped Grey Shirt
14520,Men,Apparel,Topwear,Shirts,Blue,Fall,2011.0,Formal,Mark Taylor Men Blue White & Dark Grey Striped Shirt
14712,Men,Apparel,Topwear,Shirts,Off White,Winter,2011.0,Formal,Genesis Off-White Formal Shirt
9588,Men,Apparel,Topwear,Shirts,Navy Blue,Fall,2011.0,Formal,Scullers Men Scul Navy Blue Shirts
14518,Men,Apparel,Topwear,Shirts,Grey,Fall,2011.0,Formal,Mark Taylor Men Grey White & Light Brown Striped Shirt
14715,Men,Apparel,Topwear,Shirts,White,Fall,2011.0,Formal,Indigo Nation Men Formal Shirt White Shirts
14527,Men,Apparel,Topwear,Shirts,Brown,Fall,2011.0,Formal,Mark Taylor Men Light Brown & White Striped Shirt
27153,Men,Apparel,Topwear,Shirts,Green,Summer,2012.0,Formal,Mark Taylor Men Striped Green Shirt
38973,Men,Apparel,Topwear,Shirts,Grey,Summer,2012.0,Formal,Arrow New York Men Grey Check Slim Fit Shirt
12249,Men,Apparel,Topwear,Shirts,Pink,Fall,2011.0,Formal,Genesis Men Striped Pink & Navy Shirt
27165,Men,Apparel,Topwear,Shirts,Blue,Summer,2012.0,Formal,Mark Taylor Men Striped Blue Shirt
12282,Men,Apparel,Topwear,Shirts,Green,Fall,2011.0,Formal,Genesis Men Green & Purple Striped Shirt
37793,Men,Apparel,Topwear,Shirts,Blue,Summer,2012.0,Formal,John Players Men Blue Striped Shirt
11063,Men,Apparel,Topwear,Shirts,Purple,Fall,2011.0,Formal,John Miller Men Solid Purple Shirts
26043,Men,Apparel,Topwear,Shirts,Grey,Summer,2012.0,Formal,John Miller Men Grey Shirt
17536,Men,Apparel,Topwear,Shirts,Blue,Fall,2011.0,Formal,Mark Taylor Men Blue & White Striped Shirt
37131,Men,Apparel,Topwear,Shirts,Lavender,Summer,2012.0,Formal,Wills Lifestyle Men Striped Lavender Shirt
12043,Men,Apparel,Topwear,Shirts,White,Fall,2011.0,Formal,Mark Taylor Men White & Blue Striped Shirt
12271,Men,Apparel,Topwear,Shirts,Blue,Fall,2011.0,Formal,Genesis Men Stripes Blue Shirts
26044,Men,Apparel,Topwear,Shirts,Pink,Summer,2012.0,Formal,John Miller Men Pink Shirt
23152,Men,Apparel,Topwear,Shirts,White,Winter,2011.0,Formal,Genesis White Formal Shirt
14516,Men,Apparel,Topwear,Shirts,White,Fall,2011.0,Formal,Mark Taylor Men White & Green Striped Shirt
37794,Men,Apparel,Topwear,Shirts,Brown,Summer,2012.0,Formal,John Players Men Stripes Brown Shirt
13733,Men,Apparel,Topwear,Shirts,Blue,Fall,2011.0,Formal,Belmonte Men Check Blue Shirts
12017,Men,Apparel,Topwear,Shirts,Purple,Fall,2011.0,Formal,Mark Taylor Men Purple White Striped Shirts
14784,Men,Apparel,Topwear,Shirts,Pink,Fall,2011.0,Formal,Arrow Men Stripes Pink Shirts
14770,Men,Apparel,Topwear,Shirts,Black,Fall,2011.0,Formal,Arrow Men Solid Black Shirts
58807,Men,Apparel,Topwear,Shirts,Navy Blue,Fall,2012.0,Smart Casual,Highlander Men Navy Blue Striped Shirt
9521,Men,Apparel,Topwear,Shirts,Blue,Fall,2011.0,Formal,John Miller Men Blue Striped Shirt
12028,Men,Apparel,Topwear,Shirts,Grey,Fall,2011.0,Formal,Mark Taylor Men Grey Striped Shirt
26813,Men,Apparel,Topwear,Shirts,Grey,Summer,2012.0,Formal,Arrow Men Grey Striped Shirt
13758,Men,Apparel,Topwear,Shirts,Green,Fall,2011.0,Formal,Belmonte Men Check Green Shirts
14777,Men,Apparel,Topwear,Shirts,Brown,Fall,2011.0,Formal,Arrow Men Stripes Brown Shirts
14783,Men,Apparel,Topwear,Shirts,Purple,Fall,2011.0,Formal,Arrow Men Check Purple Shirts
29609,Men,Apparel,Topwear,Shirts,Red,Summer,2012.0,Formal,Indigo Nation Men Striped Red Shirt
9519,Men,Apparel,Topwear,Shirts,Maroon,Fall,2011.0,Formal,John Miller Men white pink black check Maroon Shirts
14748,Men,Apparel,Topwear,Shirts,White,Fall,2011.0,Formal,Arrow Men Solid White Shirts
13756,Men,Apparel,Topwear,Shirts,Purple,Fall,2011.0,Formal,Belmonte Men Check Purple Shirts
31634,Men,Apparel,Topwear,Shirts,Black,Summer,2012.0,Formal,Indigo Nation Men Striped Black Shirt
15693,Men,Apparel,Topwear,Shirts,Blue,Fall,2011.0,Formal,Black coffee Men Micheal Blue Slim Fit Shirt
14741,Men,Apparel,Topwear,Shirts,Lavender,Fall,2011.0,Formal,Arrow Men Solid Lavender Shirts
39801,Men,Apparel,Topwear,Shirts,Blue,Spring,2013.0,Formal,Peter England Men Blue Shirt
13769,Men,Apparel,Topwear,Shirts,White,Fall,2011.0,Formal,Belmonte Men Check White Shirts
12019,Men,Apparel,Topwear,Shirts,White,Fall,2011.0,Formal,Mark Taylor Men White Green Striped Shirts
17553,Men,Apparel,Topwear,Shirts,Grey,Fall,2011.0,Formal,Mark Taylor Men Grey & White Striped Shirt
14746,Men,Apparel,Topwear,Shirts,White,Fall,2011.0,Formal,Arrow Men Stripes White Shirts
13751,Men,Apparel,Topwear,Shirts,Blue,Fall,2011.0,Formal,Belmonte Men Stripes Blue Shirts
29607,Men,Apparel,Topwear,Shirts,Purple,Summer,2012.0,Formal,Indigo Nation Men Striped Purple Shirt
9517,Men,Apparel,Topwear,Shirts,White,Fall,2011.0,Formal,John Miller Men white brown stripe White Shirts
14779,Men,Apparel,Topwear,Shirts,Green,Fall,2011.0,Formal,Arrow Men Stripes Green Shirts
14528,Men,Apparel,Topwear,Shirts,White,Fall,2011.0,Formal,Mark Taylor Men Off White & Blue Striped Shirt
39092,Men,Apparel,Topwear,Shirts,Red,Summer,2012.0,Formal,Reid & Taylor Men Red Striped Shirt
37795,Men,Apparel,Topwear,Shirts,White,Summer,2012.0,Formal,John Players Men Check White & Green Shirt
14517,Men,Apparel,Topwear,Shirts,Blue,Fall,2011.0,Formal,Mark Taylor Men Blue & Light Brown Striped Shirt
26045,Men,Apparel,Topwear,Shirts,Purple,Summer,2012.0,Formal,John Miller Men Purple Shirt
12042,Men,Apparel,Topwear,Shirts,Blue,Fall,2011.0,Formal,Mark Taylor Men Blue Striped Shirts
14983,Men,Apparel,Topwear,Shirts,Maroon,Fall,2011.0,Formal,Arrow Men Stripes Maroon Slim Fit Shirt
39405,Men,Apparel,Topwear,Shirts,Lavender,Summer,2014.0,Smart Casual,U.S. Polo Assn. Men Lavender & White Striped Linen Tailored Fit Smart Casual Shirt
17537,Men,Apparel,Topwear,Shirts,Yellow,Fall,2011.0,Formal,Mark Taylor Men Yellow & Blue Striped Shirt
12277,Men,Apparel,Topwear,Shirts,Black,Fall,2011.0,Formal,Genesis Men Stripes Black Shirts
14510,Men,Apparel,Topwear,Shirts,Green,Fall,2011.0,Formal,Mark Taylor Men Aqua Green & White Striped Shirt
37792,Men,Apparel,Topwear,Shirts,Blue,Summer,2012.0,Formal,John Players Men Gingham Blue Shirt
13735,Men,Apparel,Topwear,Shirts,Green,Fall,2011.0,Formal,Belmonte Men Stripes Green Shirts
11250,Men,Apparel,Topwear,Shirts,Blue,Fall,2011.0,Formal,John Miller Men White Striped Blue Shirt
37139,Men,Apparel,Topwear,Shirts,Pink,Summer,2012.0,Formal,Wills Lifestyle Men Pink Check Shirt
14519,Men,Apparel,Topwear,Shirts,White,Fall,2011.0,Formal,Mark Taylor Men White & Teal Blue Striped Shirt
12241,Men,Apparel,Topwear,Shirts,White,Fall,2011.0,Formal,Genesis Men Stripes White Shirts
53215,Men,Apparel,Topwear,Shirts,Pink,Summer,2012.0,Formal,Mark Taylor Men Pink Shirt
17165,Men,Apparel,Topwear,Shirts,Maroon,Fall,2011.0,Formal,U.S. Polo Assn. Men Maroon & White Check Shirt
14526,Men,Apparel,Topwear,Shirts,Blue,Fall,2011.0,Formal,Mark Taylor Men Aqua Blue & White Grey Striped Shirt
17539,Men,Apparel,Topwear,Shirts,Orange,Fall,2011.0,Formal,Mark Taylor Men Orange & White Striped Shirt
12279,Men,Apparel,Topwear,Shirts,Pink,Fall,2011.0,Formal,Genesis Men Stripes Pink Shirts
43410,Men,Apparel,Topwear,Shirts,Purple,Summer,2012.0,Formal,Scullers Men Purple Shirt
27155,Men,Apparel,Topwear,Shirts,White,Summer,2012.0,Formal,Mark Taylor Men Striped White Shirt
9589,Men,Apparel,Topwear,Shirts,White,Fall,2011.0,Formal,Indigo Nation Men cotton White Shirts
14521,Men,Apparel,Topwear,Shirts,Red,Fall,2011.0,Formal,Mark Taylor Men White Red & Blue Stripe Shirt
12246,Men,Apparel,Topwear,Shirts,Black,Winter,2011.0,Formal,Genesis Black Striped Formal Shirt
26073,Men,Apparel,Topwear,Shirts,Grey,Summer,2012.0,Formal,John Miller Men Striped Grey Shirt
17552,Men,Apparel,Topwear,Shirts,Blue,Fall,2011.0,Formal,Mark Taylor Men Blue & Cream Striped Shirt
14778,Men,Apparel,Topwear,Shirts,Blue,Fall,2011.0,Formal,Arrow Men Stripes Blue Shirts
15692,Men,Apparel,Topwear,Shirts,White,Fall,2011.0,Formal,Black coffee Men Micheal White Slim Fit Shirt
39800,Men,Apparel,Topwear,Shirts,Navy Blue,Summer,2012.0,Formal,Peter England Men Navy Blue Formal Shirts
58808,Men,Apparel,Topwear,Shirts,Navy Blue,Fall,2012.0,Smart Casual,Highlander Men Blue Striped Shirt
13768,Men,Apparel,Topwear,Shirts,White,Fall,2011.0,Formal,Belmonte Men Solid White Shirts
14782,Men,Apparel,Topwear,Shirts,Black,Fall,2011.0,Formal,Arrow Men Stripes Black Shirts
12011,Men,Apparel,Topwear,Shirts,Purple,Fall,2011.0,Formal,Mark Taylor Men Purple Striped Shirts
17563,Men,Apparel,Topwear,Shirts,Green,Fall,2011.0,Formal,Mark Taylor Men Green & Pink Striped Shirt
26815,Men,Apparel,Topwear,Shirts,Yellow,Summer,2012.0,Formal,Arrow Men Yellow Striped Shirt
14749,Men,Apparel,Topwear,Shirts,Lavender,Fall,2011.0,Formal,Arrow Men Stripes Lavender Shirts
14771,Men,Apparel,Topwear,Shirts,Navy Blue,Fall,2013.0,Formal,Arrow Men Stripes Navy Blue Shirts
12016,Men,Apparel,Topwear,Shirts,White,Fall,2011.0,Formal,Mark Taylor Men White Blue Striped Shirts
17564,Men,Apparel,Topwear,Shirts,Black,Fall,2011.0,Formal,Mark Taylor Men Black & White Striped Shirt
13759,Men,Apparel,Topwear,Shirts,Purple,Fall,2011.0,Formal,Belmonte Men Solid Purple Shirts
9520,Men,Apparel,Topwear,Shirts,Purple,Fall,2011.0,Formal,John Miller Men Purple & White Check  Shirt
26812,Men,Apparel,Topwear,Shirts,Yellow,Summer,2012.0,Formal,Arrow Men Yellow Shirt
31619,Men,Apparel,Topwear,Shirts,Maroon,Summer,2012.0,Formal,Indigo Nation Men Maroon Shirt
8888,Men,Apparel,Topwear,Shirts,Pink,Fall,2011.0,Formal,John Miller Men Solid Pink Shirt
9502,Men,Apparel,Topwear,Shirts,Red,Fall,2011.0,Formal,John Miller Men Cotton Blend Red Shirts
13744,Men,Apparel,Topwear,Shirts,Black,Fall,2011.0,Formal,Belmonte Men Solid Black Shirts
21024,Men,Apparel,Topwear,Shirts,Blue,Fall,2011.0,Formal,Black Coffee Men Blue Shirt
12034,Men,Apparel,Topwear,Shirts,Brown,Fall,2011.0,Formal,Mark Taylor Men Brown Striped Shirts
17546,Men,Apparel,Topwear,Shirts,Pink,Fall,2011.0,Formal,Mark Taylor Men Pink & White Striped Shirt
17541,Men,Apparel,Topwear,Shirts,Green,Fall,2011.0,Formal,Mark Taylor Men Green & White Striped Shirt
43033,Men,Apparel,Topwear,Shirts,Blue,Summer,2012.0,Formal,Scullers Men Blue Striped Shirt
14754,Men,Apparel,Topwear,Shirts,Blue,Fall,2011.0,Formal,Arrow Men Solid Blue Shirts
44672,Women,Apparel,Topwear,Shirts,Blue,Winter,2013.0,Formal,Wills Lifestyle Women Blue Striped Formal Shirt
26801,Men,Apparel,Topwear,Shirts,Lavender,Summer,2015.0,Formal,Arrow Men Lavender Striped Shirt
29623,Men,Apparel,Topwear,Shirts,Lavender,Summer,2012.0,Formal,Indigo Nation Men Striped Lavender Shirt
12237,Men,Apparel,Topwear,Shirts,Red,Fall,2011.0,Formal,Genesis Men Red Gingham Shirt
54280,Men,Apparel,Topwear,Shirts,Grey,Summer,2012.0,Formal,Black Coffee Men Grey Shirt
14762,Men,Apparel,Topwear,Shirts,Blue,Fall,2011.0,Formal,Arrow Men Check Blue Shirts
12492,Men,Apparel,Topwear,Shirts,Blue,Fall,2011.0,Formal,John Miller Men Solid Blue Shirts
14765,Men,Apparel,Topwear,Shirts,Navy Blue,Fall,2011.0,Formal,Arrow Men Stripes Navy Blue Slim Fit Shirt
12230,Men,Apparel,Topwear,Shirts,Pink,Fall,2011.0,Formal,Genesis Pink & White Striped Formal Shirt
31644,Men,Apparel,Topwear,Shirts,Black,Summer,2012.0,Formal,Indigo Nation Men Black Shirt
12264,Men,Apparel,Topwear,Shirts,Grey,Fall,2011.0,Formal,Genesis Men Grey Shirt
9752,Men,Apparel,Topwear,Shirts,Grey,Fall,2011.0,Smart Casual,Indian Terrain Men Grey & White Checked Linen Modern Fit Smart-Casual Shirt
12263,Men,Apparel,Topwear,Shirts,Red,Winter,2011.0,Formal,Genesis Red Striped Formal Shirt
26056,Men,Apparel,Topwear,Shirts,Black,Summer,2012.0,Formal,John Miller Men Check Black Shirt
31015,Men,Apparel,Topwear,Shirts,White,Winter,2012.0,Formal,Arrow Men White and Blue Striped Shirt
33326,Men,Apparel,Topwear,Shirts,Grey,Summer,2012.0,Formal,Arrow New York Men Grey Striped Slim Fit Shirt
9567,Men,Apparel,Topwear,Shirts,Blue,Fall,2011.0,Formal,John Miller Men Blue Shirt
12255,Men,Apparel,Topwear,Shirts,Maroon,Fall,2011.0,Formal,Genesis Men Stripes Maroon Shirts
23975,Men,Apparel,Topwear,Shirts,Brown,Fall,2011.0,Formal,Peter England Men Brown Striped Shirt
13728,Men,Apparel,Topwear,Shirts,Grey,Fall,2011.0,Formal,Belmonte Men Stripes Grey Shirts
9569,Men,Apparel,Topwear,Shirts,Blue,Fall,2011.0,Formal,John Miller Men Solid Light Blue Shirts
33787,Men,Apparel,Topwear,Shirts,Brown,Spring,2013.0,Smart Casual,Van Heusen Men Brown Giza Cotton Shirt
14738,Men,Apparel,Topwear,Shirts,Grey,Fall,2011.0,Formal,Arrow Men Check Grey Shirts
26058,Men,Apparel,Topwear,Shirts,Blue,Summer,2012.0,Formal,John Miller Men Gingham Blue Shirt
9738,Men,Apparel,Topwear,Shirts,Navy Blue,Fall,2011.0,Smart Casual,Indian Terrain Men Navy & White Checked Slim Fit Smart-Casual Shirt
14764,Men,Apparel,Topwear,Shirts,White,Fall,2011.0,Formal,Arrow Men Stripes White Blue Shirts
12460,Men,Apparel,Topwear,Shirts,Purple,Fall,2011.0,Formal,Genesis Men Stripes Purple Shirts
17576,Men,Apparel,Topwear,Shirts,Brown,Fall,2011.0,Formal,Mark Taylor Men Brown & White Checked Shirt
9504,Men,Apparel,Topwear,Shirts,Pink,Fall,2011.0,Formal,John Miller Men Pink Solid Shirt
14755,Men,Apparel,Topwear,Shirts,Red,Fall,2011.0,Formal,Arrow Men Check Red Shirts
31620,Men,Apparel,Topwear,Shirts,Grey,Summer,2012.0,Formal,Indigo Nation Men Grey Shirt
21022,Men,Apparel,Topwear,Shirts,Blue,Fall,2011.0,Formal,Black Coffee Men Blue Slim Fit Shirt
8889,Men,Apparel,Topwear,Shirts,Black,Fall,2011.0,Formal,John Miller Men Black Shirt
9503,Men,Apparel,Topwear,Shirts,Peach,Fall,2011.0,Formal,John Miller Men Peach Shirt
19429,Men,Apparel,Topwear,Shirts,Red,Fall,2012.0,Smart Casual,Quiksilver Men Red Check Shirt
13745,Men,Apparel,Topwear,Shirts,Blue,Fall,2011.0,Formal,Belmonte Men Solid Blue Shirts
14752,Men,Apparel,Topwear,Shirts,Grey,Fall,2011.0,Formal,Arrow Men Solid Grey Shirts
26066,Men,Apparel,Topwear,Shirts,Black,Summer,2012.0,Formal,John Miller Men Striped Black Shirt
12253,Men,Apparel,Topwear,Shirts,Pink,Winter,2011.0,Formal,Genesis Pink Striped Formal Shirt
26059,Men,Apparel,Topwear,Shirts,Black,Summer,2012.0,Formal,John Miller Men Gingham Black Shirt
37789,Men,Apparel,Topwear,Shirts,Lavender,Summer,2012.0,Formal,John Players Men Formal Lavender Shirt
33329,Men,Apparel,Topwear,Shirts,Lavender,Summer,2012.0,Formal,Arrow New York Men Lavender Slim Fit Shirt
12298,Men,Apparel,Topwear,Shirts,Black,Fall,2011.0,Formal,Genesis Men Check Black Shirts
10355,Men,Apparel,Topwear,Shirts,Blue,Fall,2011.0,Formal,United Colors of Benetton Men Stripes Blue Shirts
13729,Men,Apparel,Topwear,Shirts,Pink,Fall,2011.0,Formal,Belmonte Men Stripes Pink Shirts
12296,Men,Apparel,Topwear,Shirts,Red,Fall,2011.0,Formal,Genesis Men Red Striped Shirt
14737,Men,Apparel,Topwear,Shirts,Grey,Fall,2011.0,Formal,Arrow Men Stripes Grey Shirts
9592,Men,Apparel,Topwear,Shirts,Black,Fall,2011.0,Formal,Indigo Nation Men BL Black Shirts
26068,Men,Apparel,Topwear,Shirts,Green,Summer,2012.0,Formal,John Miller Men Striped Green Shirt
9566,Men,Apparel,Topwear,Shirts,Blue,Fall,2011.0,Formal,John Miller Men Stripes Blue Blue Shirts
31645,Men,Apparel,Topwear,Shirts,Purple,Summer,2012.0,Formal,Indigo Nation Men Purple Shirt
27149,Men,Apparel,Topwear,Shirts,Purple,Summer,2012.0,Formal,Mark Taylor Men Striped Purple Shirt
12328,Men,Apparel,Topwear,Shirts,Blue,Winter,2011.0,Formal,Genesis Blue Formal Shirt
58794,Men,Apparel,Topwear,Shirts,White,Fall,2012.0,Smart Casual,Highlander Men White Striped Shirt
11102,Men,Apparel,Topwear,Shirts,Blue,Fall,2011.0,Formal,Indigo Nation Men Stripes Blue Shirts
23034,Men,Apparel,Topwear,Shirts,Black,Fall,2012.0,Formal,Arrow Men Black Striped Shirt
58793,Men,Apparel,Topwear,Shirts,Blue,Fall,2012.0,Smart Casual,Highlander Men Blue & Red Striped Shirt
9242,Men,Apparel,Topwear,Shirts,Pink,Fall,2011.0,Formal,Mark Taylor Men Solid Pink Shirts
9070,Men,Apparel,Topwear,Shirts,Blue,Fall,2011.0,Formal,Mark Taylor Men Solid Blue Shirts
26125,Men,Apparel,Topwear,Shirts,Orange,Summer,2012.0,Formal,John Miller Men Gingham Orange Shirt
23033,Men,Apparel,Topwear,Shirts,Pink,Fall,2011.0,Formal,Arrow Men Pink Striped Shirt
11105,Men,Apparel,Topwear,Shirts,Black,Fall,2011.0,Formal,Indigo Nation Men Stripes Black Shirts
26787,Men,Apparel,Topwear,Shirts,Beige,Summer,2013.0,Formal,Arrow Men Beige Shirt
56855,Men,Apparel,Topwear,Shirts,Blue,Summer,2012.0,Party,John Players Men Blue Shirt
59445,Men,Apparel,Topwear,Shirts,White,Fall,2012.0,Formal,Arrow Men White Shirt
9422,Men,Apparel,Topwear,Shirts,Black,Fall,2011.0,Formal,John Miller Men Blue black stripe Black Shirts
29369,Men,Apparel,Topwear,Shirts,Lavender,Summer,2012.0,Formal,Genesis Men Check Lavender Shirt
59442,Men,Apparel,Topwear,Shirts,Green,Fall,2012.0,Formal,Arrow Men Green Shirt
9425,Men,Apparel,Topwear,Shirts,Purple,Fall,2011.0,Formal,John Miller Men Purple Fila-Fil Shirts
15907,Men,Apparel,Topwear,Shirts,White,Fall,2011.0,Formal,Black Coffee Men Check White Shirt
18885,Women,Apparel,Topwear,Shirts,Black,Fall,2011.0,Formal,Arrow Woman Simona Black Shirt
33056,Men,Apparel,Topwear,Shirts,Navy Blue,Summer,2012.0,Formal,U.S.Polo Assn. Men Striped Navy Blue Shirt
12321,Men,Apparel,Topwear,Shirts,Blue,Winter,2011.0,Formal,Genesis Blue Striped Formal Shirt
16345,Men,Apparel,Topwear,Shirts,Pink,Fall,2011.0,Formal,Peter England Men Stripes Pink Shirt
12381,Men,Apparel,Topwear,Shirts,Blue,Fall,2011.0,Formal,Reid & Taylor Men Checks Blue Shirts
9471,Men,Apparel,Topwear,Shirts,Blue,Fall,2011.0,Formal,John Miller Men Blue stripes Shirts
27891,Women,Apparel,Topwear,Shirts,Purple,Summer,2012.0,Formal,Scullers For Her Purple Striped Shirt
9449,Men,Apparel,Topwear,Shirts,Purple,Fall,2011.0,Formal,John Miller Men white stripe Blue Shirts
12372,Men,Apparel,Topwear,Shirts,Green,Fall,2011.0,Formal,Reid & Taylor Men Check Green Shirts
12386,Men,Apparel,Topwear,Shirts,Red,Fall,2011.0,Formal,Reid & Taylor Men Stripes Red Shirts
11167,Men,Apparel,Topwear,Shirts,Brown,Fall,2011.0,Formal,John Miller Men Solid Brown Shirts
16389,Men,Apparel,Topwear,Shirts,Maroon,Fall,2011.0,Formal,Peter England Men Solid Maroon Shirt
9476,Men,Apparel,Topwear,Shirts,Blue,Fall,2011.0,Formal,John Miller Men Blue Check Shirt
9482,Men,Apparel,Topwear,Shirts,Black,Fall,2011.0,Formal,John Miller Men Black white small check Shirts
37800,Men,Apparel,Topwear,Shirts,White,Summer,2012.0,Formal,John Players Men Striped Orange Shirt
16387,Men,Apparel,Topwear,Shirts,Orange,Fall,2011.0,Formal,Peter England Men Stripes Orange Shirt
9478,Men,Apparel,Topwear,Shirts,Black,Fall,2011.0,Formal,John Miller Men Black & White Check Shirt
33239,Men,Apparel,Topwear,Shirts,Black,Summer,2012.0,Formal,Arrow Men Black Striped Slim Fit Shirt
9447,Men,Apparel,Topwear,Shirts,White,Fall,2011.0,Formal,John Miller Men White Striped Shirt
59443,Men,Apparel,Topwear,Shirts,White,Fall,2012.0,Formal,Arrow Men Striped Beige Slim Fit Shirt
9424,Men,Apparel,Topwear,Shirts,Purple,Fall,2011.0,Formal,John Miller Men Purple Fila-Fil Purple Shirts
26788,Men,Apparel,Topwear,Shirts,Brown,Summer,2012.0,Formal,Arrow Men Brown Shirt
12320,Men,Apparel,Topwear,Shirts,Brown,Fall,2011.0,Formal,Genesis Men Brown Striped Shirt
13662,Men,Apparel,Topwear,Shirts,White,Fall,2011.0,Formal,Genesis Men Blue Stripe Shirt
56854,Men,Apparel,Topwear,Shirts,Teal,Summer,2012.0,Party,John Players Men Teal Shirt
9611,Men,Apparel,Topwear,Shirts,White,Fall,2011.0,Formal,Indigo Nation Men Price catch Green White Shirts
59444,Men,Apparel,Topwear,Shirts,Grey,Fall,2012.0,Formal,Arrow Men Striped Grey Slim Fit Shirt
9423,Men,Apparel,Topwear,Shirts,Black,Fall,2011.0,Formal,John Miller Men Blue stripe Black Shirts
51424,Men,Apparel,Topwear,Shirts,White,Summer,2012.0,Formal,Myntra Men White Shirt
9415,Men,Apparel,Topwear,Shirts,Navy Blue,Fall,2011.0,Formal,John Miller Men Navy Blue Shimmer Shirt
9071,Men,Apparel,Topwear,Shirts,White,Fall,2011.0,Formal,Mark Taylor Men Solid White Shirts
12311,Men,Apparel,Topwear,Shirts,Blue,Fall,2011.0,Formal,Genesis Men Blue Shirt
26124,Men,Apparel,Topwear,Shirts,White,Summer,2012.0,Formal,John Miller Men Check White Shirt
51412,Men,Apparel,Topwear,Shirts,Lavender,Summer,2012.0,Formal,Myntra Men Lavender Striped Shirt
23032,Men,Apparel,Topwear,Shirts,Cream,Fall,2012.0,Formal,Arrow Men Cream Striped Shirt
58795,Men,Apparel,Topwear,Shirts,Red,Fall,2012.0,Smart Casual,Highlander Men Red Striped Shirt
12316,Men,Apparel,Topwear,Shirts,White,Fall,2011.0,Formal,Genesis Men Check White Shirts
9479,Men,Apparel,Topwear,Shirts,Green,Fall,2011.0,Formal,John Miller Men Green white check Purple Shirts
14287,Men,Apparel,Topwear,Shirts,White,Fall,2011.0,Formal,Belmonte Men Formal Shirt White Shirts
33238,Men,Apparel,Topwear,Shirts,Green,Summer,2012.0,Formal,Arrow Men Green Striped Shirt
15997,Men,Apparel,Topwear,Shirts,White,Fall,2011.0,Formal,Turtle Check Men White Shirt
26389,Men,Apparel,Topwear,Shirts,Magenta,Summer,2012.0,Formal,Turtle Men Check Magenta Shirt
37801,Men,Apparel,Topwear,Shirts,Black,Summer,2012.0,Formal,John Players Men Stripes Black Shirt
12387,Men,Apparel,Topwear,Shirts,Orange,Fall,2011.0,Formal,Reid & Taylor Men Stripes Orange Shirts
11166,Men,Apparel,Topwear,Shirts,Purple,Fall,2011.0,Formal,John Miller Men Solid Purple Shirt
37808,Men,Apparel,Topwear,Shirts,Navy Blue,Spring,2012.0,Formal,John Players Men Satin Striped Shirt
9810,Men,Apparel,Topwear,Shirts,Purple,Fall,2011.0,Formal,John Miller Men Purple Gingham Shirt
9477,Men,Apparel,Topwear,Shirts,Black,Fall,2011.0,Formal,John Miller Men White & Black Check Shirt
16388,Men,Apparel,Topwear,Shirts,Brown,Fall,2011.0,Formal,Peter England Men Stripes Brown Shirt
12374,Men,Apparel,Topwear,Shirts,White,Fall,2011.0,Formal,Reid & Taylor Men Stripes White Shirts
11161,Men,Apparel,Topwear,Shirts,Black,Fall,2011.0,Formal,John Miller Men Solid Black Shirts
9470,Men,Apparel,Topwear,Shirts,White,Fall,2011.0,Formal,John Miller Men Solid White White Shirts
27890,Women,Apparel,Topwear,Shirts,Charcoal,Summer,2012.0,Formal,Scullers For Her Charcoal Shirt
39784,Men,Apparel,Topwear,Shirts,Red,Summer,2012.0,Formal,Peter England Men Red Formal Shirt
32502,Men,Apparel,Topwear,Shirts,Brown,Summer,2012.0,Formal,Scullers Men Striped Brown Shirt
59454,Men,Apparel,Topwear,Shirts,Black,Fall,2012.0,Formal,Arrow New York Men Black Check Shirt
39783,Men,Apparel,Topwear,Shirts,Red,Summer,2012.0,Formal,Peter England Men Maroon Formal Shirt
11114,Men,Apparel,Topwear,Shirts,Purple,Fall,2011.0,Formal,Indigo Nation Men Check Purple Shirts
32396,Women,Apparel,Topwear,Shirts,Blue,Summer,2012.0,Formal,Arrow Woman Blue Striped Shirt
33244,Men,Apparel,Topwear,Shirts,Blue,Summer,2012.0,Formal,Arrow Men Blue Slim Fit Shirt
9253,Men,Apparel,Topwear,Shirts,Purple,Fall,2011.0,Formal,Mark Taylor Men Purple Striped Shirt
29371,Men,Apparel,Topwear,Shirts,Blue,Summer,2012.0,Formal,Genesis Men Striped Blue Shirt
26791,Men,Apparel,Topwear,Shirts,Off White,Summer,2013.0,Formal,Arrow Men Off White Slim Fit Shirt
11113,Men,Apparel,Topwear,Shirts,White,Fall,2011.0,Formal,Indigo Nation Men Check White Shirt
33243,Men,Apparel,Topwear,Shirts,White,Summer,2012.0,Formal,Arrow Men Navy Blue Check Shirt
16336,Men,Apparel,Topwear,Shirts,Purple,Fall,2011.0,Formal,Peter England Men Solid Purple Shirt
9456,Men,Apparel,Topwear,Shirts,Red,Fall,2011.0,Formal,John Miller Men Red White stripe Red Shirts
27889,Women,Apparel,Topwear,Shirts,Lavender,Summer,2012.0,Formal,Scullers For Her Lavender Shirt
9950,Men,Apparel,Bottomwear,Shorts,Black,Fall,2011.0,Sports,ADIDAS Men M Rsp Black Shorts
4786,Men,Apparel,Bottomwear,Shorts,Black,Summer,2011.0,Sports,ADIDAS Men's Cr_Aess 3s Hsj Black White Short
32446,Men,Apparel,Bottomwear,Shorts,Black,Summer,2012.0,Sports,ADIDAS Men Black 3/4 Length Pants
26987,Women,Apparel,Bottomwear,Shorts,Black,Summer,2012.0,Casual,Jealous 21 Women Black Shorts
4815,Men,Apparel,Bottomwear,Shorts,Black,Summer,2011.0,Sports,ADIDAS Men's AP ST Black White Shorts
26986,Women,Apparel,Bottomwear,Shorts,Purple,Summer,2012.0,Casual,Jealous 21 Women Purple Shorts
13344,Men,Apparel,Bottomwear,Shorts,Black,Fall,2011.0,Casual,Gini and Jony Kids Boys Solid Black Shorts
32429,Men,Apparel,Bottomwear,Shorts,Black,Summer,2012.0,Sports,ADIDAS Men Training Black Shorts
25029,Men,Apparel,Bottomwear,Shorts,Black,Fall,2011.0,Sports,Nike Men Black Speed Fly Shorts
32426,Men,Apparel,Bottomwear,Shorts,White,Summer,2012.0,Sports,ADIDAS Men White Shorts
2187,Men,Apparel,Bottomwear,Shorts,Navy Blue,Fall,2010.0,Sports,ADIDAS Men Stripe Navy Short
41159,Women,Apparel,Bottomwear,Shorts,Black,Summer,2012.0,Casual,Allen Solly Woman Black Shorts
7432,Men,Apparel,Bottomwear,Shorts,Grey,Summer,2011.0,Sports,Proline Men Grey Sports Short SS11/VSSHT02 VG/PC/JR
15481,Men,Apparel,Bottomwear,Shorts,Black,Summer,2011.0,Casual,Puma Men Solid Black Short
57215,Women,Apparel,Bottomwear,Shorts,Beige,Fall,2012.0,Casual,Kraus Jeans Women Beige Shorts
9342,Men,Apparel,Bottomwear,Shorts,Navy Blue,Fall,2011.0,Casual,Puma Men Pants Navy Blue Shorts
17939,Men,Apparel,Bottomwear,Shorts,White,Fall,2011.0,Sports,Puma Men Solid White  Logo 3/4 Pants
45488,Men,Apparel,Bottomwear,Shorts,Navy Blue,Summer,2012.0,Sports,Fila Men Navy Blue Shorts
21431,Women,Apparel,Bottomwear,Shorts,White,Winter,2012.0,Casual,Roxy Women White Shorts
29690,Men,Apparel,Bottomwear,Shorts,Charcoal,Summer,2012.0,Casual,Indigo Nation Men Check Charcoal Shorts
15610,Men,Apparel,Bottomwear,Shorts,Black,Fall,2011.0,Sports,Nike Men Trainng Black Shorts
30609,Men,Apparel,Bottomwear,Shorts,Black,Spring,2013.0,Sports,Nike Men Black Shorts
14937,Men,Apparel,Bottomwear,Shorts,Olive,Fall,2011.0,Casual,Status Quo Men Solid Olive Shorts
4950,Men,Apparel,Bottomwear,Shorts,Blue,Summer,2011.0,Casual,Gini and Jony Boy's Kimon Blue Infant Bermuda Kidswear
32589,Women,Apparel,Bottomwear,Shorts,Black,Summer,2012.0,Casual,Only  Women Black Shorts
57214,Women,Apparel,Bottomwear,Shorts,Blue,Fall,2012.0,Casual,Kraus Jeans Women Blue Shorts
15333,Men,Apparel,Bottomwear,Shorts,Black,Winter,2012.0,Sports,Nike Men Solid Black Shorts
27027,Women,Apparel,Bottomwear,Shorts,Blue,Summer,2012.0,Casual,Jealous 21 Women Blue Shorts
41890,Men,Apparel,Bottomwear,Shorts,Blue,Summer,2012.0,Casual,Flying Machine Men Blue Solid Regular Fit Denim Shorts
6524,Women,Apparel,Bottomwear,Shorts,Blue,Summer,2011.0,Sports,Nike Women's Tempo Blue Short
48111,Women,Apparel,Bottomwear,Shorts,Brown,Summer,2012.0,Casual,French Connection Women Light Brown Shorts
27232,Women,Apparel,Bottomwear,Shorts,Pink,Summer,2012.0,Casual,Doodle Kids Girl Check Pink Shorts
1591,Men,Apparel,Bottomwear,Shorts,Red,Fall,2010.0,Sports,Kipsta Men Red Shorts
4797,Men,Apparel,Bottomwear,Shorts,Grey,Summer,2011.0,Sports,ADIDAS Men's Ess Dark Iron Brown Short
28513,Men,Apparel,Bottomwear,Shorts,Grey,Summer,2012.0,Sports,Nike Men Premier Knit Grey Shorts
20919,Men,Apparel,Bottomwear,Shorts,Blue,Fall,2011.0,Casual,Deni Yo Men Check Blue Short
42105,Men,Apparel,Bottomwear,Shorts,Grey,Spring,2013.0,Casual,ADIDAS Men Grey Aess Hsj Shorts
24309,Men,Apparel,Bottomwear,Shorts,Grey,Fall,2011.0,Casual,ADIDAS Men Grey Shorts
32648,Men,Apparel,Bottomwear,Shorts,Black,Winter,2015.0,Sports,Nike Black Legacy Woven     Training  Shorts
4819,Men,Apparel,Bottomwear,Shorts,Navy Blue,Summer,2011.0,Sports,ADIDAS Men's Team Bermuda Navy Blue Short
22814,Men,Apparel,Bottomwear,Shorts,Navy Blue,Summer,2012.0,Casual,Manchester United Men Navy Blue Shorts
9079,Men,Apparel,Bottomwear,Shorts,Black,Fall,2011.0,Sports,ADIDAS Men Adna 3s Shrt Kn Black Shorts
42122,Men,Apparel,Bottomwear,Shorts,Navy Blue,Summer,2012.0,Casual,ADIDAS Men Navy Blue Shorts
17934,Men,Apparel,Bottomwear,Shorts,Black,Fall,2011.0,Sports,Puma Men Solid Black Shorts
9510,Men,Apparel,Bottomwear,Shorts,White,Fall,2011.0,Casual,Puma Men Ess woven White Shorts
26990,Women,Apparel,Bottomwear,Shorts,Blue,Summer,2012.0,Casual,Jealous 21 Women Washed Blue Shorts
13293,Men,Apparel,Bottomwear,Shorts,White,Fall,2011.0,Casual,Gini and Jony Kids Boys Solid White Shorts
6564,Men,Apparel,Bottomwear,Shorts,Blue,Summer,2011.0,Sports,Nike Men's Woven Blue Short
10033,Men,Apparel,Bottomwear,Shorts,Navy Blue,Fall,2011.0,Sports,Nike Men As Ad Breakli Navy Blue Shorts
10661,Women,Apparel,Bottomwear,Shorts,Blue,Fall,2011.0,Casual,Doodle Girl Hot  Ice Wash Blue Shorts
7956,Men,Apparel,Bottomwear,Shorts,Grey,Fall,2011.0,Casual,Puma Men's Jersey Grey Short
7878,Men,Apparel,Bottomwear,Shorts,Grey,Fall,2011.0,Sports,Proline Men Grey Comfort Fit Sports Shorts
5762,Women,Apparel,Bottomwear,Shorts,Blue,Summer,2011.0,Casual,Jealous 21 Women's White Blue Shorts
28628,Men,Apparel,Bottomwear,Shorts,White,Summer,2012.0,Sports,Nike Men Woven White Shorts
58571,Men,Apparel,Bottomwear,Shorts,Black,Summer,2012.0,Casual,Puma Men Black Shorts
43656,Women,Apparel,Bottomwear,Shorts,Orange,Summer,2012.0,Casual,ONLY Women Orange Shorts
13223,Men,Apparel,Bottomwear,Shorts,Blue,Fall,2011.0,Casual,Palm Tree Kids Boys Washed Blue Shorts
43915,Women,Apparel,Bottomwear,Shorts,Cream,Summer,2012.0,Casual,Femella Women Cream Shorts
1976,Men,Apparel,Bottomwear,Shorts,White,Summer,2011.0,Casual,Tribord Mens Short Cargo Shorts
18005,Men,Apparel,Bottomwear,Shorts,Black,Summer,2011.0,Sports,Puma Men Long Logo Black Bermuda
7557,Men,Apparel,Bottomwear,Shorts,Green,Summer,2011.0,Sports,Nike Men's Tempo 5 Green Short
7882,Men,Apparel,Bottomwear,Shorts,Black,Fall,2011.0,Casual,Proline Men Black Comfort Fit Shorts
9348,Men,Apparel,Bottomwear,Shorts,Navy Blue,Fall,2011.0,Casual,Puma Men Bermudas Navy Blue Shorts
15336,Men,Apparel,Bottomwear,Shorts,Grey,Fall,2011.0,Casual,Nike Men Solid Grey Shorts
6579,Men,Apparel,Bottomwear,Shorts,Navy Blue,Fall,2012.0,Sports,Nike Men Woven Navy Blue 3/4 Pants
32449,Men,Apparel,Bottomwear,Shorts,White,Summer,2012.0,Sports,ADIDAS Men White 3/4 Length Pants
15339,Women,Apparel,Bottomwear,Shorts,Grey,Fall,2011.0,Sports,Nike Women Solid Grey Shorts
28544,Men,Apparel,Bottomwear,Shorts,Grey,Summer,2012.0,Casual,Nike Men Grey Shorts
32431,Men,Apparel,Bottomwear,Shorts,Black,Summer,2012.0,Sports,ADIDAS Men Black Shorts
28459,Women,Apparel,Bottomwear,Shorts,Purple,Summer,2012.0,Sports,Urban Yoga Women Purple Shorts
28505,Men,Apparel,Bottomwear,Shorts,Grey,Summer,2012.0,Sports,Nike Men Tempo Grey Shorts
14023,Men,Apparel,Bottomwear,Shorts,Navy Blue,Fall,2012.0,Sports,Nike Men Solid Navy Blue Shorts
38568,Men,Apparel,Bottomwear,Shorts,Black,Summer,2012.0,Casual,Nike Men Black Running Shorts
27214,Men,Apparel,Bottomwear,Shorts,Brown,Summer,2012.0,Casual,Doodle Kids Boy  Brown Shorts
49958,Men,Apparel,Bottomwear,Shorts,Black,Summer,2016.0,Casual,Hanes Men Black Athletic 3/4th Pants
7631,Men,Apparel,Bottomwear,Shorts,Navy Blue,Fall,2011.0,Sports,Puma Men's Woven Navy Short
20921,Men,Apparel,Bottomwear,Shorts,Olive,Fall,2011.0,Casual,Deni Yo Men Solid Olive Short
2579,Women,Apparel,Bottomwear,Shorts,Blue,Summer,2011.0,Sports,Domyos Women's Blue Short
27624,Men,Apparel,Bottomwear,Shorts,Cream,Summer,2012.0,Casual,Scullers Men Cream Shorts
14940,Men,Apparel,Bottomwear,Shorts,Black,Fall,2011.0,Casual,Status Quo Men Solid Black Shorts
44902,Men,Apparel,Bottomwear,Shorts,Black,Summer,2012.0,Casual,Puma Men  Black Shorts
9075,Men,Apparel,Bottomwear,Shorts,Black,Fall,2011.0,Sports,ADIDAS Men Cr_Ess 3s34pan Black Short
9331,Men,Apparel,Bottomwear,Shorts,Blue,Fall,2011.0,Casual,Puma Men Chino Blue Shorts
13303,Men,Apparel,Bottomwear,Shorts,Beige,Fall,2011.0,Casual,Gini and Jony Kids Boys Solid Beige Shorts
57094,Women,Apparel,Bottomwear,Shorts,Blue,Summer,2012.0,Casual,Elle Women Greyish Blue Culottes
21382,Men,Apparel,Bottomwear,Shorts,White,Fall,2011.0,Casual,Manchester United Men Solid White Shorts
7687,Men,Apparel,Bottomwear,Shorts,White,Fall,2011.0,Sports,Puma Men's Long Logo Bermuda White Short
26243,Men,Apparel,Bottomwear,Shorts,Grey Melange,Summer,2012.0,Sports,Proline Grey Melange Shorts
24614,Men,Apparel,Bottomwear,Shorts,Grey,Fall,2011.0,Sports,Proline Grey Shorts
15340,Women,Apparel,Bottomwear,Shorts,Black,Fall,2011.0,Sports,Nike Women Solid Black Shorts
14941,Men,Apparel,Bottomwear,Shorts,White,Fall,2011.0,Casual,Status Quo Men Solid White Shorts
31422,Men,Apparel,Bottomwear,Shorts,White,Summer,2012.0,Sports,Nike Men White Shorts
30598,Men,Apparel,Bottomwear,Shorts,Black,Summer,2012.0,Sports,Nike Men Hustle Reversible Black Shorts
6566,Men,Apparel,Bottomwear,Shorts,Green,Summer,2011.0,Sports,Nike Men's Green Shorts
13245,Men,Apparel,Bottomwear,Shorts,Black,Fall,2011.0,Casual,Palm Tree Kids Boys Solid Black Shorts
1997,Men,Apparel,Bottomwear,Shorts,Grey,Fall,2010.0,Sports,Puma Men's Grey Sports Shorts
7898,Men,Apparel,Bottomwear,Shorts,Red,Fall,2011.0,Casual,Proline Men Red Shorts
52520,Men,Apparel,Bottomwear,Shorts,Cream,Summer,2012.0,Casual,Pepe Jeans Men Cream Cargo Shorts
56821,Men,Apparel,Bottomwear,Shorts,Brown,Summer,2012.0,Casual,John Players Men Brown Shorts
8406,Men,Apparel,Bottomwear,Shorts,White,Fall,2011.0,Sports,ADIDAS Men M Rsp Short Sleeve White Shorts
27426,Women,Apparel,Bottomwear,Shorts,Grey Melange,Winter,2015.0,Casual,Jockey Women Grey Melange Shorts
7542,Men,Apparel,Bottomwear,Shorts,White,Summer,2011.0,Sports,Nike Men's AS T90 3/4 WO White Shorts
19481,Men,Apparel,Bottomwear,Shorts,Black,Summer,2012.0,Casual,Quiksilver Men Striped Black Shorts
42119,Men,Apparel,Bottomwear,Shorts,Navy Blue,Summer,2012.0,Casual,ADIDAS Men Navy Blue 3/4 Pant
15467,Men,Apparel,Bottomwear,Shorts,Black,Fall,2011.0,Casual,Puma Men Logo Bermuda Black Shorts
10660,Women,Apparel,Bottomwear,Shorts,Blue,Fall,2011.0,Casual,Doodle Girl Hot shorts ice wash Blue Shorts
10018,Men,Apparel,Bottomwear,Shorts,Black,Fall,2012.0,Sports,Nike Men Black Three Quarter Track Pants
43052,Men,Apparel,Bottomwear,Shorts,Navy Blue,Summer,2012.0,Casual,Nike Men Navy Blue Legacy Shorts
5456,Men,Apparel,Bottomwear,Shorts,Navy Blue,Summer,2011.0,Sports,Nike Men's Basic Woven Med Blue Short
13256,Men,Apparel,Bottomwear,Shorts,White,Fall,2011.0,Casual,Palm Tree Kids Boys Check White Shorts
25030,Men,Apparel,Bottomwear,Shorts,Navy Blue,Fall,2011.0,Sports,Nike Men Speed Fly Navy Blue Shorts
4796,Men,Apparel,Bottomwear,Shorts,Blue,Summer,2011.0,Sports,ADIDAS Men's Ess Steel Short
48110,Women,Apparel,Bottomwear,Shorts,Red,Summer,2012.0,Casual,French Connection Women Red Shorts
41700,Men,Apparel,Bottomwear,Shorts,Black,Summer,2012.0,Casual,DC Comics Men Black Printed Shorts
38582,Men,Apparel,Bottomwear,Shorts,Black,Summer,2012.0,Casual,Nike Men Black Breakline Med Shorts
14939,Men,Apparel,Bottomwear,Shorts,Beige,Fall,2011.0,Casual,Status Quo Men Solid Beige Shorts
28142,Men,Apparel,Bottomwear,Shorts,Grey Melange,Summer,2016.0,Casual,Jockey 24 x 7 Men Grey Melange Lounge Shorts 9426
22797,Men,Apparel,Bottomwear,Shorts,Grey,Fall,2011.0,Casual,Manchester United Men Grey Shorts
4989,Women,Apparel,Bottomwear,Shorts,Green,Summer,2011.0,Casual,Gini and Jony Girl's Fenil Bright Green Kidswear
28640,Men,Apparel,Bottomwear,Shorts,Black,Summer,2012.0,Sports,Nike Men Victor Woven Black Shorts
33495,Men,Apparel,Bottomwear,Shorts,Blue,Summer,2012.0,Casual,Doodle Kids Boy Striped Blue Shorts
27623,Men,Apparel,Bottomwear,Shorts,Beige,Summer,2012.0,Casual,Scullers Men Beige Shorts
28460,Women,Apparel,Bottomwear,Shorts,Pink,Summer,2012.0,Sports,Urban Yoga Women Pink Shorts
33498,Men,Apparel,Bottomwear,Shorts,Blue,Summer,2012.0,Casual,Doodle Kids Boy Printed Blue Shorts
51398,Men,Apparel,Bottomwear,Shorts,White,Summer,2012.0,Casual,Myntra Men Green Check Shorts
9095,Men,Apparel,Bottomwear,Shorts,Navy Blue,Fall,2011.0,Sports,ADIDAS Men's Schelse Navy Blue Shorts
15644,Men,Apparel,Bottomwear,Shorts,Navy Blue,Winter,2014.0,Sports,Nike Men As Df Crckt Navy Blue Shorts
57896,Women,Apparel,Bottomwear,Shorts,Off White,Summer,2012.0,Casual,Femella Women Off White Shorts
27626,Men,Apparel,Bottomwear,Shorts,Brown,Summer,2012.0,Casual,Scullers Men Check Brown Cargo Shorts
38562,Men,Apparel,Bottomwear,Shorts,Black,Summer,2012.0,Sports,Nike Men Varsity Black Shorts
21590,Men,Apparel,Bottomwear,Shorts,Brown,Summer,2011.0,Sports,Tribord Men Solid Brown Short
31461,Men,Apparel,Bottomwear,Shorts,White,Summer,2012.0,Sports,Nike Men Tennis White Shorts
9081,Men,Apparel,Bottomwear,Shorts,Red,Fall,2011.0,Sports,ADIDAS Men Gfx Rev 2l Sho Red Shorts
19240,Men,Apparel,Bottomwear,Shorts,Blue,Summer,2011.0,Casual,Puma Men Dazzle Blue Shorts
18867,Men,Apparel,Bottomwear,Shorts,Grey,Fall,2011.0,Casual,Puma Men Solid Grey Knits Panel Shorts
34493,Women,Apparel,Bottomwear,Skirts,Grey,Summer,2012.0,Formal,Van Heusen Woman Grey Skirt
26364,Women,Apparel,Bottomwear,Skirts,Grey,Summer,2012.0,Formal,Arrow Woman Grey Skirt
34494,Women,Apparel,Bottomwear,Skirts,Black,Summer,2012.0,Formal,Van Heusen Woman Black Skirt
39725,Women,Apparel,Bottomwear,Skirts,Charcoal,Summer,2012.0,Formal,Arrow Woman Charcoal Skirt
18712,Women,Apparel,Bottomwear,Skirts,Black,Fall,2011.0,Formal,Arrow Women Solid Black Skirt
40432,Women,Apparel,Bottomwear,Skirts,Black,Summer,2012.0,Formal,Tonga Women Black Skirt
18713,Women,Apparel,Bottomwear,Skirts,Grey,Fall,2011.0,Formal,Arrow Woman Solid Grey Skirt
40428,Women,Apparel,Bottomwear,Skirts,Grey,Summer,2012.0,Formal,Tonga Women Grey Formal Skirt
44646,Women,Apparel,Bottomwear,Skirts,Black,Summer,2012.0,Formal,Arrow Woman Black Skirt
43520,Women,Apparel,Bottomwear,Skirts,Navy Blue,Summer,2012.0,Formal,French Connection Women Navy Blue Skirt
27231,Women,Apparel,Bottomwear,Skirts,Blue,Summer,2012.0,Casual,Doodle Kids Girl Washed Blue Skirt
8499,Women,Apparel,Bottomwear,Skirts,Pink,Fall,2011.0,Casual,Forever New Women Blossom  Pink Printed Skirt
14630,Women,Apparel,Bottomwear,Skirts,Brown,Fall,2011.0,Casual,United Colors of Benetton Women Check Brown Skirts
4930,Women,Apparel,Bottomwear,Skirts,Blue,Summer,2011.0,Casual,Gini and Jony Girl's Vanida Blue Dungree Infant Kidswear
28456,Women,Apparel,Bottomwear,Skirts,Blue,Summer,2012.0,Sports,Urban Yoga Women Blue Skirt With Leggings
6532,Women,Apparel,Bottomwear,Skirts,Pink,Summer,2011.0,Sports,Nike Women's Border Pink Skirt
13515,Women,Apparel,Bottomwear,Skirts,Blue,Fall,2011.0,Casual,Palm Tree Kids Girl Washed Blue Skirts
8493,Women,Apparel,Bottomwear,Skirts,Black,Fall,2011.0,Casual,Forever New Women Black Skirts
11260,Women,Apparel,Bottomwear,Skirts,Green,Summer,2011.0,Casual,Palm Tree Kids Girl Sp Jace Sko Green Skirts
5019,Women,Apparel,Bottomwear,Skirts,Navy Blue,Summer,2011.0,Casual,Levis Kids Girl's Betsy Navy Kidswear
6862,Women,Apparel,Bottomwear,Skirts,Pink,Summer,2011.0,Casual,Forever New Women's Peach Pink Skirt
57092,Women,Apparel,Bottomwear,Skirts,Off White,Summer,2012.0,Casual,Elle Women Off White Skirt
40433,Women,Apparel,Bottomwear,Skirts,Multi,Summer,2012.0,Casual,Tonga Women Multi Colored Skirt
57082,Women,Apparel,Bottomwear,Skirts,Blue,Summer,2012.0,Casual,Elle Women Blue Skirt
48493,Women,Apparel,Bottomwear,Skirts,Black,Winter,2011.0,Casual,French Connection Women Black Skirt
49636,Women,Apparel,Bottomwear,Skirts,Blue,Summer,2012.0,Casual,Mineral Blue & White Skirt
13304,Women,Apparel,Bottomwear,Skirts,Red,Fall,2011.0,Casual,Gini and Jony Kids Girls Solid Red Skirts
12848,Women,Apparel,Bottomwear,Skirts,Blue,Fall,2011.0,Casual,Ant Kids Check Blue Skirts
10655,Women,Apparel,Bottomwear,Skirts,Blue,Fall,2011.0,Casual,Doodle Girl Denim skirt with belt Blue Skirts
37930,Women,Apparel,Bottomwear,Skirts,Brown,Summer,2012.0,Casual,Mineral Women Brown Skirt
8498,Women,Apparel,Bottomwear,Skirts,Grey,Fall,2011.0,Casual,Forever New Women Coral Check Grey Skirts
40434,Women,Apparel,Bottomwear,Skirts,Charcoal,Summer,2012.0,Casual,Tonga Women Charcoal Skirt
10351,Women,Apparel,Bottomwear,Skirts,Grey,Fall,2011.0,Casual,United Colors of Benetton Women Check Skirt Grey Skirts
18710,Women,Apparel,Bottomwear,Skirts,Tan,Fall,2011.0,Casual,Arrow Woman Printed Tan Skirt
8496,Women,Apparel,Bottomwear,Skirts,Cream,Fall,2011.0,Casual,Forever New Women Cappuccino Cream Skirts
30927,Women,Apparel,Bottomwear,Skirts,Red,Summer,2012.0,Ethnic,Fabindia Women Red Ghera Crinkle Skirt
30929,Women,Apparel,Bottomwear,Skirts,Grey,Summer,2012.0,Ethnic,Fabindia Women Grey Skirt
32250,Women,Apparel,Bottomwear,Skirts,Blue,Summer,2012.0,Ethnic,Fabindia Women Blue Skirts
5005,Women,Apparel,Bottomwear,Skirts,Red,Summer,2011.0,Casual,Gini and Jony Girl's Glinda Red Kidswear
8494,Women,Apparel,Bottomwear,Skirts,Beige,Fall,2011.0,Casual,Forever New Women Clay Pleated Beige Skirts
49655,Women,Apparel,Bottomwear,Skirts,Pink,Summer,2012.0,Casual,Mineral Pink & Green Skirt
6857,Women,Apparel,Bottomwear,Skirts,Black,Summer,2011.0,Casual,Forever New Women's Animal Stroke Print Black Skirt
13263,Women,Apparel,Bottomwear,Skirts,Pink,Fall,2011.0,Casual,Palm Tree Kids Girl Solid Pink Skirts
57087,Women,Apparel,Bottomwear,Skirts,Yellow,Summer,2012.0,Casual,Elle Women Yellow Skirt
13264,Women,Apparel,Bottomwear,Skirts,Pink,Fall,2011.0,Casual,Palm Tree Kids Girls Solid Pink Skirts
12839,Women,Apparel,Bottomwear,Skirts,Black,Fall,2011.0,Casual,Ant Kids Pleated Black Skirts
4929,Women,Apparel,Bottomwear,Skirts,Blue,Summer,2011.0,Casual,Gini and Jony Girl's Vanida Blue Dungree Kidswear
13340,Women,Apparel,Bottomwear,Skirts,Black,Fall,2011.0,Casual,Gini and Jony Kids Girls Solid Black Skirts
31454,Women,Apparel,Bottomwear,Skirts,Black,Summer,2012.0,Sports,Nike Women Tennis Black Skirt
18711,Women,Apparel,Bottomwear,Skirts,Brown,Fall,2011.0,Casual,Arrow Woman Printed Brown Skirt
57091,Women,Apparel,Bottomwear,Skirts,Black,Summer,2012.0,Casual,Elle Women Black Skirt
27199,Women,Apparel,Bottomwear,Skirts,Grey,Summer,2012.0,Casual,Doodle Kids Girl Printed Grey Skirt
10002,Women,Apparel,Bottomwear,Skirts,Blue,Summer,2011.0,Casual,Palm Tree Kids Sp Jema Skt Blue Skirts
30925,Women,Apparel,Bottomwear,Skirts,Black,Summer,2012.0,Ethnic,Fabindia Women Printed Black Ghera Skirt
8497,Women,Apparel,Bottomwear,Skirts,Cream,Fall,2011.0,Casual,Forever New Women Cameo Skirt Cream Skirts
10000,Women,Apparel,Bottomwear,Skirts,White,Summer,2011.0,Casual,Palm Tree Girls Sp Jace Sko White Skirts
31605,Women,Apparel,Bottomwear,Skirts,Black,Summer,2012.0,Sports,Nike Women Running Black Skirt with Capris
32252,Women,Apparel,Bottomwear,Skirts,Red,Summer,2012.0,Ethnic,Fabindia Women Red Skirts
10001,Women,Apparel,Bottomwear,Skirts,Blue,Summer,2011.0,Casual,Palm Tree Kids Girls Sp Jema Skt Blue Skirts
10366,Women,Apparel,Bottomwear,Skirts,Black,Fall,2011.0,Casual,United Colors of Benetton Women Solid Black Skirt
32591,Women,Apparel,Bottomwear,Skirts,Pink,Summer,2012.0,Casual,ONLY Women Pink Skirt
35958,Women,Apparel,Bottomwear,Skirts,Black,Summer,2012.0,Casual,Flying Machine Women Viscose Black Skirt
13514,Women,Apparel,Bottomwear,Skirts,Blue,Fall,2011.0,Casual,Palm Tree Women Washed Blue Skirts
57090,Women,Apparel,Bottomwear,Skirts,Navy Blue,Summer,2012.0,Casual,Elle Women Navy Blue Skirt
15415,Women,Footwear,Shoes,Sports Shoes,Black,Fall,2011.0,Sports,FILA Women Tenet Black Sports Shoes
4995,Men,Footwear,Shoes,Sports Shoes,White,Summer,2011.0,Sports,Fila Men Drift White Sports Shoes
44227,Men,Footwear,Shoes,Sports Shoes,Silver,Winter,2012.0,Sports,Nike Men Silver and Black Sports Shoes
5357,Men,Footwear,Shoes,Sports Shoes,Red,Fall,2011.0,Sports,Kipsta F300 Sala Shoes
4569,Men,Footwear,Shoes,Sports Shoes,White,Summer,2011.0,Sports,Nike Men's Collect White Shoe
19302,Men,Footwear,Shoes,Sports Shoes,Black,Fall,2011.0,Sports,Nike Men Waffle Racer II Black Sports Shoes
4475,Women,Footwear,Shoes,Sports Shoes,Silver,Summer,2011.0,Sports,Puma Women Cell Exsis Silver Black White Shoe
9384,Men,Footwear,Shoes,Sports Shoes,White,Fall,2011.0,Sports,Nike Men Nike Backboard Grey Sports Shoes
17845,Men,Footwear,Shoes,Sports Shoes,White,Fall,2011.0,Sports,Nike Men T90 Shoot I\/ HG-B White Sports Shoe
36219,Women,Footwear,Shoes,Sports Shoes,Grey,Summer,2012.0,Sports,Nike Women Air Pegasus Grey & Blue Sports Shoes
5712,Men,Footwear,Shoes,Sports Shoes,Silver,Summer,2011.0,Sports,Reebok Men's Lochraven Silver Black Shoe
6673,Men,Footwear,Shoes,Sports Shoes,White,Summer,2011.0,Sports,Nike Men's Air Pegasus 27 White Grey Shoe
9394,Women,Footwear,Shoes,Sports Shoes,Grey,Fall,2011.0,Sports,Nike Women Wmns Nike Lun +2 Grey Sports Shoes
7826,Women,Footwear,Shoes,Sports Shoes,White,Summer,2011.0,Sports,Puma Women Future Cat Remix White Blue Shoe
32188,Men,Footwear,Shoes,Sports Shoes,Blue,Summer,2012.0,Sports,ADIDAS Men Marathon Blue Sports Shoes
10161,Men,Footwear,Shoes,Sports Shoes,White,Fall,2011.0,Sports,Puma Men Cabana Racer White Sports Shoes
26448,Men,Footwear,Shoes,Sports Shoes,Black,Fall,2012.0,Sports,Puma Men Kuris Black Sports Shoes
54540,Men,Footwear,Shoes,Sports Shoes,Grey,Fall,2012.0,Sports,F Sports Men Grey Gravity Sports Shoes
39673,Men,Footwear,Shoes,Sports Shoes,White,Summer,2012.0,Sports,Lotto Men White Sports Shoes
4511,Women,Footwear,Shoes,Sports Shoes,White,Summer,2011.0,Sports,Lotto Women Osaka White Blue Shoe
7604,Men,Footwear,Shoes,Sports Shoes,Yellow,Summer,2011.0,Sports,Nike Men's 360 Enganche Yellow Shoe
19309,Men,Footwear,Shoes,Sports Shoes,Grey,Fall,2011.0,Sports,Nike Men Field Trainer Textile Grey Sports Shoes
4344,Men,Footwear,Shoes,Sports Shoes,White,Summer,2011.0,Sports,Fila Men's Abascuss White Blue Shoe
4562,Women,Footwear,Shoes,Sports Shoes,White,Summer,2011.0,Sports,Nike Women Capri White Shoe
12695,Men,Footwear,Shoes,Sports Shoes,Black,Fall,2011.0,Sports,Nike Men Air Press Black Sports Shoes
35935,Men,Footwear,Shoes,Sports Shoes,Black,Summer,2012.0,Sports,Salomon Men XR Mission Black Sports Shoes
13184,Men,Footwear,Shoes,Sports Shoes,Black,Fall,2011.0,Sports,FILA Men Dls Spry Black Sports Shoes
26622,Men,Footwear,Shoes,Sports Shoes,Black,Summer,2012.0,Sports,Puma Men Faas 800 Jam Black Sports Shoes
28659,Men,Footwear,Shoes,Sports Shoes,Grey,Summer,2012.0,Sports,Nike Men Air Max Grey Sports Shoes
6625,Men,Footwear,Shoes,Sports Shoes,White,Summer,2011.0,Sports,ADIDAS Men's Morin White Shoe
4577,Men,Footwear,Shoes,Sports Shoes,Red,Summer,2011.0,Sports,Nike Men's Mercurial Vic Pink Shoe
3376,Women,Footwear,Shoes,Sports Shoes,Black,Spring,2012.0,Sports,Asics Women Gel Technology Active Black White Pink Shoe
17411,Men,Footwear,Shoes,Sports Shoes,White,Fall,2011.0,Sports,Lotto Men Basketball Mid White Sports Shoe
34655,Men,Footwear,Shoes,Sports Shoes,White,Summer,2012.0,Sports,Fila Men Cerchi Lite White Sports Shoes
2196,Men,Footwear,Shoes,Sports Shoes,White,Fall,2010.0,Sports,ADIDAS Men's White Comfort Shoe
13197,Men,Footwear,Shoes,Sports Shoes,White,Fall,2011.0,Sports,Puma Men Axis White Sports Shoes
8973,Men,Footwear,Shoes,Sports Shoes,White,Fall,2011.0,Sports,Puma Men Drift Cat III CF White Sports Shoes
17847,Men,Footwear,Shoes,Sports Shoes,White,Summer,2012.0,Sports,Nike Men Air Impetus II White Sports Shoe
35698,Men,Footwear,Shoes,Sports Shoes,Black,Winter,2014.0,Sports,Nike Black Egoli Fg     Football  Sports Shoes
19306,Men,Footwear,Shoes,Sports Shoes,Black,Summer,2012.0,Sports,Nike Men Dart VII Leather Black Sports Shoe
3295,Men,Footwear,Shoes,Sports Shoes,White,Spring,2011.0,Sports,Asics Men's Gel Cushioning White Navy Shoe
8969,Men,Footwear,Shoes,Sports Shoes,Black,Fall,2011.0,Sports,Puma Men 65cc Ducati Black Sports Shoes
13650,Men,Footwear,Shoes,Sports Shoes,White,Fall,2011.0,Sports,ADIDAS White  Snova Sequence 4M Sports Shoe
3170,Women,Footwear,Shoes,Sports Shoes,White,Summer,2011.0,Sports,Nike Women White Vulcanized Shoe
26600,Women,Footwear,Shoes,Sports Shoes,Black,Summer,2012.0,Sports,Puma Women Faas 300 Black Sports Shoes
5583,Men,Footwear,Shoes,Sports Shoes,Brown,Summer,2011.0,Sports,ADIDAS Men Adistreet Lux Brown Shoe
4045,Men,Footwear,Shoes,Sports Shoes,White,Summer,2011.0,Sports,ADIDAS Men's Barricade 60 White Silver Black Shoe
32278,Men,Footwear,Shoes,Sports Shoes,Black,Summer,2012.0,Sports,ADIDAS Men Adipower Barricade Black Sports Shoes
15408,Men,Footwear,Shoes,Sports Shoes,Black,Fall,2011.0,Sports,FILA Men Coloda Black Sports Shoes
36140,Men,Footwear,Shoes,Sports Shoes,Black,Summer,2012.0,Sports,Nike Men Free 3 V4 Black Sports Shoes
39626,Men,Footwear,Shoes,Sports Shoes,White,Summer,2012.0,Sports,Nike Men Air Max Turnaround Low White Sports Shoes
3294,Women,Footwear,Shoes,Sports Shoes,White,Spring,2011.0,Sports,Asics Women Sport GEL Cushioning White Shoe
4158,Men,Footwear,Shoes,Sports Shoes,White,Summer,2011.0,Sports,Nike Men's Air Max White Grey Orange Shoe
31209,Men,Footwear,Shoes,Sports Shoes,Black,Summer,2012.0,Sports,Nike Men Lunarglide Black Sports Shoes
5352,Men,Footwear,Shoes,Sports Shoes,Black,Summer,2011.0,Sports,Kalenji Dt. Newfeel Strap Black 09
13915,Men,Footwear,Shoes,Sports Shoes,White,Fall,2011.0,Sports,Nike Men 2.04 SL White Sports Shoes
44232,Men,Footwear,Shoes,Sports Shoes,White,Summer,2012.0,Sports,Nike Men Air Max Turbulence+ 18 White Sports Shoes
7587,Men,Footwear,Shoes,Sports Shoes,White,Summer,2011.0,Sports,Nike Men Air Max White Red Shoe
13167,Men,Footwear,Shoes,Sports Shoes,Black,Fall,2011.0,Sports,Skechers Men Prospeed Black Sports Shoes
4500,Men,Footwear,Shoes,Sports Shoes,Brown,Summer,2011.0,Sports,Lotto Men's Chamonix Brown Black Shoe
13900,Men,Footwear,Shoes,Sports Shoes,Black,Fall,2011.0,Sports,Nike Men Air Max Quarter Black Sports Shoes
54521,Men,Footwear,Shoes,Sports Shoes,White,Fall,2012.0,Sports,F Sports Men White Voyager Sports Shoes
3492,Women,Footwear,Shoes,Sports Shoes,Red,Fall,2010.0,Sports,ADIDAS Women Adi Light Red White Shoe
1542,Men,Footwear,Shoes,Sports Shoes,White,Fall,2010.0,Sports,Puma Men's Ballistic Rubber Shoe
31956,Men,Footwear,Shoes,Sports Shoes,Black,Summer,2012.0,Sports,Nike Men Air Ring Leader Low Black Sports Shoes
5532,Men,Footwear,Shoes,Sports Shoes,White,Summer,2011.0,Sports,Nike Men's Zoom Structure White Shoe
7601,Men,Footwear,Shoes,Sports Shoes,Purple,Summer,2011.0,Sports,Nike Men's Lunarecl Purple Shoe
39635,Men,Footwear,Shoes,Sports Shoes,Black,Summer,2012.0,Sports,Nike Men Kukini Black Sports Shoes
46333,Men,Footwear,Shoes,Sports Shoes,Grey,Summer,2012.0,Sports,Reebok Men Black Run Cruise Lp Sports Shoes
44231,Men,Footwear,Shoes,Sports Shoes,Blue,Summer,2012.0,Sports,Nike Men Air Max Turbulence+ 18 Grey Sports Shoes
5377,Unisex,Footwear,Shoes,Sports Shoes,Black,,2011.0,Sports,Btwin Road Shoes 5
5358,Men,Footwear,Shoes,Sports Shoes,White,Summer,2011.0,Sports,Kipsta Calcetto 5 Sr White
18409,Women,Footwear,Shoes,Sports Shoes,Black,Summer,2012.0,Sports,Skechers Women Prospeed Black Shoe
4548,Women,Footwear,Shoes,Sports Shoes,Black,Summer,2011.0,Sports,Nike Women Sweet AC Black Shoe
12959,Men,Footwear,Shoes,Sports Shoes,Black,Fall,2011.0,Sports,ADIDAS Men Sports Black Sports Shoes
41434,Men,Footwear,Shoes,Sports Shoes,White,Fall,2012.0,Sports,Lee Cooper Men White Sports Shoes
3370,Women,Footwear,Shoes,Sports Shoes,Grey,Spring,2012.0,Sports,Asics Women Gel Cushioning Running Grey Pink Shoe
9946,Men,Apparel,Topwear,Sweaters,Black,Fall,2011.0,Sports,ADIDAS Men Frnt Str Black Sweaters
20218,Men,Apparel,Topwear,Sweaters,Charcoal,Fall,2011.0,Casual,Wrangler Men Rib Charcoal Sweater
14993,Men,Apparel,Topwear,Sweaters,Grey,Fall,2011.0,Casual,ADIDAS Men Stripes Grey Sweaters
23068,Men,Apparel,Topwear,Sweaters,Blue,Fall,2011.0,Casual,Arrow Men Blue Check Sweater
18627,Men,Apparel,Topwear,Sweaters,Red,Fall,2011.0,Casual,Puma Men Striped Full Zip Red Sweaters
20303,Women,Apparel,Topwear,Sweaters,Purple,Fall,2011.0,Casual,Jealous 21 Women Solid Purple Sweater
12917,Men,Apparel,Topwear,Sweaters,White,Fall,2011.0,Casual,Spykar Men Stripe White Sweaters
17195,Men,Apparel,Topwear,Sweaters,Green,Winter,2016.0,Casual,U.S. Polo Assn. Men Stripes Green Sweater
23668,Men,Apparel,Topwear,Sweaters,Black,Fall,2011.0,Casual,Spykar Men Black Sweaters
19519,Men,Apparel,Topwear,Sweaters,Black,Fall,2011.0,Casual,United Colors of Benetton Men Stripes Black Sweater
16005,Men,Apparel,Topwear,Sweaters,Grey,Fall,2011.0,Casual,Turtle Stripes Men Grey Sweaters
20788,Men,Apparel,Topwear,Sweaters,Maroon,Fall,2011.0,Casual,Genesis Men Solid Maroon Sweater
13520,Women,Apparel,Topwear,Sweaters,Purple,Fall,2011.0,Casual,Jealous 21 Women Solid Purple Sweaters
19530,Men,Apparel,Topwear,Sweaters,Navy Blue,Fall,2011.0,Casual,United Colors of Benetton Men Stripes Navy Blue Sweater
20223,Women,Apparel,Topwear,Sweaters,Navy Blue,Fall,2011.0,Casual,Wrangler Women Scoop Navy Blue Sleeveless Sweater
32571,Women,Apparel,Topwear,Sweaters,Grey,Summer,2012.0,Casual,ONLY Women Magenta & Grey Sweater
13799,Men,Apparel,Topwear,Sweaters,Purple,Fall,2011.0,Casual,Proline Purple Striped Sweater
13786,Men,Apparel,Topwear,Sweaters,Grey,Fall,2011.0,Casual,Proline Grey Sweater with Knitted Stripes
11094,Women,Apparel,Topwear,Sweaters,Black,Fall,2011.0,Casual,Scullers Women Stripes Black Sweaters
14081,Men,Apparel,Topwear,Sweaters,Green,Fall,2011.0,Casual,Flying Machine Men Solid Green Sweaters
14323,Women,Apparel,Topwear,Sweaters,White,Fall,2011.0,Casual,ADIDAS Women Stripes White Sweaters
18966,Men,Apparel,Topwear,Sweaters,Green,Summer,2011.0,Casual,United Colors of Benetton Men Printed Green Sweater
16194,Men,Apparel,Topwear,Sweaters,Grey,Fall,2011.0,Casual,Puma Men Stripped SL Grey Sweater
16192,Men,Apparel,Topwear,Sweaters,Grey,Fall,2011.0,Casual,Puma Men Knitted Vest Grey Sweater
19964,Men,Apparel,Topwear,Sweaters,Grey,Fall,2011.0,Casual,United Colors of Benetton Men Stripes Grey Sweater
22627,Men,Apparel,Topwear,Sweaters,White,Fall,2011.0,Sports,Nike Men White Sweater
14991,Men,Apparel,Topwear,Sweaters,Green,Fall,2011.0,Casual,ADIDAS Men Solid Green Sweaters
20383,Men,Apparel,Topwear,Sweaters,White,Fall,2011.0,Casual,Spykar Men Solid White Sweater
18200,Women,Apparel,Topwear,Sweaters,Red,Fall,2011.0,Casual,Jealous 21 Women Stripes Red Sweater
19393,Men,Apparel,Topwear,Sweaters,Green,Summer,2011.0,Casual,ADIDAS Men Stripes Green Sweater
17199,Men,Apparel,Topwear,Sweaters,Grey,Winter,2016.0,Casual,U.S. Polo Assn. Men Solid Grey Sweater
23071,Men,Apparel,Topwear,Sweaters,Black,Fall,2011.0,Casual,Arrow Men Black Sweater
22625,Men,Apparel,Topwear,Sweaters,Black,Fall,2011.0,Sports,Nike Men Solid Black Sweater
19516,Men,Apparel,Topwear,Sweaters,Black,Fall,2011.0,Casual,United Colors of Benetton Men Black  Sweater
20305,Women,Apparel,Topwear,Sweaters,Magenta,Fall,2011.0,Casual,Jealous 21 Women Solid Magenta Sweater
13789,Men,Apparel,Topwear,Sweaters,Grey,Fall,2011.0,Casual,Proline Grey Striped Sweater
18569,Men,Apparel,Topwear,Sweaters,Red,Fall,2011.0,Casual,Puma Men Solid Red Sweater
13097,Men,Apparel,Topwear,Sweaters,Red,Fall,2011.0,Casual,ADIDAS Men Knit Purple Sweaters
20233,Women,Apparel,Topwear,Sweaters,Red,Fall,2011.0,Casual,Wrangler Women Felt Grey Sweater
16691,Men,Apparel,Topwear,Sweaters,Red,Fall,2011.0,Casual,Fila Men Blanc Red Sweater
15037,Women,Apparel,Topwear,Sweaters,Black,Fall,2011.0,Casual,ADIDAS Women Check Black Sweaters
16193,Men,Apparel,Topwear,Sweaters,Green,Fall,2011.0,Casual,Puma Men Knitted Vest Green Sweater
15048,Women,Apparel,Topwear,Sweaters,Grey,Fall,2011.0,Casual,ADIDAS Women Solid Grey Sweaters
8833,Men,Apparel,Topwear,Sweaters,Black,Fall,2011.0,Casual,Spykar Men Rts Vneck Black Black Sweaters
13830,Men,Apparel,Topwear,Sweaters,Grey,Fall,2011.0,Casual,Indigo Nation Men Stripes Grey Sweaters
18312,Men,Apparel,Topwear,Sweaters,Grey,Summer,2011.0,Casual,Wills Sport Men Grey Striped Sweater
19524,Men,Apparel,Topwear,Sweaters,Blue,Fall,2011.0,Casual,United Colors of Benetton Men Solid Blue Sweater
11077,Men,Apparel,Topwear,Sweaters,Purple,Fall,2011.0,Casual,Scullers Men Stripes Purple Sweaters
20215,Men,Apparel,Topwear,Sweaters,Blue,Fall,2011.0,Casual,Wrangler Men Flag Blue Sweater
21135,Women,Apparel,Topwear,Sweaters,Purple,Fall,2011.0,Casual,s.Oliver Women Solid Purple Sweater
19517,Men,Apparel,Topwear,Sweaters,Grey,Fall,2011.0,Casual,United Colors of Benetton Men Solid Grey Sweater
13099,Men,Apparel,Topwear,Sweaters,Blue,Fall,2011.0,Casual,ADIDAS Men Stadium Fz Po Blue Sweaters
21119,Men,Apparel,Topwear,Sweaters,Black,Fall,2011.0,Casual,s.Oliver Men Black Sweater
11176,Men,Apparel,Topwear,Sweaters,Grey,Fall,2011.0,Casual,Scullers Men Stripes Grey Sweaters
11174,Men,Apparel,Topwear,Sweaters,Green,Fall,2011.0,Casual,Scullers Men Stripes Green Sweaters
19953,Men,Apparel,Topwear,Sweaters,Black,Fall,2011.0,Casual,United Colors of Benetton Men Solid Black Sweater
19536,Men,Apparel,Topwear,Sweaters,Purple,Summer,2011.0,Casual,United Colors of Benetton Men Solid Purple Sweater
18727,Women,Apparel,Topwear,Sweaters,Navy Blue,Fall,2011.0,Casual,Arrow Woman Venetia Navy Blue Sweater
14080,Men,Apparel,Topwear,Sweaters,Purple,Fall,2011.0,Casual,Flying Machine Men Stripes Purple Sweaters
17194,Men,Apparel,Topwear,Sweaters,Black,Fall,2011.0,Casual,U.S. Polo Assn. Men Stripes Black Sweater
18311,Men,Apparel,Topwear,Sweaters,Green,Summer,2011.0,Casual,Wills Lifestyle Men Striped Green Sweater
14083,Women,Apparel,Topwear,Sweaters,Purple,Fall,2011.0,Casual,Flying Machine Women Stripes Purple Sweaters
15035,Women,Apparel,Topwear,Sweaters,Purple,Fall,2011.0,Casual,ADIDAS Women Stripes Purple Sweaters
21162,Women,Apparel,Topwear,Sweaters,Pink,Fall,2011.0,Casual,s.Oliver Women Solid Pink Sweater
12609,Women,Apparel,Topwear,Sweaters,Blue,Fall,2011.0,Casual,Jealous 21 Women Solid Blue Sweaters
15557,Men,Apparel,Topwear,Sweaters,Blue,Fall,2011.0,Casual,Spykar Men Stripes Blue Sweaters
15177,Men,Apparel,Topwear,Sweaters,Navy Blue,Fall,2011.0,Casual,Arrow Sport Men Solid Navy Blue Sweaters
11397,Men,Apparel,Topwear,Sweaters,Black,Fall,2011.0,Casual,United Colors of Benetton Men Light WinterSweater Black Sweaters
21151,Men,Apparel,Topwear,Sweaters,Blue,Fall,2011.0,Casual,S.Oliver Men Blue Sweater
15033,Women,Apparel,Topwear,Sweaters,Grey,Fall,2011.0,Casual,ADIDAS Women Stripes Solid Grey Sweaters
16002,Men,Apparel,Topwear,Sweaters,Grey,Fall,2011.0,Casual,Turtle Solid Men Grey Sweaters
19523,Men,Apparel,Topwear,Sweaters,Grey,Fall,2011.0,Casual,United Colors of Benetton Men Grey Sweater
14089,Men,Apparel,Topwear,Sweaters,Black,Fall,2011.0,Casual,Flying Machine Men Solid Black Sweaters
19959,Men,Apparel,Topwear,Sweaters,Purple,Fall,2011.0,Casual,United Colors of Benetton Men Purple Sweater
20229,Women,Apparel,Topwear,Sweaters,Blue,Fall,2011.0,Casual,Wrangler Women Cable Blue Sweater
20219,Men,Apparel,Topwear,Sweaters,Red,Fall,2011.0,Casual,Wrangler Men Rib Red Sweater
13826,Men,Apparel,Topwear,Sweaters,Navy Blue,Fall,2011.0,Casual,Indigo Nation Men Stripes Navy Blue Sweaters
18199,Women,Apparel,Topwear,Sweaters,Purple,Fall,2011.0,Casual,Jealous 21 Women Stripes Purple Sweater
14582,Women,Apparel,Topwear,Sweaters,Black,Fall,2011.0,Casual,United Colors of Benetton Women Solid Black Sweaters
21466,Women,Apparel,Topwear,Sweaters,Blue,Winter,2012.0,Casual,Roxy Women Blue Striped Sweater
20346,Women,Apparel,Topwear,Sweaters,Pink,Fall,2011.0,Casual,Scullers For Her Women Solid Pink Sweater
11093,Women,Apparel,Topwear,Sweaters,White,Fall,2011.0,Casual,Scullers Women Knit White Sweaters
13827,Men,Apparel,Topwear,Sweaters,Black,Fall,2011.0,Casual,Indigo Nation Men Solid Black Sweaters
18958,Men,Apparel,Topwear,Sweaters,Blue,Fall,2011.0,Casual,United Colors of Benetton Men Stripes Blue Sweater
19535,Men,Apparel,Topwear,Sweaters,Green,Summer,2011.0,Casual,United Colors of Benetton Men Solid Green Sweater
14092,Women,Apparel,Topwear,Sweaters,Green,Fall,2011.0,Casual,Flying Machine Women Stripes Green Sweaters
21464,Women,Apparel,Topwear,Sweaters,Grey,Winter,2012.0,Casual,Roxy Women Grey Sweater
19533,Men,Apparel,Topwear,Sweaters,Navy Blue,Fall,2011.0,Casual,United Colors of Benetton Men Solid Navy Blue Sweater
20789,Men,Apparel,Topwear,Sweaters,Navy Blue,Fall,2011.0,Casual,Genesis Men Solid Navy Blue Sweater
22328,Men,Apparel,Topwear,Sweaters,Navy Blue,Fall,2011.0,Casual,John Players Men Stripes Navy Blue Sweater
20304,Women,Apparel,Topwear,Sweaters,Maroon,Fall,2011.0,Casual,Jealous 21 Women Stripes Maroon Sweater
12988,Women,Apparel,Topwear,Sweaters,Black,Fall,2011.0,Casual,United Colors Of Benetton Women Womenlight Winter Black Sweaters Black Sweaters
15182,Men,Apparel,Topwear,Sweaters,Green,Fall,2011.0,Casual,Arrow Sport Men Stripes Green Sweaters
23069,Men,Apparel,Topwear,Sweaters,Black,Fall,2011.0,Casual,Arrow Sport Men Black Check Sweater
18499,Men,Apparel,Topwear,Sweaters,Navy Blue,Fall,2011.0,Casual,Puma Men Striped Navy Blue Sweater
15701,Men,Apparel,Topwear,Sweaters,Grey,Fall,2011.0,Casual,Spykar Men Stripes Grey Sweaters
21136,Women,Apparel,Topwear,Sweaters,Navy Blue,Fall,2011.0,Casual,s.Oliver Women Stripes Navy Blue Sweater
20307,Women,Apparel,Topwear,Sweaters,White,Fall,2011.0,Casual,Jealous 21 Women Solid White Sweater
17290,Men,Apparel,Topwear,Sweaters,Grey,Fall,2011.0,Casual,Spykar Men's Solid Sweater
11172,Men,Apparel,Topwear,Sweaters,Red,Fall,2011.0,Casual,Scullers Men Stripes Red Sweaters
18624,Men,Apparel,Topwear,Sweaters,Cream,Fall,2011.0,Casual,Puma Men Lifestyle Knitted Cream Sweaters
10568,Men,Apparel,Topwear,Sweaters,Navy Blue,Fall,2011.0,Casual,Puma Men Knitted Navy Blue Sweater
58508,Women,Apparel,Topwear,Sweaters,Grey,Summer,2012.0,Casual,Tonga Women Grey Sweater
21123,Men,Apparel,Topwear,Sweaters,Purple,Fall,2011.0,Casual,s.Oliver Men Check Purple Sweater
16195,Men,Apparel,Topwear,Sweaters,Yellow,Fall,2011.0,Casual,Puma Men Stripped SL Yellow Sweater
18623,Men,Apparel,Topwear,Sweaters,Blue,Fall,2011.0,Casual,Puma Men Lifestyle Knitted Dark Denim Sweaters
13829,Men,Apparel,Topwear,Sweaters,Purple,Fall,2011.0,Casual,Indigo Nation Men Stripes Purple Sweaters
13049,Men,Apparel,Topwear,Sweaters,Black,Fall,2011.0,Casual,Spykar Men Stripes Black Sweaters
19820,Men,Apparel,Topwear,Sweaters,Green,Winter,2016.0,Casual,U.S. Polo Assn. Men Solid Green Sweater
20309,Women,Apparel,Topwear,Sweaters,Grey,Fall,2011.0,Casual,Jealous 21 Women Solid Grey Sweater
19958,Men,Apparel,Topwear,Sweaters,Red,Fall,2011.0,Casual,United Colors of Benetton Men Solid Red Sweater
10572,Men,Apparel,Topwear,Sweaters,Red,Fall,2011.0,Casual,Puma Men Knitted Red Sweaters
16000,Men,Apparel,Topwear,Sweaters,Black,Fall,2011.0,Casual,Turtle Stripes Men Black Sweaters
22626,Men,Apparel,Topwear,Sweaters,Grey,Fall,2011.0,Sports,Nike Men Solid Grey Sweater
22348,Men,Apparel,Topwear,Sweaters,Grey,Fall,2011.0,Casual,John Players Men Solid Grey Sweater
15329,Men,Apparel,Topwear,Sweaters,White,Fall,2011.0,Sports,Nike Men Solid White Sweaters
16925,Men,Apparel,Topwear,Sweaters,Navy Blue,Fall,2011.0,Casual,Spykar Men Stripes Navy Blue Sweaters
19522,Men,Apparel,Topwear,Sweaters,Navy Blue,Fall,2011.0,Casual,United Colors of Benetton Men Check Navy Blue Sweater
23067,Men,Apparel,Topwear,Sweaters,Brown,Fall,2011.0,Casual,Arrow Men Brown Striped Sweater
15179,Men,Apparel,Topwear,Sweaters,Red,Fall,2011.0,Casual,Arrow Sport Men Stripes Red Sweaters
23048,Women,Apparel,Topwear,Sweaters,Black,Fall,2011.0,Casual,Arrow Woman Black Sweater
23047,Women,Apparel,Topwear,Sweaters,Charcoal,Fall,2011.0,Casual,Arrow Woman Charcoal Solid Sweater
16916,Men,Apparel,Topwear,Sweaters,White,Fall,2011.0,Casual,Spykar Men Stripes White Sweaters
11170,Men,Apparel,Topwear,Sweaters,Yellow,Fall,2011.0,Casual,Scullers Men Stripes Yellow Sweaters
14091,Women,Apparel,Topwear,Sweaters,Peach,Fall,2011.0,Casual,Flying Machine Women Solid Peach Sweaters
15036,Women,Apparel,Topwear,Sweaters,Blue,Fall,2011.0,Casual,ADIDAS Women Stripes Blue Sweaters
20347,Women,Apparel,Topwear,Sweaters,Black,Fall,2011.0,Casual,Scullers For Her Women Solid Black Sweater
18725,Women,Apparel,Topwear,Sweaters,Purple,Fall,2011.0,Casual,Arrow Woman Ester Purple Sweater
14084,Men,Apparel,Topwear,Sweaters,Blue,Fall,2011.0,Casual,Flying Machine Men Solid Blue Sweaters
18726,Women,Apparel,Topwear,Sweaters,Brown,Fall,2011.0,Casual,Arrow Woman Venetia Brown Sweater
20226,Women,Apparel,Topwear,Sweaters,Blue,Fall,2011.0,Casual,Wrangler Women Shawl Collar Blue Sweater
11075,Men,Apparel,Topwear,Sweaters,Blue,Fall,2011.0,Casual,Scullers Men Stripes Blue Sweaters
20787,Men,Apparel,Topwear,Sweaters,Black,Fall,2011.0,Casual,Genesis Men Solid Black Sweater
8832,Men,Apparel,Topwear,Sweaters,Grey,Fall,2011.0,Casual,Spykar Men Rts Grey White Pullover Grey Sweaters
24756,Men,Apparel,Topwear,Sweaters,Green,Fall,2011.0,Casual,Spykar Men Green Sweaters
15185,Men,Apparel,Topwear,Sweaters,Black,Fall,2011.0,Casual,Arrow Sport Men Solid Black Sweaters
21602,Women,Apparel,Topwear,Sweaters,Grey,Winter,2012.0,Casual,Roxy Women Grey Striped Sweater
20224,Women,Apparel,Topwear,Sweaters,Purple,Fall,2011.0,Casual,Wrangler Women Felt Purple Sweater
13094,Men,Apparel,Topwear,Sweaters,Grey,Fall,2011.0,Casual,ADIDAS Men Badge P/O Grey Sweaters
14995,Men,Apparel,Topwear,Sweaters,Grey,Fall,2011.0,Casual,ADIDAS Men Solid Grey Sweaters
14086,Men,Apparel,Topwear,Sweaters,Grey,Fall,2011.0,Casual,Flying Machine Men Checks Grey Sweaters
11433,Women,Apparel,Topwear,Sweaters,Mauve,Fall,2011.0,Casual,United Colors of Benetton Women Light Winter Mauve Vest
11095,Women,Apparel,Topwear,Sweaters,Black,Fall,2011.0,Casual,Scullers Women Knit Black Sweaters
16927,Men,Apparel,Topwear,Sweaters,Charcoal,Fall,2011.0,Casual,Spykar Men Solid Charcoal Sweaters
18729,Women,Apparel,Topwear,Sweaters,Magenta,Fall,2011.0,Casual,Arrow Woman Keisha Magenta Sweater
14990,Men,Apparel,Topwear,Sweaters,Black,Fall,2011.0,Casual,ADIDAS Men Solid Black Sweaters
18573,Men,Apparel,Topwear,Sweaters,Blue,Fall,2011.0,Casual,Puma Men Striped Full Zip Blue Sweater
13828,Men,Apparel,Topwear,Sweaters,Navy Blue,Fall,2011.0,Casual,Indigo Nation Men Solid Navy Blue Sweaters
20091,Women,Apparel,Topwear,Sweaters,Grey,Summer,2012.0,Casual,United Colors of Benetton Women Grey Sweater
43312,Women,Apparel,Topwear,Sweaters,Blue,Summer,2012.0,Casual,United Colors of Benetton Women Blue Sweater
16661,Men,Apparel,Topwear,Sweaters,Black,Fall,2011.0,Casual,Fila Men Blanc Black Sweater
23951,Men,Apparel,Topwear,Sweaters,Black,Fall,2011.0,Casual,Provogue Men Black Sweater
11522,Men,Apparel,Topwear,Sweaters,Blue,Fall,2011.0,Casual,United Colors of Benetton Men Blue Sweater
19525,Men,Apparel,Topwear,Sweaters,Grey,Fall,2011.0,Casual,United Colors of Benetton Men Check Grey Sweater
19956,Men,Apparel,Topwear,Sweaters,Green,Spring,2013.0,Casual,United Colors of Benetton Men Green Sweater
15038,Women,Apparel,Topwear,Sweaters,Grey,Fall,2011.0,Casual,ADIDAS Women Stripes Grey Sweaters
15989,Men,Apparel,Topwear,Sweaters,White,Fall,2011.0,Casual,Turtle Stripes Men White Sweaters
16990,Women,Apparel,Topwear,Sweaters,Red,Summer,2011.0,Casual,United Colors of Benetton Women Solid Red Sweater
19955,Men,Apparel,Topwear,Sweaters,Purple,Fall,2011.0,Casual,United Colors Of Benetton Men Purple Sweater
13093,Men,Apparel,Topwear,Sweaters,Black,Fall,2011.0,Casual,ADIDAS Men Badge P/O Black Sweaters
11076,Men,Apparel,Topwear,Sweaters,Black,Fall,2011.0,Casual,Scullers Men Stripes Black Sweaters
16928,Men,Apparel,Topwear,Sweaters,Black,Fall,2011.0,Casual,Spykar Men Solid Black Sweater
43311,Women,Apparel,Topwear,Sweaters,White,Summer,2012.0,Casual,United Colors of Benetton Women Pink Sweater
16001,Men,Apparel,Topwear,Sweaters,Blue,Fall,2011.0,Casual,Turtle Solid Men Blue Sweaters
18959,Women,Apparel,Topwear,Sweaters,Blue,Fall,2011.0,Casual,United Colors of Benetton Women Solid Blue Sweater
15041,Men,Apparel,Topwear,Sweatshirts,Grey,Fall,2011.0,Casual,ADIDAS Men Printed Grey Sweatshirts
23147,Women,Apparel,Topwear,Sweatshirts,Black,Fall,2011.0,Casual,Quechua Women Fleece Black Sweatshirt
17906,Men,Apparel,Topwear,Sweatshirts,Black,Fall,2011.0,Casual,Nike Men Sptcas Black Sweatshirt
20210,Women,Apparel,Topwear,Sweatshirts,Black,Fall,2011.0,Casual,Wrangler Women Cowl Black Sweatshirt
16233,Men,Apparel,Topwear,Sweatshirts,Grey,Fall,2011.0,Casual,Puma Men Ess Crew Grey Sweatshirt
16203,Men,Apparel,Topwear,Sweatshirts,Blue,Fall,2011.0,Casual,Puma Men Logo Hooded Blue SweatShirt
24307,Men,Apparel,Topwear,Sweatshirts,Grey,Fall,2011.0,Casual,ADIDAS Men Grey Printed Sweatshirt
15370,Women,Apparel,Topwear,Sweatshirts,Pink,Fall,2011.0,Casual,Urban Yoga Women Solid Pink Sweatshirts
46383,Men,Apparel,Topwear,Sweatshirts,Black,Summer,2012.0,Casual,ADIDAS Men Black Sweatshirt
13091,Men,Apparel,Topwear,Sweatshirts,Grey,Fall,2011.0,Casual,ADIDAS Men Cr_Ess 3sfzhood Grey Sweatshirts
20199,Men,Apparel,Topwear,Sweatshirts,Navy Blue,Fall,2011.0,Casual,Wrangler Men Falcon Navy Sweatshirt
22581,Women,Apparel,Topwear,Sweatshirts,Purple,Fall,2011.0,Sports,Nike Women Solid Purple Sweatshirt
23142,Men,Apparel,Topwear,Sweatshirts,Red,Fall,2011.0,Casual,Quechua Men Fleece Red Sweatshirt
23143,Women,Apparel,Topwear,Sweatshirts,Magenta,Fall,2011.0,Casual,Quechua Women  Fleece Magenta Sweatshirt
15027,Women,Apparel,Topwear,Sweatshirts,Pink,Fall,2011.0,Casual,ADIDAS Women Solid Pink Sweatshirts
16443,Men,Apparel,Topwear,Sweatshirts,Black,Fall,2011.0,Casual,Levis Men Printed Black Sweatshirts
20378,Women,Apparel,Topwear,Sweatshirts,Black,Fall,2011.0,Sports,Urban Yoga Women Printed Black Sweatshirt
20201,Men,Apparel,Topwear,Sweatshirts,White,Fall,2011.0,Casual,Wrangler Men Seattle Glow White Sweatshirt
22591,Men,Apparel,Topwear,Sweatshirts,Grey,Fall,2011.0,Casual,Nike Men Stripes Grey Sweatshirt
15623,Women,Apparel,Topwear,Sweatshirts,Purple,Fall,2011.0,Casual,Nike Women AS Squad Fleece FZ Hoody Purple Sweatshirts
23139,Men,Apparel,Topwear,Sweatshirts,Olive,Fall,2011.0,Casual,Quechua Men Fleece Olive Sweatshirt
19810,Men,Apparel,Topwear,Sweatshirts,Purple,Fall,2011.0,Casual,U.S. Polo Assn. Men Stripes Purple Sweatshirt
23540,Men,Apparel,Topwear,Sweatshirts,Black,Fall,2011.0,Casual,Classic Polo Men Black Sweatshirt
11276,Men,Apparel,Topwear,Sweatshirts,Maroon,Fall,2011.0,Sports,Nike Men Running Maroon Sweatshirt
20212,Women,Apparel,Topwear,Sweatshirts,Blue,Fall,2011.0,Casual,Wrangler Women Checkerd Blue Sweatshirt
11416,Men,Apparel,Topwear,Sweatshirts,Black,Fall,2011.0,Casual,United Colors of Benetton Men Black Sweatshirt
16907,Men,Apparel,Topwear,Sweatshirts,Navy Blue,Fall,2011.0,Casual,Status Quo Men Solid Navy Blue Sweatshirt
19324,Men,Apparel,Topwear,Sweatshirts,Maroon,Fall,2011.0,Casual,Myntra Men Solid Maroon Sweatshirt
19812,Men,Apparel,Topwear,Sweatshirts,Navy Blue,Fall,2011.0,Casual,U.S. Polo Assn. Men Solid Navy Blue Sweatshirt
9971,Men,Apparel,Topwear,Sweatshirts,Blue,Fall,2011.0,Sports,Nike Men As Squad Ft C Blue Sweatshirts
23141,Men,Apparel,Topwear,Sweatshirts,Navy Blue,Fall,2011.0,Casual,Quechua Men Warm Fleece Navy Blue Sweatshirt
19641,Men,Apparel,Topwear,Sweatshirts,Black,Fall,2011.0,Casual,United Colors of Benetton Men Solid Black Sweatshirt
20213,Women,Apparel,Topwear,Sweatshirts,Brown,Fall,2011.0,Casual,Wrangler Women American Brown Sweatshirt
24288,Men,Apparel,Topwear,Sweatshirts,Grey,Summer,2012.0,Casual,Quiksilver Men Grey Sweatshirt
14316,Men,Apparel,Topwear,Sweatshirts,Navy Blue,Fall,2011.0,Casual,ADIDAS Men Solid Navy Blue Sweatshirts
13289,Men,Apparel,Topwear,Sweatshirts,Black,Fall,2011.0,Casual,Gini and Jony Kids Boys Printed Black Sweatshirts
19546,Women,Apparel,Topwear,Sweatshirts,Black,Fall,2011.0,Casual,United Colors of Benetton Women Solid Black Sweatshirt
16903,Men,Apparel,Topwear,Sweatshirts,Grey,Fall,2011.0,Casual,Status Quo Men Solid Dark Grey Sweatshirt
54913,Men,Apparel,Topwear,Sweatshirts,Beige,Summer,2012.0,Casual,Do u speak green Men Printed Beige Sweatshirt
19661,Men,Apparel,Topwear,Sweatshirts,Black,Fall,2011.0,Casual,United Colors of Benetton Men Printed Black Sweatshirt
14111,Men,Apparel,Topwear,Sweatshirts,Navy Blue,Fall,2011.0,Casual,Flying Machine Men Printed Navy Blue Sweatshirts
19818,Men,Apparel,Topwear,Sweatshirts,Green,Fall,2011.0,Casual,U.S. Polo Assn. Men Solid Green Sweatshirt
19949,Men,Apparel,Topwear,Sweatshirts,Purple,Fall,2011.0,Casual,Puma Men Solid Purple Sweatshirt
15624,Women,Apparel,Topwear,Sweatshirts,Grey,Fall,2011.0,Casual,Nike Women AS Squad Fleece FZ Hoody Grey Sweatshirts
22365,Men,Apparel,Topwear,Sweatshirts,Purple,Fall,2011.0,Casual,ADIDAS Men Hooded  Purple SweatShirt
15600,Men,Apparel,Topwear,Sweatshirts,Grey,Fall,2011.0,Casual,Nike Men Casual Grey Sweatshirts
20209,Women,Apparel,Topwear,Sweatshirts,Purple,Fall,2011.0,Casual,Wrangler Women Cowl Purple Sweatshirt
24304,Men,Apparel,Topwear,Sweatshirts,Black,Fall,2011.0,Casual,ADIDAS Men Printed Black Sweatshirt
19549,Men,Apparel,Topwear,Sweatshirts,Grey,Fall,2011.0,Casual,United Colors of Benetton Men Solid Grey Sweatshirt
14108,Men,Apparel,Topwear,Sweatshirts,Brown,Fall,2011.0,Casual,Flying Machine Men Printed Brown Sweatshirts
18578,Women,Apparel,Topwear,Sweatshirts,Black,Fall,2011.0,Casual,Puma Women Black Sweatshirt
23539,Men,Apparel,Topwear,Sweatshirts,White,Fall,2011.0,Casual,Classic Polo Men White Sweatshirt
19321,Men,Apparel,Topwear,Sweatshirts,Grey,Fall,2011.0,Casual,Myntra Men Solid Grey Sweatshirt
20337,Men,Apparel,Topwear,Sweatshirts,Red,Fall,2011.0,Sports,Nike Men Solid Red Sweatshirt
20206,Women,Apparel,Topwear,Sweatshirts,Black,Fall,2011.0,Casual,Wrangler Women Ann Black Sweatshirt
18521,Women,Apparel,Topwear,Sweatshirts,Black,Summer,2015.0,Casual,C Vox Women Solid 1355 Black Sweatshirt
24606,Men,Apparel,Topwear,Sweatshirts,Blue,Fall,2011.0,Casual,Proline Men Blue Sweatshirt
16556,Men,Apparel,Topwear,Sweatshirts,Grey,Fall,2011.0,Casual,Basics Men Grey Printed Sweatshirt
17923,Women,Apparel,Topwear,Sweatshirts,Black,Fall,2011.0,Casual,Nike Women Sptcas Black Sweatshirt
21725,Men,Apparel,Topwear,Sweatshirts,Navy Blue,Fall,2011.0,Casual,ADIDAS Men Navy Blue Sweatshirt
17917,Men,Apparel,Topwear,Sweatshirts,Purple,Fall,2011.0,Sports,Nike Men Purple Sweatshirt
20205,Men,Apparel,Topwear,Sweatshirts,Grey,Fall,2011.0,Casual,Wrangler Men Flock Print Grey Sweatshirt
1609,Women,Apparel,Topwear,Sweatshirts,Pink,Fall,2010.0,Sports,Reebok Women Boat-Neck Wildberry Sweatshirt
19323,Men,Apparel,Topwear,Sweatshirts,Navy Blue,Fall,2011.0,Casual,Myntra Men Solid Navy Blue Sweatshirt
15586,Men,Apparel,Topwear,Sweatshirts,Green,Fall,2011.0,Casual,Proline Men Green Printed Sweatshirt
16664,Men,Apparel,Topwear,Sweatshirts,Black,Fall,2011.0,Casual,Fila Men Squid Black Sweater
21153,Men,Apparel,Topwear,Sweatshirts,Grey,Fall,2011.0,Casual,s.Oliver Men Printed Grey Sweatshirt
14581,Men,Apparel,Topwear,Sweatshirts,Brown,Fall,2011.0,Casual,United Colors of Benetton Men Solid Brown Sweatshirts
14924,Men,Apparel,Topwear,Sweatshirts,Green,Fall,2011.0,Casual,Mr. Men Green Sweatshirt
15627,Men,Apparel,Topwear,Sweatshirts,Grey,Fall,2011.0,Casual,Nike Men AS Squad FT PO Hoody Graph Grey Sweatshirts
20193,Men,Apparel,Topwear,Sweatshirts,Grey,Fall,2011.0,Casual,Wrangler Men Seattle Embro Grey Sweatshirt
15619,Men,Apparel,Topwear,Sweatshirts,Grey,Fall,2011.0,Casual,Nike Men AS Squad FT FZ Hoody Grey Sweatshirts
14306,Men,Apparel,Topwear,Sweatshirts,Navy Blue,Fall,2011.0,Casual,ADIDAS Men Printed Navy Blue Sweatshirts
15324,Men,Apparel,Topwear,Sweatshirts,White,Fall,2011.0,Sports,Nike Men Printed White Sweatshirts
15616,Men,Apparel,Topwear,Sweatshirts,Olive,Fall,2011.0,Casual,Nike Men Casual Olive Sweatshirts
14989,Men,Apparel,Topwear,Sweatshirts,Blue,Fall,2011.0,Casual,ADIDAS Men Solid Aqua Blue Sweatshirts
13095,Men,Apparel,Topwear,Sweatshirts,Green,Fall,2011.0,Sports,ADIDAS Men Cfc Auth Hood Green Sweatshirts
22609,Women,Apparel,Topwear,Sweatshirts,Pink,Fall,2011.0,Casual,Nike Women Pink Sweatshirts
24089,Men,Apparel,Topwear,Sweatshirts,Navy Blue,Fall,2011.0,Casual,Manchester United Men Navy Blue Sweatshirt
22364,Men,Apparel,Topwear,Sweatshirts,Blue,Fall,2011.0,Casual,ADIDAS Men Hooded  Blue SweatShirt
14984,Men,Apparel,Topwear,Sweatshirts,Black,Fall,2011.0,Sports,ADIDAS Men Real Madrid Black Sweatshirts
19814,Men,Apparel,Topwear,Sweatshirts,Red,Fall,2011.0,Casual,U.S. Polo Assn. Men Solid Red Sweatshirt
20197,Men,Apparel,Topwear,Sweatshirts,Grey,Fall,2011.0,Casual,Wrangler Men Printed Grey Sweatshirt
20203,Men,Apparel,Topwear,Sweatshirts,Black,Fall,2011.0,Casual,Wrangler Men Flock Print Black Sweatshirt
16557,Men,Apparel,Topwear,Sweatshirts,Navy Blue,Fall,2011.0,Casual,Basics Men Navy Printed Sweatshirt
19668,Men,Apparel,Topwear,Sweatshirts,Blue,Fall,2011.0,Casual,United Colors of Benetton Men Blue Printed Sweatshirt
11530,Men,Apparel,Topwear,Sweatshirts,Green,Fall,2011.0,Casual,United Colors of Benetton Men Light Winter Green Sweatshirts
14113,Men,Apparel,Topwear,Sweatshirts,Olive,Fall,2011.0,Casual,Flying Machine Men Printed Olive Sweatshirts
19145,Men,Apparel,Topwear,Sweatshirts,Red,Fall,2011.0,Casual,United Colors of Benetton Men Solid Red SweatShirt
11370,Women,Apparel,Topwear,Sweatshirts,Green,Fall,2011.0,Casual,United Colors Of Benetton Women Light Wintersweat Green Sweatshirts
15019,Men,Apparel,Topwear,Sweatshirts,Black,Fall,2011.0,Casual,ADIDAS Men Printed Black Sweatshirts
16231,Men,Apparel,Topwear,Sweatshirts,Black,Fall,2011.0,Casual,Puma Men Ess Hooded Black Sweatshirt
22642,Men,Apparel,Topwear,Sweatshirts,Blue,Fall,2011.0,Casual,Nike Men Printed Blue Sweatshirt
9973,Men,Apparel,Topwear,Sweatshirts,White,Fall,2011.0,Sports,Nike Men As Arsenal Co White Sweatshirts
23145,Women,Apparel,Topwear,Sweatshirts,Off White,Fall,2011.0,Casual,Quechua Women  Fleece Off-White Sweatshirt
23146,Men,Apparel,Topwear,Sweatshirts,Brown,Fall,2011.0,Casual,Quechua Men Fleece Brown Sweatshirt
20198,Men,Apparel,Topwear,Sweatshirts,Blue,Fall,2011.0,Casual,Wrangler Men North Carolina Blue Sweatshirt
19473,Men,Apparel,Topwear,Sweatshirts,Purple,Summer,2012.0,Casual,Quiksilver Men Purple Sweatshirt
13103,Men,Apparel,Topwear,Sweatshirts,Black,Fall,2011.0,Casual,ADIDAS Men Sf Striped Hood Black Sweatshirts
15040,Men,Apparel,Topwear,Sweatshirts,Purple,Fall,2011.0,Casual,ADIDAS Men Printed Purple Sweatshirts
20207,Women,Apparel,Topwear,Sweatshirts,Green,Fall,2011.0,Casual,Wrangler Women Ann Green Sweatshirt
9976,Men,Apparel,Topwear,Sweatshirts,Black,Fall,2011.0,Sports,Nike Men Manu Core Black Sweatshirts
15629,Men,Apparel,Topwear,Sweatshirts,Navy Blue,Fall,2011.0,Casual,Nike Men AS Squad Fleece FZ Hoody Navy Blue Sweatshirts
19547,Men,Apparel,Topwear,Sweatshirts,Blue,Fall,2011.0,Casual,United Colors of Benetton Men Solid Blue Sweatshirt
17916,Men,Apparel,Topwear,Sweatshirts,Grey,Fall,2011.0,Sports,Nike Men Grey Sweatshirt
23138,Men,Apparel,Topwear,Sweatshirts,Blue,Fall,2011.0,Casual,Quechua Men  Fleece Blue Sweatshirt
22580,Women,Apparel,Topwear,Sweatshirts,Grey,Fall,2011.0,Sports,Nike Women Grey Sweatshirt
21373,Men,Apparel,Topwear,Sweatshirts,Black,Fall,2011.0,Casual,Manchester United Men Printed Black Sweatshirt
23140,Women,Apparel,Topwear,Sweatshirts,Grey,Fall,2011.0,Casual,Quechua Women  Fleece Grey Sweatshirt
19950,Men,Apparel,Topwear,Sweatshirts,Olive,Fall,2011.0,Casual,Puma Men Solid Olive Sweatshirt
11524,Men,Apparel,Topwear,Sweatshirts,Blue,Fall,2011.0,Casual,United Colors of Benetton Men Blue Sweatshirt
14988,Men,Apparel,Topwear,Sweatshirts,Grey,Fall,2011.0,Casual,ADIDAS Men Solid Grey Sweatshirts
24303,Men,Apparel,Topwear,Sweatshirts,Charcoal,Fall,2011.0,Casual,ADIDAS Men Printed Charcoal Sweatshirt
46401,Men,Apparel,Topwear,Sweatshirts,Grey,Summer,2012.0,Casual,ADIDAS Men Grey Reversible Sweatshirt
19638,Women,Apparel,Topwear,Sweatshirts,Blue,Fall,2011.0,Casual,United Colors of Benetton Women Solid Blue Sweatshirt
20211,Women,Apparel,Topwear,Sweatshirts,Green,Fall,2011.0,Casual,Wrangler Women Green Sweatshirt
24090,Men,Apparel,Topwear,Sweatshirts,Red,Fall,2011.0,Casual,Manchester United Men Red Sweatshirt
15029,Women,Apparel,Topwear,Sweatshirts,Purple,Fall,2011.0,Casual,ADIDAS Women Stripes Purple Sweatshirts
16281,Men,Apparel,Topwear,Sweatshirts,Grey,Fall,2011.0,Casual,Batman Men Batman Grey Sweatshirts
18965,Women,Apparel,Topwear,Sweatshirts,Pink,Fall,2011.0,Casual,United Colors of Benetton Women Solid Pink Sweatshirt
14112,Men,Apparel,Topwear,Sweatshirts,Green,Fall,2011.0,Casual,Flying Machine Men Printed Green Sweatshirts
12730,Men,Apparel,Topwear,Sweatshirts,Blue,Fall,2011.0,Casual,Timberland Men Solid Blue Sweatshirts
24290,Men,Apparel,Topwear,Sweatshirts,Red,Summer,2012.0,Casual,Quiksilver Men Red Printed Sweatshirt
11357,Women,Apparel,Topwear,Sweatshirts,Black,Fall,2011.0,Casual,United Colors Of Benetton Women Light Winter Black Sweatshirts
13106,Men,Apparel,Topwear,Sweatshirts,Blue,Fall,2011.0,Casual,ADIDAS Men Sf Striped Hood Blue Sweatshirts
1892,Men,Apparel,Topwear,Sweatshirts,Blue,Winter,2010.0,Casual,FIFA Men Full Sleeves Hoody Sweatshirt
54889,Men,Apparel,Topwear,Sweatshirts,Olive,Summer,2012.0,Casual,Do u speak green Men Olive Sweatshirt
22610,Men,Apparel,Topwear,Sweatshirts,Black,Summer,2012.0,Casual,Nike Men Black Sweatshirt
12536,Women,Apparel,Topwear,Sweatshirts,Black,Fall,2011.0,Casual,Puma Women Solid Black Sweatshirts
19171,Men,Apparel,Topwear,Sweatshirts,Grey,Fall,2011.0,Casual,United Colors of Benetton Men Printed Grey Sweatshirt
19328,Men,Apparel,Topwear,Sweatshirts,Maroon,Fall,2011.0,Casual,Myntra Men Maroon Sweatshirt
23144,Women,Apparel,Topwear,Sweatshirts,Brown,Fall,2011.0,Casual,Quechua Women  Fleece Brown Sweatshirt
15320,Men,Apparel,Topwear,Sweatshirts,Navy Blue,Fall,2011.0,Casual,Nike Men Solid Navy Blue Sweatshirts
9970,Men,Apparel,Topwear,Sweatshirts,Black,Fall,2011.0,Sports,Nike Men As Squad Ft C Black Sweatshirts
15628,Men,Apparel,Topwear,Sweatshirts,Black,Fall,2011.0,Casual,Nike Men AS Squad FT FZ Hoody Black Sweatshirt
16229,Men,Apparel,Topwear,Sweatshirts,Black,Fall,2011.0,Casual,Puma Men Logo Crew  Black SweatShirt
13102,Men,Apparel,Topwear,Sweatshirts,White,Fall,2011.0,Casual,ADIDAS Men Sf Striped Hood White Sweatshirts
14985,Men,Apparel,Topwear,Sweatshirts,Blue,Fall,2011.0,Casual,ADIDAS Men Printed Blue Sweatshirts
15026,Women,Apparel,Topwear,Sweatshirts,Purple,Fall,2011.0,Casual,ADIDAS Women Solid Purple Sweatshirts
24085,Men,Apparel,Topwear,Sweatshirts,White,Fall,2011.0,Casual,Manchester United Men White Sweatshirt
15371,Women,Apparel,Topwear,Sweatshirts,Purple,Fall,2011.0,Casual,Urban Yoga Women Solid Purple Sweatshirts
19550,Men,Apparel,Topwear,Sweatshirts,Black,Fall,2011.0,Casual,United Colors of Benetton Men Solid Black SweatShirt
15585,Men,Apparel,Topwear,Sweatshirts,Blue,Fall,2011.0,Casual,Proline Men Blue Printed Sweatshirt
13089,Men,Apparel,Topwear,Sweatshirts,Grey,Fall,2011.0,Sports,ADIDAS Men Lfc Auth Hood Grey Sweatshirts
19817,Men,Apparel,Topwear,Sweatshirts,Blue,Winter,2016.0,Casual,U.S. Polo Assn. Men Solid Blue Sweatshirt
19640,Women,Apparel,Topwear,Sweatshirts,Purple,Fall,2011.0,Casual,United Colors of Benetton Women Solid Purple Sweatshirt
13519,Men,Apparel,Topwear,Sweatshirts,White,Fall,2011.0,Casual,Spykar Men Stripes White Sweatshirts
19476,Men,Apparel,Topwear,Sweatshirts,Black,Summer,2012.0,Casual,Quiksilver Men Black Casual Sweatshirt
16905,Men,Apparel,Topwear,Sweatshirts,Green,Fall,2011.0,Casual,Status Quo Men Solid Green Sweatshirt
19662,Men,Apparel,Topwear,Sweatshirts,Blue,Fall,2011.0,Casual,United Colors of Benetton Men Printed Blue Sweatshirt
11386,Women,Apparel,Topwear,Sweatshirts,Green,Fall,2011.0,Casual,United Colors Of Benetton Women Light Winter Green Sweatshirts
20342,Men,Apparel,Topwear,Sweatshirts,Purple,Fall,2011.0,Casual,Proline Men Solid Purple Sweatshirt
16275,Men,Apparel,Topwear,Sweatshirts,Black,Fall,2011.0,Casual,Free Authority Men Stripes Purple Sweatshirts
19327,Men,Apparel,Topwear,Sweatshirts,Navy Blue,Fall,2011.0,Casual,Myntra Men Solid Blue Sweatshirt
13833,Men,Apparel,Topwear,Sweatshirts,Black,Fall,2011.0,Casual,Puma Men Printed Black Sweatshirts
19548,Men,Apparel,Topwear,Sweatshirts,Purple,Fall,2011.0,Casual,United Colors of Benetton Men Solid Purple Sweatshirt
19551,Men,Apparel,Topwear,Sweatshirts,Blue,Summer,2011.0,Casual,United Colors of Benetton Men Solid Blue SweatShirt
16929,Men,Apparel,Topwear,Sweatshirts,Black,Fall,2011.0,Casual,Spykar Men Solid Black Sweatshirt
13225,Men,Apparel,Topwear,Sweatshirts,Blue,Fall,2011.0,Casual,Palm Tree Kids Boys Printed Blue Sweatshirts
12534,Men,Apparel,Topwear,Sweatshirts,Grey,Fall,2011.0,Casual,Puma Men Printed Grey Sweatshirts
16906,Men,Apparel,Topwear,Sweatshirts,Maroon,Fall,2011.0,Casual,Status Quo Men Solid Maroon Sweatshirt
17908,Men,Apparel,Topwear,Sweatshirts,Blue,Fall,2011.0,Casual,Nike Men Sptcas Blue Sweatshirt
15625,Men,Apparel,Topwear,Sweatshirts,Grey,Summer,2012.0,Casual,Nike Men AS Squad FT LS Crew Grey Sweatshirts
14626,Women,Apparel,Topwear,Sweatshirts,Red,Fall,2011.0,Casual,United Colors of Benetton Women Solid Red Sweat Shirts
34498,Women,Apparel,Topwear,Tops,Blue,Summer,2012.0,Formal,Van Heusen Woman Striped Blue Top
44680,Women,Apparel,Topwear,Tops,Black,Summer,2012.0,Party,Wills Lifestyle Women Black Jaydon Top
32389,Women,Apparel,Topwear,Tops,Blue,Summer,2012.0,Formal,Arrow Woman Striped Blue Top
57116,Women,Apparel,Topwear,Tops,White,Summer,2012.0,Formal,Elle Women White Semiformal Top
57032,Women,Apparel,Topwear,Tops,Black,Summer,2012.0,Casual,Forever New Women Black Top
4910,Women,Apparel,Topwear,Tops,Pink,Summer,2011.0,Casual,Levis Kids Girl's Dionne Pink Teens Kidswear
9334,Women,Apparel,Topwear,Tops,Black,Fall,2011.0,Casual,Puma Women Heroes Graphic Black Tops
48109,Women,Apparel,Topwear,Tops,Navy Blue,Summer,2012.0,Casual,French Connection Women Multicoloured Striped Top
6191,Women,Apparel,Topwear,Tops,Pink,Summer,2011.0,Casual,UCB Women Placket Stripe Pink Grey Top
58518,Women,Apparel,Topwear,Tops,Black,Summer,2012.0,Casual,Tonga Women Black & Red Top
45962,Women,Apparel,Topwear,Tops,Yellow,Summer,2012.0,Casual,Tokyo Talkies Women Yellow Printed Top
42205,Women,Apparel,Topwear,Tops,Blue,Summer,2012.0,Casual,Sepia Women Blue Top
32257,Women,Apparel,Topwear,Tops,Beige,Summer,2012.0,Ethnic,Fabindia Women Printed Beige Ghicha Silk Wrap Top
18753,Women,Apparel,Topwear,Tops,Blue,Fall,2011.0,Casual,Arrow Woman Megan Blue Top
57172,Women,Apparel,Topwear,Tops,Black,Summer,2012.0,Casual,Elle Women Black Top
6552,Women,Apparel,Topwear,Tops,White,Summer,2011.0,Sports,Nike Women Aero White Top
33171,Women,Apparel,Topwear,Tops,Purple,Summer,2012.0,Casual,Sepia Women Purple Top
39730,Women,Apparel,Topwear,Tops,Lavender,Summer,2012.0,Casual,Arrow Woman Lavender Top
48100,Women,Apparel,Topwear,Tops,Rust,Summer,2012.0,Casual,French Connection Women Rust Top
33747,Women,Apparel,Topwear,Tops,Grey,Summer,2012.0,Casual,Vero Moda Women Multi Coloured Top
48101,Women,Apparel,Topwear,Tops,Grey,Summer,2012.0,Casual,French Connection Women Grey Top
59404,Women,Apparel,Topwear,Tops,Blue,Fall,2012.0,Casual,Tokyo Talkies Women Blue Top
43536,Women,Apparel,Topwear,Tops,Peach,Summer,2012.0,Casual,French Connection Women Peach Top
37165,Women,Apparel,Topwear,Tops,Peach,Summer,2012.0,Casual,United Colors of Benetton Women Peach Top
45775,Women,Apparel,Topwear,Tops,Blue,Summer,2012.0,Casual,Remanika Women Navy Blue Top
19609,Women,Apparel,Topwear,Tops,Purple,Summer,2011.0,Casual,United Colors of Benetton Women Purple Top
58515,Women,Apparel,Topwear,Tops,White,Summer,2012.0,Casual,Tonga Women White Top
52114,Women,Apparel,Topwear,Tops,Off White,Summer,2012.0,Casual,Myntra Women Off White Printed Top
2564,Women,Apparel,Topwear,Tops,Black,Summer,2011.0,Casual,Domyos Women Black Tank Top
10694,Women,Apparel,Topwear,Tops,Pink,Fall,2011.0,Casual,Doodle Girl Be Born Pink Tops
25704,Women,Apparel,Topwear,Tops,Green,Summer,2012.0,Casual,Mumbai Slang Women Printed Green Top
44649,Women,Apparel,Topwear,Tops,Off White,Summer,2012.0,Casual,Arrow Woman Off White Top
8446,Women,Apparel,Topwear,Tops,Grey,Fall,2011.0,Casual,Jealous 21 Women Jealous Pam Grey Top Grey Tops
13336,Women,Apparel,Topwear,Tops,Pink,Fall,2011.0,Casual,Gini and Jony Kids Printed Pink Tops
30909,Women,Apparel,Topwear,Tops,Green,Summer,2012.0,Ethnic,Fabindia Women Striped Green Top
11038,Women,Apparel,Topwear,Tops,Brown,Fall,2011.0,Casual,Jealous 21 Women Check Brown Tops
41583,Women,Apparel,Topwear,Tops,Purple,Winter,2011.0,Casual,AND by Anita Dongre Women Wine Coloured Top
32380,Women,Apparel,Topwear,Tops,Olive,Summer,2012.0,Casual,Arrow Woman Olive Top
32569,Women,Apparel,Topwear,Tops,Pink,Summer,2012.0,Casual,ONLY Women Pink Top
32593,Women,Apparel,Topwear,Tops,Yellow,Summer,2012.0,Casual,ONLY Women Yellow Top
11374,Women,Apparel,Topwear,Tops,Red,Fall,2011.0,Casual,United Colors Of Benetton Women Light Winter Red Tops
26975,Women,Apparel,Topwear,Tops,Black,Summer,2012.0,Casual,Jealous 21 Women Printed Black Top
6190,Women,Apparel,Topwear,Tops,Grey,Summer,2011.0,Casual,UCB Women Placket Stripe Grey Top
5844,Women,Apparel,Topwear,Tops,Pink,Summer,2011.0,Casual,ADIDAS Women Woven Pink Top
20002,Women,Apparel,Topwear,Tops,Black,Fall,2011.0,Casual,United Colors of Benetton Women Solid Black Top
25525,Women,Apparel,Topwear,Tops,Blue,Summer,2012.0,Casual,Wrangler Women Poppins Blue Top
8458,Women,Apparel,Topwear,Tops,Pink,Fall,2011.0,Casual,Jealous 21 Women  Printed Pink Top
18746,Women,Apparel,Topwear,Tops,Black,Fall,2011.0,Casual,Arrow Woman Cola Black Top
33995,Women,Apparel,Topwear,Tops,Black,Summer,2012.0,Casual,Femella Women Black Top
48095,Women,Apparel,Topwear,Tops,White,Summer,2012.0,Casual,French Connection Women White Top
57165,Women,Apparel,Topwear,Tops,Magenta,Summer,2012.0,Casual,Elle Women Magenta Clash Top
37158,Women,Apparel,Topwear,Tops,Blue,Summer,2012.0,Casual,United Colors of Benetton Women Blue Top
41381,Women,Apparel,Topwear,Tops,Black,Winter,2012.0,Casual,Wrangler Women Black Katie Top
40419,Women,Apparel,Topwear,Tops,White,Summer,2012.0,Casual,Tonga Women White & Blue Printed Top
35260,Women,Apparel,Topwear,Tops,Blue,Summer,2012.0,Casual,Lee Women Jennifer Blue Top
35268,Women,Apparel,Topwear,Tops,Black,Summer,2012.0,Casual,Lee Women Amanda Black Top
8455,Women,Apparel,Topwear,Tops,Pink,Fall,2011.0,Casual,Jealous 21 Women Jealous Ran Pink Top Pink Tops
18743,Women,Apparel,Topwear,Tops,Orange,Fall,2011.0,Casual,Arrow Woman Cameron Orange Top
41376,Women,Apparel,Topwear,Tops,Blue,Summer,2012.0,Casual,Wrangler Women Kelly Blue Top
45963,Women,Apparel,Topwear,Tops,Pink,Summer,2012.0,Casual,Tokyo Talkies Women Light Pink Printed Top
2483,Women,Apparel,Topwear,Tops,Purple,Fall,2011.0,Casual,Puma Women Spagetti Dahlia Purple Top
44701,Women,Apparel,Topwear,Tops,Pink,Summer,2012.0,Casual,Wills Lifestyle Women Pink Top
2956,Women,Apparel,Topwear,Tops,Yellow,Fall,2010.0,Casual,DUSG Women Rishikesh Organic Wheat Top
21419,Women,Apparel,Topwear,Tops,Yellow,Winter,2012.0,Casual,Roxy Women Yellow Top
26906,Women,Apparel,Topwear,Tops,Pink,Summer,2012.0,Casual,Jealous 21 Women  Pink Top
33170,Women,Apparel,Topwear,Tops,Blue,Summer,2012.0,Casual,Sepia Women Oxygen Blue Top
40376,Women,Apparel,Topwear,Tops,Yellow,Summer,2012.0,Casual,Tokyo Talkies Women Yellow Top
21132,Women,Apparel,Topwear,Tops,Brown,Fall,2011.0,Casual,s.Oliver Women Printed Brown Top
14102,Women,Apparel,Topwear,Tops,Brown,Fall,2011.0,Casual,Flying Machine Women Solid Brown Tops
43532,Women,Apparel,Topwear,Tops,Grey Melange,Summer,2012.0,Casual,French Connection Women Grey Melange Top
44809,Women,Apparel,Topwear,Tops,Black,Summer,2012.0,Casual,Spykar Women Black Top
9333,Women,Apparel,Topwear,Tops,White,Fall,2011.0,Casual,Puma Women Edition White Tops
4619,Women,Apparel,Topwear,Tops,White,Summer,2011.0,Casual,Jealous 21 Women Design White Top
26904,Women,Apparel,Topwear,Tops,Lavender,Summer,2012.0,Casual,Jealous 21 Women Lavender Top
3968,Women,Apparel,Topwear,Tops,White,Summer,2011.0,Casual,Jealous 21 Women Pink Flowery Halter Neck Top
39231,Women,Apparel,Topwear,Tops,Peach,Summer,2012.0,Casual,Femella Women Peach Top
10511,Women,Apparel,Topwear,Tops,Black,Fall,2011.0,Casual,Flying Machine Women RN Black Tshirts
58495,Women,Apparel,Topwear,Tops,White,Summer,2012.0,Casual,Tonga Women Printed White Top
44803,Women,Apparel,Topwear,Tops,Grey,Summer,2012.0,Casual,Spykar Women Grey T-shirt
7702,Women,Apparel,Topwear,Tops,Green,Fall,2011.0,Casual,Jealous 21 Women's She's Got Attitude Mint Green Tops
18739,Women,Apparel,Topwear,Tops,Purple,Fall,2011.0,Casual,Arrow Woman Tigi Purple Top
38825,Women,Apparel,Topwear,Tops,Magenta,Summer,2012.0,Casual,Latin Quarters Women Magenta & Brown Check Top
43537,Women,Apparel,Topwear,Tops,Green,Summer,2012.0,Casual,French Connection Women Green Top
33200,Women,Apparel,Topwear,Tops,Off White,Summer,2012.0,Casual,Sepia Women Off White Top
3973,Women,Apparel,Topwear,Tops,Green,Summer,2011.0,Casual,Jealous 21 Women Green Tunic With Mirror Print Top
21427,Women,Apparel,Topwear,Tops,Blue,Winter,2012.0,Casual,Roxy Women Blue Top
4926,Women,Apparel,Topwear,Tops,Green,Summer,2011.0,Casual,Gini and Jony Girl's Valencia Green Blue Infant Kidswear
5791,Women,Apparel,Topwear,Tops,Blue,Summer,2011.0,Casual,Jealous 21 Women's Butterfly Blue Top
20119,Women,Apparel,Topwear,Tops,Blue,Fall,2011.0,Casual,Wrangler Women Lace Blue Top
43619,Women,Apparel,Topwear,Tops,Yellow,Summer,2012.0,Casual,Vero Moda Women Yellow Top
21167,Women,Apparel,Topwear,Tops,Black,Fall,2011.0,Casual,s.Oliver Women Solid Black Top
43923,Women,Apparel,Topwear,Tops,Blue,Summer,2012.0,Casual,Femella Women Blue Top
19620,Women,Apparel,Topwear,Tops,Olive,Summer,2011.0,Casual,United Colors of Benetton Women Solid Olive Top
32572,Women,Apparel,Topwear,Tops,Grey,Summer,2012.0,Casual,ONLY Women Grey Top
38815,Women,Apparel,Topwear,Tops,White,Summer,2012.0,Casual,Latin Quarters Women White Top
13847,Women,Apparel,Topwear,Tops,White,Fall,2011.0,Casual,United Colors of Benetton Women Printed White Top
13521,Women,Apparel,Topwear,Tops,Grey,Fall,2011.0,Casual,Jealous 21 Women Solid Grey Tops
57121,Women,Apparel,Topwear,Tops,White,Summer,2012.0,Casual,Elle Women White Top
2294,Women,Apparel,Topwear,Tops,White,Fall,2010.0,Sports,Nike Women's Miller Top
58517,Women,Apparel,Topwear,Tops,Pink,Summer,2012.0,Casual,Tonga Women Pink Top
51442,Women,Apparel,Topwear,Tops,White,Summer,2012.0,Casual,Myntra Women White Top
44691,Women,Apparel,Topwear,Tops,Yellow,Summer,2012.0,Casual,Wills Lifestyle Women Yellow Top
41795,Women,Apparel,Topwear,Tops,White,Summer,2012.0,Casual,Remanika Women Red Printed Top
41789,Women,Apparel,Topwear,Tops,Black,Summer,2012.0,Casual,Remanika Women Black Top
11037,Women,Apparel,Topwear,Tops,Pink,Fall,2011.0,Casual,Jealous 21 Women Solid Pink Tops
8459,Women,Apparel,Topwear,Tops,Green,Fall,2011.0,Casual,Jealous 21 Women Jelaous Cais Green Top Green Tops
45776,Women,Apparel,Topwear,Tops,Red,Summer,2012.0,Casual,Remanika Women Red Top
40418,Women,Apparel,Topwear,Tops,Black,Summer,2012.0,Casual,Tonga Women Black Top
11440,Women,Apparel,Topwear,Tops,White,Fall,2011.0,Casual,United Colors of Benetton Women Light Winter White Top
43647,Women,Apparel,Topwear,Tops,Blue,Summer,2012.0,Casual,ONLY Women Blue Top
11428,Women,Apparel,Topwear,Tops,Black,Fall,2011.0,Casual,United Colors of Benetton Women  Winter Black Animal Print Top
2123,Women,Apparel,Topwear,Tops,Blue,Winter,2010.0,Casual,Lee Women Blue Top
19576,Women,Apparel,Topwear,Tops,White,Summer,2011.0,Casual,United Colors of Benetton Women White Top
10676,Women,Apparel,Topwear,Tops,Red,Fall,2011.0,Casual,Doodle Girl Bubbles Red Tops
57102,Women,Apparel,Topwear,Tops,White,Summer,2012.0,Casual,Elle Women White EssentialsTop
26955,Women,Apparel,Topwear,Tops,Black,Summer,2012.0,Casual,Jealous 21 Women Black Top
14718,Women,Apparel,Topwear,Tops,Navy Blue,Fall,2011.0,Casual,Jealous 21 Women Casual Top Navy Blue Tops
7002,Women,Apparel,Topwear,Tops,Purple,Summer,2011.0,Casual,s.Oliver Women Printed Puple Top
41382,Women,Apparel,Topwear,Tops,Pink,Summer,2012.0,Casual,Wrangler Women Blossom Pink Top
43638,Women,Apparel,Topwear,Tops,Green,Summer,2012.0,Casual,Vero Moda Women Green Top
48488,Women,Apparel,Topwear,Tops,Black,Summer,2012.0,Casual,French Connection Women Black Top
49641,Women,Apparel,Topwear,Tops,White,Summer,2012.0,Casual,Mineral Women White Top
11526,Women,Apparel,Topwear,Tops,Black,Fall,2011.0,Casual,United Colors of Benetton Women Light Winter Black Tops
8447,Women,Apparel,Topwear,Tops,Navy Blue,Fall,2011.0,Casual,Jealous 21 Women Jealous Palila Purple Top Purple Tops
58006,Women,Apparel,Topwear,Tops,Red,Fall,2012.0,Casual,Latin Quarters Women Red Top
12831,Women,Apparel,Topwear,Tops,Pink,Fall,2011.0,Casual,Ant Kids Pink Tops
51446,Women,Apparel,Topwear,Tops,Cream,Summer,2012.0,Casual,Tonga Women Cream-Coloured Top
18716,Women,Apparel,Topwear,Tops,Black,Fall,2011.0,Casual,Arrow Woman Shanna Black Top
24933,Women,Apparel,Topwear,Tops,Grey,Summer,2012.0,Casual,United Colors of Benetton Women Grey Printed Top
4907,Women,Apparel,Topwear,Tops,Green,Summer,2011.0,Casual,Palm Tree Girl's Linnea White Green Kidswear
10363,Women,Apparel,Topwear,Tops,Grey,Fall,2011.0,Casual,United Colors of Benetton Women Solid Grey Tops
32401,Women,Apparel,Topwear,Tops,White,Summer,2012.0,Casual,Arrow Woman Printed Multi Coloured Top
51461,Women,Apparel,Topwear,Tops,Grey,Summer,2012.0,Casual,Tonga Women Grey & Black Top
7428,Women,Apparel,Topwear,Tops,Red,Summer,2011.0,Ethnic,W Women V Neck Kaftan Sleeve Red Top
21142,Women,Apparel,Topwear,Tops,Grey,Fall,2011.0,Casual,s.Oliver Women Grey Top
32573,Women,Apparel,Topwear,Tops,Black,Summer,2012.0,Casual,ONLY Women Black Top
5775,Women,Apparel,Topwear,Tops,White,Summer,2011.0,Casual,Jealous 21 Women White Paris Top
59796,Women,Apparel,Topwear,Tops,Blue,Fall,2012.0,Casual,United Colors of Benetton Women Multi Coloured Top
18893,Women,Apparel,Topwear,Tops,Purple,Fall,2011.0,Casual,Arrow Woman Eleana Purple Top
7422,Women,Apparel,Topwear,Tops,White,Summer,2011.0,Ethnic,W Women Mandarin Neck Full Sleeve White Top
6987,Women,Apparel,Topwear,Tops,Blue,Summer,2011.0,Casual,s.Oliver Women's Sky Blue Top
58011,Women,Apparel,Topwear,Tops,Blue,Fall,2012.0,Casual,Latin Quarters Women Blue Top
43628,Women,Apparel,Topwear,Tops,Black,Summer,2012.0,Casual,Vero Moda Women Black Top
57198,Women,Apparel,Topwear,Tops,Multi,Summer,2012.0,Casual,Elle Women Multi Coloured Top
7317,Women,Apparel,Topwear,Tops,Pink,Summer,2011.0,Casual,UCB Women Quarter Sleeve Round Neck Pink Top
10647,Women,Apparel,Topwear,Tops,Pink,Fall,2011.0,Casual,Doodle Girl Little Princess Pink Tops
8433,Women,Apparel,Topwear,Tops,Brown,Fall,2011.0,Casual,Jealous 21 Women Jealous Ebony Brown Top Brown Tops
8463,Women,Apparel,Topwear,Tops,Pink,Fall,2011.0,Casual,Jealous 21 Women Jealous Paiva Pink Tops
43538,Women,Apparel,Topwear,Tops,Blue,Summer,2012.0,Casual,French Connection Women Blue Top
38848,Women,Apparel,Topwear,Tops,Grey,Summer,2012.0,Casual,Latin Quarters Women Grey Top
11031,Women,Apparel,Topwear,Tops,Blue,Fall,2011.0,Casual,Jealous 21 Women Check Blue Tops
2482,Women,Apparel,Topwear,Tops,Black,Fall,2011.0,Casual,Puma Women Black Spagetti Top
18715,Women,Apparel,Topwear,Tops,Magenta,Fall,2011.0,Casual,Arrow Woman Shanna Magenta Top
41697,Women,Apparel,Topwear,Tops,Blue,Summer,2012.0,Casual,AND Women Blue Top
58008,Women,Apparel,Topwear,Tops,Green,Fall,2012.0,Casual,Latin Quarters Women Green Top
27437,Women,Apparel,Topwear,Tops,Green,Winter,2015.0,Casual,Jockey Women Green Racerback Tank Top
49650,Women,Apparel,Topwear,Tops,Yellow,Summer,2012.0,Casual,Mineral Women Yellow Top
59885,Women,Apparel,Topwear,Tops,Beige,Fall,2012.0,Casual,Femella Women Beige Tube Top
18745,Women,Apparel,Topwear,Tops,Purple,Fall,2011.0,Casual,Arrow Woman Cola Purple Top
58738,Women,Apparel,Topwear,Tops,Pink,Winter,2013.0,Casual,PUMA Women Pink Top
5755,Women,Apparel,Topwear,Tops,Pink,Summer,2011.0,Casual,Jealous 21 Women Pink Graphic Top
37944,Women,Apparel,Topwear,Tops,Green,Summer,2012.0,Casual,Mineral Women Green Top
5767,Women,Apparel,Topwear,Tops,Black,Summer,2011.0,Casual,Jealous 21 Women Sleevless Black V Nech Top
24855,Women,Apparel,Topwear,Tops,Red,Fall,2011.0,Ethnic,Mother Earth Women Printed Red Top
57818,Women,Apparel,Topwear,Tops,Mustard,Fall,2012.0,Casual,United Colors of Benetton Women Mustard Top
18742,Women,Apparel,Topwear,Tops,Brown,Fall,2011.0,Casual,Arrow Woman Boho Brown Top
11338,Women,Apparel,Topwear,Tops,Black,Fall,2011.0,Casual,United Colors of Benetton Women Solid Black Tops
16606,Women,Apparel,Topwear,Tops,Purple,Fall,2011.0,Casual,Jealous 21 Women Solid Purple Knit Top
21129,Women,Apparel,Topwear,Tops,Red,Fall,2011.0,Casual,s.Oliver Women Printed Red Top
41772,Women,Apparel,Topwear,Tops,Pink,Summer,2012.0,Casual,Remanika Women Striped Pink Top
26864,Women,Apparel,Topwear,Tops,Pink,Summer,2012.0,Casual,Jealous 21 Women Pink Top
58005,Women,Apparel,Topwear,Tops,Black,Fall,2012.0,Casual,Latin Quarters Women Black & White Top
41408,Women,Apparel,Topwear,Tops,Red,Summer,2012.0,Casual,Wrangler Women Red Stay Gold Tee Top
4925,Women,Apparel,Topwear,Tops,Green,Summer,2011.0,Casual,Gini and Jony Girl's Valencia Green Blue Kidswear
41131,Women,Apparel,Topwear,Tops,Pink,Summer,2012.0,Casual,Allen Solly Woman Light Pink Top
24549,Women,Apparel,Topwear,Tops,Black,Fall,2011.0,Ethnic,Mother Earth Women Black Printed Top
7150,Women,Apparel,Topwear,Tops,Black,Fall,2011.0,Casual,Scullers For Her Women's Wow Knit Black Purple Top
12611,Women,Apparel,Topwear,Tops,Green,Fall,2011.0,Casual,Jealous 21 Women Printed Green Tops
19604,Women,Apparel,Topwear,Tops,White,Summer,2011.0,Casual,United Colors of Benetton Women Solid White Top
59405,Women,Apparel,Topwear,Tops,Green,Fall,2012.0,Casual,Tokyo Talkies Women Green Top
30946,Women,Apparel,Topwear,Tops,Blue,Summer,2012.0,Ethnic,Fabindia Women Blue Cambric Top
25699,Women,Apparel,Topwear,Tops,Navy Blue,Summer,2012.0,Casual,Mumbai Slang Women Printed Navy Blue Top
37935,Women,Apparel,Topwear,Tops,Teal,Summer,2012.0,Casual,Mineral Women Teal Top
30952,Women,Apparel,Topwear,Tops,Peach,Summer,2012.0,Ethnic,Fabindia Women Printed Peach Top
31787,Women,Apparel,Topwear,Tops,Green,Summer,2012.0,Casual,Lee Women Hanna Evergreen Green Top
2576,Women,Apparel,Topwear,Tops,Black,Summer,2011.0,Sports,Domyos Women Black Sports Top
51453,Women,Apparel,Topwear,Tops,Multi,Summer,2012.0,Casual,Tonga Women Multicoloured Top
41404,Women,Apparel,Topwear,Tops,Pink,Summer,2012.0,Casual,Wrangler Women Stud Pink Top
52160,Women,Apparel,Topwear,Tops,Multi,Summer,2012.0,Casual,Femella Women Multicolour Open Back Top
46268,Women,Apparel,Topwear,Tops,Pink,Summer,2012.0,Casual,109F Women Pink Top
25705,Women,Apparel,Topwear,Tops,Grey,Summer,2012.0,Casual,Mumbai Slang Women Printed Grey Top
26893,Women,Apparel,Topwear,Tops,Blue,Summer,2012.0,Casual,Jealous 21 Women Blue Top
4894,Women,Apparel,Topwear,Tops,Pink,Summer,2011.0,Casual,Levis Kids Girl's Darla Pink Teens Kidswear
10403,Women,Apparel,Topwear,Tops,Purple,Fall,2011.0,Casual,Jealous 21 Women Uri Purple Tops
43700,Women,Apparel,Topwear,Tops,Green,Summer,2012.0,Casual,Remanika Women Green Top
33205,Women,Apparel,Topwear,Tops,Orange,Summer,2012.0,Casual,Sepia Women Printed Multi Coloured Top
4914,Women,Apparel,Topwear,Tops,White,Summer,2011.0,Casual,Gini and Jony Girl's Gloria White Peach Kidswear
5115,Women,Apparel,Topwear,Tops,Grey,Summer,2011.0,Casual,Wrangler Women Blouson Tank Dark Grey Top
43531,Women,Apparel,Topwear,Tops,Off White,Summer,2012.0,Casual,French Connection Women Off White Top
6865,Women,Apparel,Topwear,Tops,Cream,Summer,2011.0,Casual,Forever New Women Casual Cream Top
9999,Women,Apparel,Topwear,Tops,Blue,Summer,2011.0,Casual,Palm Tree Kids Girl Mm Merlin Top Blue Tops
25698,Women,Apparel,Topwear,Tops,Brown,Summer,2012.0,Casual,Mumbai Slang Women Printed Brown Top
14720,Women,Apparel,Topwear,Tops,Purple,Fall,2011.0,Casual,Jealous 21 Women Casual Top Purple Tops
5846,Women,Apparel,Topwear,Tops,White,Summer,2011.0,Casual,ADIDAS Women Roller White Top
9151,Women,Apparel,Topwear,Tops,Grey,Fall,2011.0,Casual,Jealous 21 Women Checks Grey Tops
52157,Women,Apparel,Topwear,Tops,Pink,Summer,2012.0,Casual,Femella Women Pink Summer Cape Top
11012,Women,Apparel,Topwear,Tops,Multi,Fall,2011.0,Casual,Wrangler Women Frill Check Multi Tops
11443,Women,Apparel,Topwear,Tops,Pink,Fall,2011.0,Casual,United Colors of Benetton Women Light Winter Pink Tops
32566,Women,Apparel,Topwear,Tops,Peach,Summer,2012.0,Casual,ONLY Women Smock Peach Top
42214,Women,Apparel,Topwear,Tops,White,Summer,2012.0,Casual,Sepia Women White Top
43701,Women,Apparel,Topwear,Tops,Maroon,Summer,2012.0,Casual,Remanika Women Maroon Top
35265,Women,Apparel,Topwear,Tops,Purple,Summer,2012.0,Casual,Lee Women Chrome Purple Top
44801,Women,Apparel,Topwear,Tops,Grey,Summer,2012.0,Casual,Spykar Women Grey Printed Top
18747,Women,Apparel,Topwear,Tops,Magenta,Fall,2011.0,Casual,Arrow Woman Magenta Top
42200,Women,Apparel,Topwear,Tops,Yellow,Summer,2012.0,Casual,Sepia Women Yellow Top
4913,Women,Apparel,Topwear,Tops,Pink,Summer,2011.0,Casual,Levis Kids Girl's Diane Pink Kidswear
18717,Women,Apparel,Topwear,Tops,Black,Fall,2011.0,Casual,Arrow Woman Victoria Black Top
29275,Women,Apparel,Topwear,Tops,Red,Summer,2012.0,Casual,Wrangler Women Star Red Top
5000,Women,Apparel,Topwear,Tops,Green,Summer,2011.0,Casual,Gini and Jony Girl's Gloria Green Kidswear
26885,Women,Apparel,Topwear,Tops,Purple,Summer,2012.0,Casual,Jealous 21 Women Printed Mauve Top
10673,Women,Apparel,Topwear,Tops,Black,Fall,2011.0,Casual,Doodle Girl Ballet School Black Tops
27852,Women,Apparel,Topwear,Tops,Navy Blue,Summer,2012.0,Casual,Scullers For Her Navy Blue Top
21111,Women,Apparel,Topwear,Tops,Purple,Fall,2011.0,Casual,s.Oliver Women Check Purple Top
19598,Women,Apparel,Topwear,Tops,Purple,Fall,2011.0,Casual,United Colors of Benetton Women Solid Purple Top
49651,Women,Apparel,Topwear,Tops,Red,Summer,2012.0,Casual,Mineral Women Red Top
57169,Women,Apparel,Topwear,Tops,Red,Summer,2012.0,Casual,Elle Women Red Folklore Top
42244,Women,Apparel,Topwear,Tops,Grey,Summer,2012.0,Casual,Sepia Women Grey Top
6894,Women,Apparel,Topwear,Tops,White,Summer,2011.0,Casual,Forever New Women Floral Multiprint White Top
57029,Women,Apparel,Topwear,Tops,Pink,Summer,2012.0,Casual,Forever New Women Pink Top
21425,Women,Apparel,Topwear,Tops,Pink,Winter,2012.0,Casual,Roxy Women Pink Top
44800,Women,Apparel,Topwear,Tops,Purple,Summer,2012.0,Casual,Spykar Women Purple Top
16133,Women,Apparel,Topwear,Tops,Grey,Fall,2011.0,Casual,Tokyo Talkies Women Printed Grey Top
6594,Women,Apparel,Topwear,Tops,White,Summer,2011.0,Casual,Spykar Women Day Beach White Top
4884,Women,Apparel,Topwear,Tops,Purple,Summer,2011.0,Casual,Levis Kids Girl's Darcy Purple Teens Kidswear
41383,Women,Apparel,Topwear,Tops,Navy Blue,Summer,2012.0,Casual,Wrangler Women Blossom Navy Blue Top
19685,Women,Apparel,Topwear,Tops,Grey,Fall,2011.0,Casual,United Colors of Benetton Women Printed Grey Top
44644,Women,Apparel,Topwear,Tops,Black,Summer,2012.0,Casual,Arrow Woman Black Top
32878,Women,Apparel,Topwear,Tops,Orange,Summer,2012.0,Casual,Allen Solly Woman Striped Orange Top
18748,Women,Apparel,Topwear,Tops,Beige,Fall,2011.0,Casual,Arrow Woman Beige Top
18900,Women,Apparel,Topwear,Tops,Black,Fall,2011.0,Casual,Arrow Woman Igor Black Top
15108,Women,Apparel,Topwear,Tops,Maroon,Fall,2011.0,Ethnic,Mother Earth Women Stripes Maroon Tops
14585,Women,Apparel,Topwear,Tops,Green,Summer,2011.0,Casual,United Colors of Benetton Women Solid Green Tops
11445,Women,Apparel,Topwear,Tops,White,Fall,2011.0,Casual,United Colors of Benetton Women  Winter White Printed Top
58013,Women,Apparel,Topwear,Tops,Blue,Fall,2012.0,Casual,Latin Quarters Women Blue Printed Top
26891,Women,Apparel,Topwear,Tops,Pink,Summer,2012.0,Casual,Jealous 21 Women Printed Pink Top
19607,Women,Apparel,Topwear,Tops,Red,Summer,2011.0,Casual,United Colors of Benetton Women Solid Red Top
13268,Women,Apparel,Topwear,Tops,Pink,Fall,2011.0,Casual,Palm Tree Kids Girls Printed Pink Tops
15107,Women,Apparel,Topwear,Tops,Beige,Fall,2011.0,Ethnic,Mother Earth Women Printed Beige Tops
24546,Women,Apparel,Topwear,Tops,Brown,Fall,2011.0,Ethnic,Mother Earth Women Brown Printed Top
53779,Women,Apparel,Topwear,Tops,Black,Summer,2012.0,Casual,Puma Women Black T-shirt
28740,Women,Apparel,Topwear,Tops,White,Summer,2012.0,Ethnic,W Women Printed White Top
11403,Women,Apparel,Topwear,Tops,Red,Fall,2011.0,Casual,United Colors of Benetton Women Light Winter Red Tops
33194,Women,Apparel,Topwear,Tops,White,Summer,2012.0,Casual,Sepia Women Printed White Top
4888,Women,Apparel,Topwear,Tops,White,Summer,2011.0,Casual,Levis Kids Girl's Dionne White Teens Kidswear
19606,Women,Apparel,Topwear,Tops,Green,Summer,2011.0,Casual,United Colors of Benetton Women Solid Green Top
44706,Women,Apparel,Topwear,Tops,White,Fall,2012.0,Casual,Wills Lifestyle Women White Top
14326,Women,Apparel,Topwear,Tops,Black,Fall,2011.0,Casual,ADIDAS Women Printed Black Tops
20246,Women,Apparel,Topwear,Tops,Blue,Fall,2011.0,Casual,Wrangler Women Lurex Blue Top
11441,Women,Apparel,Topwear,Tops,Blue,Fall,2012.0,Casual,United Colors of Benetton Teal Top
8454,Women,Apparel,Topwear,Tops,White,Fall,2011.0,Casual,Jealous 21 Women Jealous Ranae White Top White Tops
8460,Women,Apparel,Topwear,Tops,Pink,Fall,2011.0,Casual,Jealous 21 Women Jealous Calandra Pink Top Pink Tops
54084,Women,Apparel,Topwear,Tops,Blue,Summer,2012.0,Casual,Mumbai Slang Women Blue Top
5892,Women,Apparel,Topwear,Tops,White,Summer,2011.0,Casual,Puma Women Tank White Tops
7308,Women,Apparel,Topwear,Tops,Blue,Summer,2011.0,Casual,UCB Women's Sleeveless Light Blue Top
27896,Women,Apparel,Topwear,Tops,Gold,Summer,2012.0,Casual,Scullers For Her Gold & White Top
51226,Women,Apparel,Topwear,Tops,Green,Summer,2013.0,Casual,Satya Paul Women Green & Purple Top
48089,Women,Apparel,Topwear,Tops,Burgundy,Summer,2012.0,Casual,French Connection Women Burgundy Top
11358,Women,Apparel,Topwear,Tops,Purple,Fall,2011.0,Casual,United Colors Of Benetton Women Light Winter Purple Tops
43661,Women,Apparel,Topwear,Tops,Brown,Summer,2012.0,Casual,ONLY Women Brown Top
26909,Women,Apparel,Topwear,Tops,Grey,Summer,2012.0,Casual,Jealous 21 Women Printed White Top
11442,Women,Apparel,Topwear,Tops,Purple,Fall,2011.0,Casual,United Colors of Benetton Women Light Winter Purple Tops
7202,Women,Apparel,Topwear,Tops,Blue,Fall,2011.0,Casual,Jealous 21 Women Band With Blue Top
7215,Women,Apparel,Topwear,Tops,Pink,Fall,2011.0,Casual,Jealous 21 Women Band With Pink Top
23323,Women,Apparel,Topwear,Tops,Red,Fall,2011.0,Ethnic,W Women Red Kurta
40421,Women,Apparel,Topwear,Tops,Black,Summer,2012.0,Casual,Tonga Women Black & Beige Top
37923,Women,Apparel,Topwear,Tops,Orange,Summer,2012.0,Casual,Mineral Women Orange Top
13309,Women,Apparel,Topwear,Tops,White,Fall,2011.0,Casual,Gini and Jony Kids Girls Printed White Tops
13957,Women,Apparel,Topwear,Tops,Purple,Summer,2011.0,Casual,United Colors of Benetton Women Solid Purple Tops
22453,Women,Apparel,Topwear,Tops,Black,Fall,2011.0,Ethnic,Global Desi Women Solid Black Top
37925,Women,Apparel,Topwear,Tops,Orange,Summer,2012.0,Casual,Mineral Women Coral Top
7301,Women,Apparel,Topwear,Tops,Blue,Summer,2011.0,Casual,UCB Women Stripe Short Sleeve Blue White Top
57173,Women,Apparel,Topwear,Tops,Red,Summer,2012.0,Casual,Elle Women Red Top
43635,Women,Apparel,Topwear,Tops,Red,Summer,2012.0,Casual,Vero Moda Women Coral Coloured Top
39216,Women,Apparel,Topwear,Tops,Black,Summer,2012.0,Casual,Femella Women Animal Print One Shoulder Black & Brown Top
7146,Women,Apparel,Topwear,Tops,Red,Fall,2011.0,Casual,Scullers For Her Women's Wow Knit Red Top
7208,Women,Apparel,Topwear,Tops,White,Fall,2011.0,Casual,Jealous 21 Women's Flower Printed White Top
9155,Women,Apparel,Topwear,Tops,Black,Fall,2011.0,Casual,Jealous 21 Women Jealous Black Tops
57176,Women,Apparel,Topwear,Tops,Cream,Summer,2012.0,Casual,Elle Cream Printed T-shirt
10382,Women,Apparel,Topwear,Tops,Grey,Fall,2011.0,Casual,United Colors of Benetton Women Grey Top
19677,Women,Apparel,Topwear,Tops,Purple,Summer,2011.0,Casual,United Colors of Benetton Women Printed Purple Top
37265,Women,Apparel,Topwear,Tops,Multi,Summer,2012.0,Casual,United Colors of Benetton Women Printed Multi Coloured Top
6199,Women,Apparel,Topwear,Tops,White,Summer,2011.0,Casual,UCB Women's Basic Spaghetti White Top
58009,Women,Apparel,Topwear,Tops,Yellow,Fall,2012.0,Casual,Latin Quarters Women Yellow Top
20127,Women,Apparel,Topwear,Tops,Red,Fall,2011.0,Casual,Wrangler Women Shadow Red Top
50705,Women,Apparel,Topwear,Tops,Cream,Summer,2012.0,Casual,Latin Quarters Women Cream Printed Top
48508,Women,Apparel,Topwear,Tops,Navy Blue,Summer,2012.0,Casual,French Connection Women Navy Blue & Cream Striped Top
18722,Women,Apparel,Topwear,Tops,White,Fall,2011.0,Casual,Arrow Woman Squirella White Top
8492,Women,Apparel,Topwear,Tops,Peach,Fall,2011.0,Casual,Forever New Women Peony Peach Top
9997,Women,Apparel,Topwear,Tops,Blue,Summer,2011.0,Casual,Palm Tree Girls Hs Livia Top Blue Tops
3969,Women,Apparel,Topwear,Tops,Black,Summer,2011.0,Casual,Jealous 21 Women Black V Neck With Sequins Top
18892,Women,Apparel,Topwear,Tops,Blue,Fall,2011.0,Casual,Arrow Woman Eleana Blue Top
57832,Women,Apparel,Topwear,Tops,Pink,Summer,2012.0,Casual,United Colors of Benetton Women Pink Top
16134,Women,Apparel,Topwear,Tops,Blue,Fall,2011.0,Casual,Tokyo Talkies Women Printed Blue Top
10415,Women,Apparel,Topwear,Tops,Beige,Fall,2011.0,Casual,United Colors of Benetton Women Printed Beige Tops
10685,Women,Apparel,Topwear,Tops,White,Fall,2011.0,Casual,Doodle Girl Little Princess White Tops
2947,Women,Apparel,Topwear,Tops,Yellow,Fall,2010.0,Casual,DUSG Women Uttarkashi Organic Endive Top
41378,Women,Apparel,Topwear,Tops,Black,Summer,2012.0,Casual,Wrangler Women Maria Black Top
12610,Women,Apparel,Topwear,Tops,Purple,Fall,2011.0,Casual,Jealous 21 Women Printed Purple Tops
11446,Women,Apparel,Topwear,Tops,White,Fall,2011.0,Casual,United Colors of Benetton Women White Light Winter Top
21141,Women,Apparel,Topwear,Tops,Purple,Fall,2011.0,Casual,s.Oliver Women Solid Purple Top
24577,Women,Apparel,Topwear,Tops,White,Fall,2011.0,Casual,Flying Machine Women White Printed Top
38812,Women,Apparel,Topwear,Tops,Burgundy,Summer,2012.0,Casual,Latin Quarters Women Burgundy Printed Top
4917,Women,Apparel,Topwear,Tops,Pink,Summer,2011.0,Casual,Gini and Jony Girl's Vollie Pink Kidswear
32574,Women,Apparel,Topwear,Tops,Black,Summer,2012.0,Casual,Only Women Katie Black Top
30947,Women,Apparel,Topwear,Tops,Green,Summer,2012.0,Ethnic,Fabindia Women Green Cambric  Top
33751,Women,Apparel,Topwear,Tops,White,Summer,2012.0,Casual,Vero Moda Women White & Pink Top
11756,Women,Apparel,Topwear,Tops,White,Summer,2011.0,Casual,Lee Women Solid White Tops
14717,Women,Apparel,Topwear,Tops,Black,Fall,2011.0,Casual,Jealous 21 Women Casual Top Black Tops
9799,Women,Apparel,Topwear,Tops,Magenta,Fall,2011.0,Casual,Scullers For Her Women Scullers Top Magenta Tops
32398,Women,Apparel,Topwear,Tops,Cream,Summer,2012.0,Casual,Arrow Woman Printed Cream & Brown Top
19652,Women,Apparel,Topwear,Tops,White,Fall,2011.0,Casual,United Colors of Benetton Women White Printed Top
46284,Women,Apparel,Topwear,Tops,Black,Summer,2012.0,Casual,109F Women Black & White Top
26919,Women,Apparel,Topwear,Tops,Purple,Summer,2012.0,Casual,Jealous 21 Women Purple Top
6093,Women,Apparel,Topwear,Tops,Grey,Summer,2011.0,Casual,UCB Women's Tank With Graphic Print & Sequins Green Top
25543,Women,Apparel,Topwear,Tops,Pink,Summer,2012.0,Casual,Wrangler Women Striper Tank Pink Top
8449,Women,Apparel,Topwear,Tops,Black,Fall,2011.0,Casual,Jealous 21 Women Jealous Panthea Purple Top Black Tops
40667,Women,Apparel,Topwear,Tops,Red,Summer,2012.0,Casual,Lee Women Red Top
33175,Women,Apparel,Topwear,Tops,Blue,Summer,2012.0,Casual,Sepia Women Printed Blue Top
14099,Women,Apparel,Topwear,Tops,Pink,Fall,2011.0,Casual,Flying Machine Women Solid Pink Tops
10342,Women,Apparel,Topwear,Tops,Black,Fall,2011.0,Casual,United Colors of Benetton Women Printed Tunic Black Tops
37934,Women,Apparel,Topwear,Tops,Purple,Summer,2012.0,Casual,Mineral Women Purple Top
8445,Women,Apparel,Topwear,Tops,Blue,Fall,2011.0,Casual,Jealous 21 Women Jealous Edana Teal Top Blue Tops
2122,Women,Apparel,Topwear,Tops,Black,Winter,2010.0,Casual,Lee Women Black Top
3965,Women,Apparel,Topwear,Tops,White,Summer,2011.0,Casual,Jealous 21 Women White Sleeveless Top
25893,Women,Apparel,Topwear,Tops,Brown,Summer,2012.0,Casual,Femella Women Spaghetti Brown Top
4895,Women,Apparel,Topwear,Tops,Pink,Summer,2011.0,Casual,Levis Kids Girl's Darla Pink Kidswear
30954,Women,Apparel,Topwear,Tops,Beige,Summer,2012.0,Casual,Fabindia Women Beige Top
21421,Women,Apparel,Topwear,Tops,White,Winter,2012.0,Casual,Roxy Women White Spaghetti Top
44647,Women,Apparel,Topwear,Tops,Navy Blue,Summer,2012.0,Casual,Arrow Woman Navy Blue Top
11026,Women,Apparel,Topwear,Tops,Navy Blue,Fall,2011.0,Casual,Wrangler Women Navy Blue Top
28471,Women,Apparel,Topwear,Tops,Black,Summer,2012.0,Casual,Urban Yoga Women Printed Black Top
18737,Women,Apparel,Topwear,Tops,Purple,Fall,2011.0,Casual,Arrow Woman Yuli Purple Top
33178,Women,Apparel,Topwear,Tops,Navy Blue,Summer,2012.0,Casual,Sepia Women Navy Blue Top
20310,Women,Apparel,Topwear,Tops,White,Fall,2011.0,Casual,Jealous 21 Women Stripes White Tops
11759,Women,Apparel,Topwear,Tops,Grey,Summer,2011.0,Casual,Lee Women Solid Grey Tops
21169,Women,Apparel,Topwear,Tops,Blue,Fall,2011.0,Casual,s.Oliver Women Blue Printed Top
49638,Women,Apparel,Topwear,Tops,Pink,Summer,2012.0,Casual,Mineral Women Pink Top
46276,Women,Apparel,Topwear,Tops,Cream,Summer,2012.0,Casual,109F Women Cream Printed Top
44684,Women,Apparel,Topwear,Tops,Multi,Summer,2012.0,Casual,Wills Lifestyle Women Multi Coloured Top
5808,Women,Apparel,Topwear,Tops,Navy Blue,Summer,2011.0,Casual,Jealous 21 Women Navy Blue Top
20133,Women,Apparel,Topwear,Tops,Red,Fall,2011.0,Casual,Wrangler Women Ribbed Red Top
5012,Women,Apparel,Topwear,Tops,Pink,Summer,2011.0,Casual,Gini and Jony Girl's Peggy Pink Kidswear
10336,Women,Apparel,Topwear,Tops,Black,Fall,2011.0,Casual,United Colors of Benetton Women Stripes Black Tops
6890,Women,Apparel,Topwear,Tops,White,Summer,2011.0,Casual,Forever New Women's White Blue Printed Top
42250,Women,Apparel,Topwear,Tops,Grey,Summer,2012.0,Casual,Sepia Women Grey Tops
7204,Women,Apparel,Topwear,Tops,Purple,Fall,2011.0,Casual,Jealous 21 Women Shimmery Patch Purple Top
35984,Women,Apparel,Topwear,Tops,Blue,Summer,2012.0,Casual,Flying Machine Women Printed Cobalt Blue Top
9106,Women,Apparel,Topwear,Tops,Black,Fall,2011.0,Casual,Forever New Women Brown Top
52158,Women,Apparel,Topwear,Tops,Off White,Summer,2012.0,Casual,Femella Women Off White Summer Cape Top
33184,Women,Apparel,Topwear,Tops,Blue,Summer,2012.0,Casual,Sepia Women Powder Blue Top
6067,Women,Apparel,Topwear,Tops,White,Summer,2011.0,Casual,UCB Women's Tank With All Over Photo Print White T-shirt
31293,Women,Apparel,Topwear,Tops,Green,Summer,2012.0,Casual,Puma Women Script Green Top
35271,Women,Apparel,Topwear,Tops,Green,Summer,2012.0,Casual,Lee Women Holly Green Top
24925,Women,Apparel,Topwear,Tops,Navy Blue,Summer,2012.0,Casual,United Colors of Benetton Women Navy Blue Top
42202,Women,Apparel,Topwear,Tops,Mustard,Summer,2012.0,Casual,Sepia Women Mustard Top
11365,Women,Apparel,Topwear,Tops,Black,Fall,2011.0,Casual,United Colors Of Benetton Women Light Winter Black Tops
27854,Women,Apparel,Topwear,Tops,Maroon,Summer,2012.0,Casual,Scullers For Her Women Maroon Top
18718,Women,Apparel,Topwear,Tops,Purple,Fall,2011.0,Casual,Arrow Woman Victoria Purple Top
7705,Women,Apparel,Topwear,Tops,Green,Fall,2011.0,Casual,Jealous 21 Women Did You Year Something Green Top
32578,Women,Apparel,Topwear,Tops,Black,Summer,2012.0,Casual,ONLY Women Black Chiffon Top
49657,Women,Apparel,Topwear,Tops,Brown,Summer,2012.0,Casual,Mineral Women Brown Top
57134,Women,Apparel,Topwear,Tops,White,Summer,2012.0,Casual,Elle Women Printed White Top
25706,Women,Apparel,Topwear,Tops,Pink,Summer,2012.0,Casual,Mumbai Slang Women Printed Pink Top
7184,Women,Apparel,Topwear,Tops,White,Fall,2011.0,Casual,Jealous 21 Women's Lost White Top
5769,Women,Apparel,Topwear,Tops,White,Summer,2011.0,Casual,Jealous 21 Women Blue White Patterned Top
3960,Women,Apparel,Topwear,Tops,Purple,Summer,2011.0,Casual,Jealous 21 Women Purple Tube Top
11036,Women,Apparel,Topwear,Tops,Black,Fall,2011.0,Casual,Jealous 21 Women Solid Black Tops
33051,Women,Apparel,Topwear,Tops,Cream,Summer,2012.0,Ethnic,Mother Earth Women Printed Cream Top
11034,Women,Apparel,Topwear,Tops,Red,Fall,2011.0,Casual,Jealous 21 Women Check Red Tops
2577,Women,Apparel,Topwear,Tops,White,Summer,2011.0,Casual,Domyos Women White Sports Top
32598,Women,Apparel,Topwear,Tops,Orange,Summer,2012.0,Casual,ONLY Women Orange Top
6979,Women,Apparel,Topwear,Tops,Pink,Summer,2011.0,Casual,S.Oliver Women Pink Tank Top
16140,Women,Apparel,Topwear,Tops,Orange,Fall,2011.0,Casual,Tokyo Talkies Women Printed Orange Top
7362,Women,Apparel,Topwear,Tops,Blue,Summer,2011.0,Casual,UCB Women's Graphic Print Sequins Blue Top
34590,Women,Apparel,Topwear,Tops,Red,Summer,2012.0,Casual,Tonga Women Printed Red Top
35267,Women,Apparel,Topwear,Tops,Black,Summer,2012.0,Casual,Lee Women Pepper Black Top
45983,Women,Apparel,Topwear,Tops,Blue,Summer,2012.0,Casual,Tokyo Talkies Women Blue Printed Top
6869,Women,Apparel,Topwear,Tops,Blue,Summer,2011.0,Casual,Forever New Women V Neck Printed Blue Top
19644,Women,Apparel,Topwear,Tops,Red,Fall,2011.0,Casual,United Colors of Benetton Women Red Top
27264,Women,Apparel,Topwear,Tops,Pink,Summer,2012.0,Casual,Arrow Woman Pink Printed Top
10257,Men,Apparel,Bottomwear,Trousers,Black,Fall,2011.0,Formal,John Miller Men Solid Type Black Trousers
26163,Men,Apparel,Bottomwear,Trousers,Grey,Summer,2012.0,Formal,John Miller Men Dark Grey Trousers
26164,Men,Apparel,Bottomwear,Trousers,Grey,Summer,2012.0,Formal,John Miller Men Striped Grey Trousers
23072,Men,Apparel,Bottomwear,Trousers,Navy Blue,Winter,2014.0,Formal,Arrow Men Navy Blue Solid Trousers
16368,Men,Apparel,Bottomwear,Trousers,Charcoal,Fall,2011.0,Formal,Peter England Men Stripes Charcoal Trouser
10259,Men,Apparel,Bottomwear,Trousers,Black,Fall,2011.0,Formal,John Miller Men Reglur Black Trousers
10261,Men,Apparel,Bottomwear,Trousers,Brown,Fall,2011.0,Formal,John Miller Men Slim Brown Trousers
15111,Men,Apparel,Bottomwear,Trousers,Coffee Brown,Fall,2011.0,Formal,Arrow Men Stripes Coffee Brown Trousers
15116,Men,Apparel,Bottomwear,Trousers,Grey,Fall,2011.0,Formal,Arrow Men TR Finish Grey Trousers
8949,Men,Apparel,Bottomwear,Trousers,Grey,Fall,2011.0,Formal,Indigo Nation Men ID Printed Grey Trousers
26139,Men,Apparel,Bottomwear,Trousers,Grey,Summer,2012.0,Formal,John Miller Men Grey Trousers
9892,Men,Apparel,Bottomwear,Trousers,White,Fall,2011.0,Formal,Indian Terrain Men Laffer Off-White Trousers
15120,Men,Apparel,Bottomwear,Trousers,Charcoal,Fall,2011.0,Formal,Arrow Men Wooltouch Charcoal Trousers
15118,Men,Apparel,Bottomwear,Trousers,Black,Fall,2013.0,Formal,Arrow Men Stripes Black Trousers
33815,Men,Apparel,Bottomwear,Trousers,Black,Summer,2012.0,Formal,Van Heusen Men Classic Pleated Black Trousers
26154,Men,Apparel,Bottomwear,Trousers,Black,Summer,2012.0,Formal,John Miller Men Black Trousers
10260,Men,Apparel,Bottomwear,Trousers,Grey,Fall,2011.0,Formal,John Miller Men Line Grey Trousers
23042,Men,Apparel,Bottomwear,Trousers,Navy Blue,Fall,2011.0,Formal,Arrow Men Navy Blue Trousers
10258,Men,Apparel,Bottomwear,Trousers,Navy Blue,Fall,2011.0,Formal,John Miller Men Line Navy Blue Trousers
16369,Men,Apparel,Bottomwear,Trousers,Grey,Fall,2011.0,Formal,Peter England Men Solid Grey Trouser
26153,Men,Apparel,Bottomwear,Trousers,Black,Summer,2012.0,Formal,John Miller Men Striped Black Trousers
23073,Men,Apparel,Bottomwear,Trousers,Grey,Winter,2014.0,Formal,Arrow Men Grey Trousers
9894,Men,Apparel,Bottomwear,Trousers,Black,Fall,2011.0,Formal,Indian Terrain Men Sid Black Trousers
11324,Men,Apparel,Bottomwear,Trousers,Black,Fall,2011.0,Smart Casual,United Colors of Benetton Men Black and Brown Checked Trousers
22905,Men,Apparel,Bottomwear,Trousers,Charcoal,Summer,2011.0,Formal,Mark Taylor Men Black Striped Trousers
15119,Men,Apparel,Bottomwear,Trousers,Grey,Fall,2012.0,Formal,Arrow Men Stripes Grey Trousers
15121,Men,Apparel,Bottomwear,Trousers,Charcoal,Fall,2011.0,Formal,Arrow Men Autoflex Charcoal Trousers
15117,Men,Apparel,Bottomwear,Trousers,Grey,Fall,2011.0,Formal,Arrow Men Solid Grey Trousers
15128,Men,Apparel,Bottomwear,Trousers,Cream,Winter,2014.0,Formal,Arrow  Men Solid Cream Trousers
8948,Men,Apparel,Bottomwear,Trousers,Navy Blue,Fall,2011.0,Formal,Indigo Nation Men ID Printed Navy Blue Trousers
15110,Men,Apparel,Bottomwear,Trousers,Black,Fall,2011.0,Formal,Arrow Men TR Finish Black Trousers
16613,Men,Apparel,Bottomwear,Trousers,Grey,Fall,2011.0,Formal,Genesis Men Stripes Grey Trouser
11267,Men,Apparel,Bottomwear,Trousers,Black,Fall,2011.0,Formal,Indigo Nation Men Black self structure Black Trousers
16614,Men,Apparel,Bottomwear,Trousers,Brown,Fall,2011.0,Formal,Genesis Men Stripes Brown Trouser
8834,Men,Apparel,Bottomwear,Trousers,Brown,Summer,2011.0,Formal,Scullers Men Scul Brown Trousers
12285,Men,Apparel,Bottomwear,Trousers,Black,Fall,2011.0,Formal,Genesis Men Solid Black Trousers
12222,Men,Apparel,Bottomwear,Trousers,Olive,Summer,2013.0,Formal,Basics Men Olive Trousers
39808,Men,Apparel,Bottomwear,Trousers,Khaki,Spring,2013.0,Formal,Peter England Men Khaki Trousers
12214,Men,Apparel,Bottomwear,Trousers,Black,Fall,2011.0,Formal,Basics Men Black Trousers
27904,Women,Apparel,Bottomwear,Trousers,Grey,Summer,2012.0,Formal,Scullers For Her Grey Trousers
29852,Men,Apparel,Bottomwear,Trousers,Brown,Summer,2012.0,Formal,Basics Men Dark Brown Trousers
39806,Men,Apparel,Bottomwear,Trousers,Black,Spring,2013.0,Formal,Peter England Men Black Trousers
27903,Women,Apparel,Bottomwear,Trousers,Beige,Summer,2012.0,Formal,Scullers For Her Beige Trousers
11268,Men,Apparel,Bottomwear,Trousers,Cream,Fall,2011.0,Formal,Indigo Nation Men Cream Trouser Cream Trousers
8835,Men,Apparel,Bottomwear,Trousers,Green,Summer,2011.0,Formal,Scullers Men Scul Green Trousers
14714,Men,Apparel,Bottomwear,Trousers,Navy Blue,Fall,2011.0,Formal,Genesis Men Solid Navy Blue Trousers
16615,Men,Apparel,Bottomwear,Trousers,Charcoal,Fall,2011.0,Formal,Genesis Men Solid Charcoal Trouser
16612,Men,Apparel,Bottomwear,Trousers,Navy Blue,Fall,2011.0,Formal,Genesis Men Stripes Navy Blue Trouser
14713,Men,Apparel,Bottomwear,Trousers,Brown,Fall,2011.0,Formal,Genesis Men Solid Brown Trousers
39807,Men,Apparel,Bottomwear,Trousers,Navy Blue,Spring,2013.0,Formal,Peter England Men Navy Blue Formal Trousers
12212,Men,Apparel,Bottomwear,Trousers,Brown,Summer,2013.0,Formal,Basics Men Brown Trousers
38122,Men,Apparel,Bottomwear,Trousers,Khaki,Spring,2013.0,Smart Casual,Allen Solly Men Khaki Chino Trousers
12215,Men,Apparel,Bottomwear,Trousers,Navy Blue,Summer,2013.0,Formal,Basics Men Navy Trousers
12223,Men,Apparel,Bottomwear,Trousers,Grey,Summer,2013.0,Formal,Basics Men Solid Grey Trousers
8892,Men,Apparel,Bottomwear,Trousers,Navy Blue,Fall,2011.0,Formal,Scullers Men Navy Blue Trousers
43223,Women,Apparel,Bottomwear,Trousers,Black,Fall,2012.0,Formal,United Colors of Benetton Women Black Trouser
53248,Men,Apparel,Bottomwear,Trousers,Charcoal,Summer,2012.0,Formal,Mark Taylor Men Charcoal Black Striped Trousers
29405,Men,Apparel,Bottomwear,Trousers,Charcoal,Summer,2012.0,Formal,Genesis Men Charcoal Trousers
39809,Men,Apparel,Bottomwear,Trousers,Brown,Summer,2012.0,Formal,Peter England Men Brown Trousers
12224,Men,Apparel,Bottomwear,Trousers,Brown,Fall,2011.0,Formal,Basics Men Solid Brown Trousers
29402,Men,Apparel,Bottomwear,Trousers,Black,Summer,2012.0,Formal,Genesis Men Black Trousers
27911,Women,Apparel,Bottomwear,Trousers,Black,Summer,2012.0,Formal,Scullers For Her Women Black Trousers
26808,Men,Apparel,Bottomwear,Trousers,Grey,Summer,2013.0,Formal,Arrow Men Grey Striped Trousers
13781,Men,Apparel,Bottomwear,Trousers,Grey,Fall,2011.0,Formal,Belmonte Men Solid Grey Trousers
27918,Women,Apparel,Bottomwear,Trousers,Grey,Summer,2012.0,Formal,Scullers For Her Women Grey Trousers
27920,Women,Apparel,Bottomwear,Trousers,Black,Summer,2012.0,Formal,Scullers For Her Black Trousers
26806,Men,Apparel,Bottomwear,Trousers,Charcoal,Summer,2013.0,Formal,Arrow Men Charcoal Flat Front Trousers
32405,Women,Apparel,Bottomwear,Trousers,Navy Blue,Fall,2012.0,Formal,Arrow Woman Navy Blue Trousers
27183,Men,Apparel,Bottomwear,Trousers,Charcoal,Summer,2012.0,Formal,Mark Taylor Men Striped Charcoal Trousers
29684,Men,Apparel,Bottomwear,Trousers,Charcoal,Summer,2012.0,Formal,Indigo Nation Men Charcoal Trousers
27184,Men,Apparel,Bottomwear,Trousers,Black,Summer,2012.0,Formal,Mark Taylor Men Striped Black Trousers
44289,Men,Apparel,Bottomwear,Trousers,Beige,Summer,2012.0,Formal,Indian Terrain Men Beige Trousers
32404,Women,Apparel,Bottomwear,Trousers,Black,Summer,2012.0,Formal,Arrow Woman Black Trousers
27919,Women,Apparel,Bottomwear,Trousers,Brown,Summer,2012.0,Formal,Scullers For Her Light Brown Trousers
13780,Men,Apparel,Bottomwear,Trousers,Cream,Fall,2011.0,Formal,Belmonte Men Solid Cream Trousers
34504,Women,Apparel,Bottomwear,Trousers,Beige,Summer,2012.0,Formal,Van Heusen Woman Beige Trousers
27917,Women,Apparel,Bottomwear,Trousers,Brown,Summer,2012.0,Formal,Scullers For Her Brown Striped Trousers
34503,Women,Apparel,Bottomwear,Trousers,Grey,Summer,2012.0,Formal,Van Heusen Woman Grey Straight Fit Trousers
44288,Men,Apparel,Bottomwear,Trousers,Black,Summer,2012.0,Formal,Indian Terrain Men Black Trousers
31014,Men,Apparel,Bottomwear,Trousers,Black,Summer,2013.0,Formal,Arrow Men Black Trousers
27185,Men,Apparel,Bottomwear,Trousers,Brown,Summer,2012.0,Formal,Mark Taylor Men Striped Brown Trousers
8952,Men,Apparel,Bottomwear,Trousers,Black,Fall,2011.0,Formal,Indigo Nation Men TR Yarn Dyed Black Trousers
8955,Men,Apparel,Bottomwear,Trousers,Grey,Fall,2011.0,Formal,Indigo Nation Men PV stretch Grey Trousers
48395,Men,Apparel,Bottomwear,Trousers,Black,Summer,2012.0,Formal,French Connection Men Black Trousers
39795,Men,Apparel,Bottomwear,Trousers,Black,Summer,2012.0,Formal,Peter England Men Black Formal Trousers
26372,Women,Apparel,Bottomwear,Trousers,Grey,Summer,2012.0,Formal,Arrow Woman Check Grey Trousers
31558,Men,Apparel,Bottomwear,Trousers,Navy Blue,Summer,2012.0,Formal,Mark Taylor Men Striped Navy Blue Trousers
12344,Men,Apparel,Bottomwear,Trousers,Beige,Fall,2011.0,Formal,Reid & Taylor Men Solid Beige Trousers
16380,Men,Apparel,Bottomwear,Trousers,Brown,Fall,2011.0,Formal,Peter England Men Stripes Dark Brown Trouser
16374,Men,Apparel,Bottomwear,Trousers,Navy Blue,Fall,2011.0,Formal,Peter England Men Stripes Navy Blue Trouser
16373,Men,Apparel,Bottomwear,Trousers,Charcoal,Fall,2011.0,Formal,Peter England Men Solid Charcoal Trouser
14286,Men,Apparel,Bottomwear,Trousers,Grey,Fall,2011.0,Formal,Belmonte Men Solid Trouser Grey Trousers
26149,Men,Apparel,Bottomwear,Trousers,Charcoal,Summer,2012.0,Formal,John Miller Men Charcoal Trousers
39794,Men,Apparel,Bottomwear,Trousers,Grey,Summer,2012.0,Formal,Peter England Men Grey Formal Trousers
8954,Men,Apparel,Bottomwear,Trousers,Brown,Fall,2011.0,Formal,Indigo Nation Men PV stretch Brown Trousers
26148,Men,Apparel,Bottomwear,Trousers,Brown,Summer,2012.0,Formal,John Miller Men Brown Trousers
13855,Men,Apparel,Bottomwear,Trousers,Blue,Fall,2011.0,Formal,Indigo Nation Men Solid Blue Trousers
26146,Men,Apparel,Bottomwear,Trousers,Charcoal,Summer,2012.0,Formal,John Miller Men Striped Charcoal Trousers
41629,Men,Apparel,Bottomwear,Trousers,Black,Summer,2012.0,Formal,Mark Taylor Men Black Trousers
26141,Men,Apparel,Bottomwear,Trousers,Navy Blue,Summer,2012.0,Formal,John Miller Men Striped Navy Blue Trousers
43522,Women,Apparel,Bottomwear,Trousers,Navy Blue,Summer,2012.0,Formal,French Connection Women Navy Trouser
15115,Men,Apparel,Bottomwear,Trousers,Navy Blue,Fall,2012.0,Formal,Arrow Men TR Finish Navy Blue Trousers
9854,Men,Apparel,Bottomwear,Trousers,Black,Fall,2011.0,Formal,Indian Terrain Men Laffer Black Trousers
15112,Men,Apparel,Bottomwear,Trousers,Olive,Fall,2011.0,Formal,Arrow Men TR Finish Olive Trousers
16391,Men,Apparel,Bottomwear,Trousers,Black,Spring,2013.0,Formal,Peter England Men Solid Black Trouser
26160,Men,Apparel,Bottomwear,Trousers,Navy Blue,Summer,2012.0,Formal,John Miller Men  Navy Blue Trouser
33817,Men,Apparel,Bottomwear,Trousers,Navy Blue,Summer,2012.0,Formal,Van Heusen Men Travelite Pleated Navy Blue Trousers
26156,Men,Apparel,Bottomwear,Trousers,Brown,Summer,2012.0,Formal,John Miller Men Striped Brown Trousers
23040,Men,Apparel,Bottomwear,Trousers,Charcoal,Summer,2011.0,Formal,Arrow Men Charcoal Solid Trousers
26151,Men,Apparel,Bottomwear,Trousers,Navy Blue,Summer,2012.0,Formal,John Miller Men Navy Blue Trousers
15122,Men,Apparel,Bottomwear,Trousers,Brown,Fall,2011.0,Formal,Arrow Men  Autoflex Brown Trousers
15125,Men,Apparel,Bottomwear,Trousers,Grey,Fall,2011.0,Formal,Arrow Men Autoflex Grey Trousers
26135,Men,Apparel,Bottomwear,Trousers,Beige,Summer,2012.0,Formal,John Miller Men Beige Trousers
15113,Men,Apparel,Bottomwear,Trousers,Black,Fall,2011.0,Formal,Arrow Men Solid Black Trousers
9852,Men,Apparel,Bottomwear,Trousers,Beige,Fall,2011.0,Formal,Indian Terrain Men Jason Beige Trousers
15114,Men,Apparel,Bottomwear,Trousers,Charcoal,Fall,2011.0,Formal,Arrow Men TR Finish Charcoal Trousers
23041,Men,Apparel,Bottomwear,Trousers,Grey,Fall,2011.0,Formal,Arrow Men Navy Grey Trousers
16390,Men,Apparel,Bottomwear,Trousers,Olive,Spring,2013.0,Formal,Peter England Men Solid Olive Trouser
12221,Men,Apparel,Bottomwear,Trousers,Grey,Summer,2013.0,Formal,Basics Men Grey Trousers
26810,Men,Apparel,Bottomwear,Trousers,Grey,Summer,2013.0,Formal,Arrow Men Grey Flat Front Trousers
12219,Men,Apparel,Bottomwear,Trousers,Green,Fall,2011.0,Formal,Basics Men Green Trousers
26819,Men,Apparel,Bottomwear,Trousers,Navy Blue,Summer,2012.0,Formal,Arrow Men Striped Navy Blue Trousers
44663,Women,Apparel,Bottomwear,Trousers,Brown,Summer,2012.0,Formal,Wills Lifestyle Women Brown Trousers
44664,Women,Apparel,Bottomwear,Trousers,Charcoal,Summer,2012.0,Formal,Wills Lifestyle Women Charcoal Trousers
12217,Men,Apparel,Bottomwear,Trousers,Beige,Fall,2011.0,Formal,Basics Men Beige New Improved Fit Trousers
12288,Men,Apparel,Bottomwear,Trousers,Grey,Fall,2011.0,Formal,Genesis Men Solid Grey Trousers
53228,Men,Apparel,Bottomwear,Trousers,Charcoal,Summer,2012.0,Formal,Mark Taylor Men Charcoal Grey Trousers
37103,Men,Apparel,Bottomwear,Trousers,Brown,Summer,2012.0,Formal,Wills Lifestyle Men Brown Trousers
31032,Men,Apparel,Bottomwear,Trousers,Grey,Summer,2012.0,Formal,Arrow New York Men Grey Trousers
16610,Men,Apparel,Bottomwear,Trousers,Black,Fall,2011.0,Formal,Genesis Men Solid Black Trouser
38983,Men,Apparel,Bottomwear,Trousers,Charcoal,Summer,2012.0,Formal,Arrow Men Charcoal Striped Trousers
39804,Men,Apparel,Bottomwear,Trousers,Olive,Spring,2013.0,Formal,Peter England Men Dark Olive Green Trousers
26818,Men,Apparel,Bottomwear,Trousers,Grey,Summer,2012.0,Formal,Arrow Men Check Grey Trousers
12218,Men,Apparel,Bottomwear,Trousers,Beige,Fall,2011.0,Formal,Basics Men Solid Beige Trousers
26811,Men,Apparel,Bottomwear,Trousers,Brown,Summer,2012.0,Formal,Arrow Men Brown Flat Front Trousers
12220,Men,Apparel,Bottomwear,Trousers,Black,Summer,2013.0,Formal,Basics Men Solid Black Trousers
11253,Men,Apparel,Bottomwear,Trousers,Olive,Fall,2011.0,Formal,Indigo Nation Men Tro Olive Trousers
44290,Men,Apparel,Bottomwear,Trousers,Navy Blue,Summer,2012.0,Formal,Indian Terrain Men Navy Blue Trousers
16611,Men,Apparel,Bottomwear,Trousers,Black,Fall,2011.0,Formal,Genesis Men Stripes Black Trousers
37102,Men,Apparel,Bottomwear,Trousers,Grey,Summer,2012.0,Formal,Wills Lifestyle Men Grey Trousers
31488,Men,Apparel,Bottomwear,Trousers,Black,Summer,2012.0,Formal,Black Coffee Men Striped Black Trousers
37111,Men,Apparel,Bottomwear,Trousers,Charcoal,Summer,2012.0,Formal,Wills Lifestyle Men Charcoal Trousers
27912,Women,Apparel,Bottomwear,Trousers,Black,Summer,2012.0,Formal,Scullers For Her Women Striped Black Trousers
39810,Men,Apparel,Bottomwear,Trousers,Brown,Spring,2013.0,Formal,Peter England Men Brown Formal Trousers
26805,Men,Apparel,Bottomwear,Trousers,Black,Summer,2012.0,Formal,Arrow Men Black Flat Front Trousers
8882,Men,Apparel,Bottomwear,Trousers,Navy Blue,Summer,2011.0,Formal,Scullers Men Scul Navy Blue Trousers
13785,Men,Apparel,Bottomwear,Trousers,Black,Fall,2011.0,Formal,Belmonte Men Solid Black Trousers
11248,Men,Apparel,Bottomwear,Trousers,Khaki,Fall,2011.0,Formal,Indigo Nation Men Solid Khaki Trousers
27181,Men,Apparel,Bottomwear,Trousers,Blue,Summer,2012.0,Formal,Mark Taylor Men Striped Blue Trousers
31473,Men,Apparel,Bottomwear,Trousers,Navy Blue,Summer,2012.0,Formal,Black Coffee Men Striped Charcoal Trousers
27186,Men,Apparel,Bottomwear,Trousers,Black,Summer,2012.0,Formal,Mark Taylor Men Striped Grey Trousers
13783,Men,Apparel,Bottomwear,Trousers,Khaki,Fall,2011.0,Formal,Belmonte Men Solid Khaki Trousers
8884,Men,Apparel,Bottomwear,Trousers,Cream,Summer,2011.0,Formal,Scullers Men Scul Cream Trousers
8883,Men,Apparel,Bottomwear,Trousers,Grey,Fall,2011.0,Formal,Scullers Men Scul Grey Trousers
32407,Women,Apparel,Bottomwear,Trousers,Grey,Summer,2012.0,Formal,Arrow Woman Grey Trousers
13784,Men,Apparel,Bottomwear,Trousers,Black,Fall,2011.0,Formal,Belmonte Men Solid Black Woven Trousers
27914,Women,Apparel,Bottomwear,Trousers,Brown,Summer,2012.0,Formal,Scullers For Her Women Brown Trousers
26382,Men,Apparel,Bottomwear,Trousers,Brown,Summer,2012.0,Formal,Turtle Men Check Brown Trousers
8905,Men,Apparel,Bottomwear,Trousers,Brown,Fall,2011.0,Formal,Indigo Nation Men Textura Brown Trousers
14285,Men,Apparel,Bottomwear,Trousers,Brown,Fall,2011.0,Formal,Belmonte Men Stripe Trouser Brown Trousers
15109,Men,Apparel,Bottomwear,Trousers,Black,Fall,2011.0,Formal,Arrow Men Autoflex Black Trousers
21599,Men,Apparel,Bottomwear,Trousers,Black,Summer,2011.0,Formal,Indigo Nation Men Solid Black Trousers
13669,Men,Apparel,Bottomwear,Trousers,Black,Fall,2011.0,Formal,Genesis Men Black Solid Trouser
29399,Men,Apparel,Bottomwear,Trousers,Grey,Summer,2012.0,Formal,Genesis Men Grey Trousers
16376,Men,Apparel,Bottomwear,Trousers,Black,Fall,2011.0,Formal,Peter England Men Stripes Black Trouser
8903,Men,Apparel,Bottomwear,Trousers,Olive,Fall,2011.0,Formal,Indigo Nation Men Textura Olive Trousers
27267,Women,Apparel,Bottomwear,Trousers,Navy Blue,Winter,2012.0,Formal,Arrow Women Navy Blue Pinstripe Trousers
8904,Men,Apparel,Bottomwear,Trousers,White,Fall,2011.0,Formal,Indigo Nation Men ID Solid White Trousers
26384,Men,Apparel,Bottomwear,Trousers,Black,Summer,2012.0,Formal,Turtle Men Black Trousers
43521,Women,Apparel,Bottomwear,Trousers,Black,Summer,2012.0,Formal,French Connection Women Black Trouser
26383,Men,Apparel,Bottomwear,Trousers,Black,Summer,2012.0,Formal,Turtle Men Check Black Trousers
39103,Men,Apparel,Bottomwear,Trousers,Grey,Summer,2012.0,Formal,Reid & Taylor Men Grey Trouser
39104,Men,Apparel,Bottomwear,Trousers,Charcoal,Summer,2012.0,Formal,Reid & Taylor Men Charcoal Trouser
57136,Women,Apparel,Bottomwear,Trousers,Black,Summer,2012.0,Casual,Elle Women Black Trousers
15679,Men,Apparel,Bottomwear,Trousers,Khaki,Fall,2011.0,Casual,Highlander Men Classic Chinos Khaki Trousers
27621,Men,Apparel,Bottomwear,Trousers,Green,Summer,2012.0,Casual,Scullers Men Green Cargo Pants
31435,Men,Apparel,Bottomwear,Trousers,Black,Summer,2012.0,Casual,HIghlander Men Black Trousers
17577,Men,Apparel,Bottomwear,Trousers,Grey,Fall,2011.0,Casual,Mark Taylor Men Solid Grey Trouser
27605,Men,Apparel,Bottomwear,Trousers,Black,Summer,2012.0,Casual,Scullers Men Black Trousers
13288,Men,Apparel,Bottomwear,Trousers,Beige,Fall,2011.0,Casual,Gini and Jony Kids Solid Beige Trousers
12679,Men,Apparel,Bottomwear,Trousers,Black,Fall,2011.0,Casual,Probase Men Solid Black Trousers
16065,Men,Apparel,Bottomwear,Trousers,Navy Blue,Fall,2011.0,Casual,Highlander Men Solid Blue Trouser
12677,Men,Apparel,Bottomwear,Trousers,Grey,Fall,2011.0,Casual,Probase Men Check Grey Trousers
32586,Women,Apparel,Bottomwear,Trousers,Brown,Summer,2012.0,Casual,ONLY Women Brown Trousers
41424,Men,Apparel,Bottomwear,Trousers,Khaki,Summer,2012.0,Casual,Highlander Men Khaki Trousers
11329,Men,Apparel,Bottomwear,Trousers,Grey,Fall,2011.0,Casual,United Colors of Benetton Men Solid Grey Trousers
32564,Women,Apparel,Bottomwear,Trousers,Orange,Summer,2012.0,Casual,ONLY Women Orange Trousers
16071,Men,Apparel,Bottomwear,Trousers,Beige,Fall,2011.0,Casual,Highlander Men Solid Beige Trouser
42348,Women,Apparel,Bottomwear,Trousers,Charcoal,Summer,2012.0,Casual,Flying Machine Women Back Trousers
27607,Men,Apparel,Bottomwear,Trousers,Cream,Summer,2012.0,Casual,Scullers Men Cream Trousers
27610,Men,Apparel,Bottomwear,Trousers,Grey,Summer,2012.0,Casual,Scullers Men Grey Trousers
51603,Women,Apparel,Bottomwear,Trousers,Beige,Fall,2012.0,Casual,Kraus Jeans Women Beige Trousers
47677,Women,Apparel,Bottomwear,Trousers,Black,Summer,2012.0,Casual,Femella Women Black Animal Print Trousers
33300,Men,Apparel,Bottomwear,Trousers,White,Summer,2012.0,Casual,Arrow Sport Men White Trousers
26824,Men,Apparel,Bottomwear,Trousers,Brown,Summer,2012.0,Casual,Highlander Men Brown Trousers
18196,Men,Apparel,Bottomwear,Trousers,Brown,Fall,2011.0,Casual,Highlander Men Solid Brown Trouser
15688,Men,Apparel,Bottomwear,Trousers,Beige,Fall,2011.0,Casual,Highlander Men Classic Chinos Beige Trousers
26379,Men,Apparel,Bottomwear,Trousers,Olive,Summer,2012.0,Casual,Turtle Men Striped Grey Trousers
39765,Women,Apparel,Bottomwear,Trousers,Olive,Summer,2012.0,Casual,Arrow Woman Olive Trousers
40274,Men,Apparel,Bottomwear,Trousers,Beige,Summer,2012.0,Casual,Scullers Men Beige Trousers
29845,Men,Apparel,Bottomwear,Trousers,Khaki,Summer,2012.0,Casual,Basics Men Khaki Trousers
48376,Men,Apparel,Bottomwear,Trousers,Blue,Summer,2012.0,Casual,French Connection Men Bluish Grey Trousers
26822,Men,Apparel,Bottomwear,Trousers,Olive,Summer,2012.0,Casual,Highlander Men Olive Trousers
27929,Women,Apparel,Bottomwear,Trousers,Brown,Summer,2012.0,Casual,Scullers For Her Brown Trousers
16059,Men,Apparel,Bottomwear,Trousers,Olive,Fall,2011.0,Casual,Highlander Men Solid Olive Trouser
37195,Women,Apparel,Bottomwear,Trousers,Beige,Summer,2012.0,Casual,United Colors of Benetton Women Beige Trousers
27907,Women,Apparel,Bottomwear,Trousers,Olive,Summer,2012.0,Casual,Scullers For Her Olive Trousers
29781,Men,Apparel,Bottomwear,Trousers,Charcoal,Summer,2013.0,Casual,Basics Men Steel Charcoal Trousers
26508,Men,Apparel,Bottomwear,Trousers,Brown,Fall,2013.0,Casual,Arrow Sport Men Brown Trousers
26820,Men,Apparel,Bottomwear,Trousers,Navy Blue,Summer,2012.0,Casual,Highlander Men Navy Blue Trousers
40278,Men,Apparel,Bottomwear,Trousers,Brown,Summer,2012.0,Casual,Scullers Men Brown Trousers
16064,Men,Apparel,Bottomwear,Trousers,Black,Fall,2011.0,Casual,Highlander Men Black Trousers
48097,Women,Apparel,Bottomwear,Trousers,Green,Winter,2011.0,Casual,French Connection Women Green Trousers
13250,Men,Apparel,Bottomwear,Trousers,Beige,Fall,2011.0,Casual,Palm Tree Kids Boy Solid Beige Trousers
32901,Women,Apparel,Bottomwear,Trousers,White,Summer,2012.0,Casual,Allen Solly Woman White Trousers
48392,Men,Apparel,Bottomwear,Trousers,Navy Blue,Summer,2012.0,Casual,French Connection Men Navy Blue Trousers
48391,Men,Apparel,Bottomwear,Trousers,Grey,Summer,2012.0,Casual,French Connection Men Grey Trousers
8951,Men,Apparel,Bottomwear,Trousers,Black,Fall,2011.0,Casual,Indigo Nation Men ID Yarn Dyed Black Trousers
13249,Men,Apparel,Bottomwear,Trousers,Brown,Fall,2011.0,Casual,Palm Tree Kids Boy Solid Brown Trousers
42255,Men,Apparel,Bottomwear,Trousers,Brown,Summer,2012.0,Casual,John Players Men Brown Trousers
14688,Men,Apparel,Bottomwear,Trousers,Beige,Fall,2011.0,Casual,Basics Men Beige Trousers
44315,Men,Apparel,Bottomwear,Trousers,Blue,Summer,2012.0,Casual,Indian Terrain Men Blue Trousers
13307,Men,Apparel,Bottomwear,Trousers,Black,Fall,2011.0,Casual,Gini and Jony Kids Solid Black Trousers
43918,Women,Apparel,Bottomwear,Trousers,Yellow,Summer,2012.0,Casual,Femella Women Yellow Trousers
15749,Men,Apparel,Bottomwear,Trousers,Navy Blue,Fall,2011.0,Casual,Highlander Men Solid Navy Blue Trousers
16622,Men,Apparel,Bottomwear,Trousers,Khaki,Fall,2011.0,Casual,Probase Men Solid Khaki Trouser
15127,Men,Apparel,Bottomwear,Trousers,Brown,Fall,2012.0,Casual,Arrow Sport Men Solid  Brown Trousers
43912,Women,Apparel,Bottomwear,Trousers,Black,Summer,2012.0,Casual,Femella Women Black Trousers
8843,Men,Apparel,Bottomwear,Trousers,Beige,Summer,2011.0,Casual,Scullers Men Scul Beige Trousers
29682,Men,Apparel,Bottomwear,Trousers,Grey,Summer,2012.0,Casual,Indigo Nation Men Striped Grey Trousers
29174,Men,Apparel,Bottomwear,Trousers,Brown,Summer,2012.0,Casual,United Colors of Benetton Men Brown Trousers
14701,Men,Apparel,Bottomwear,Trousers,Olive,Fall,2011.0,Casual,Basics Men Olive Cargos
30919,Women,Apparel,Bottomwear,Trousers,Pink,Summer,2012.0,Ethnic,Fabindia Women Pink Harem Pants
14657,Men,Apparel,Bottomwear,Trousers,Grey,Fall,2011.0,Casual,Probase Men Solid DK.Grey Trousers
59814,Men,Apparel,Bottomwear,Trousers,Navy Blue,Fall,2012.0,Casual,United Colors of Benetton Men's Navy Blue Trousers
30920,Women,Apparel,Bottomwear,Trousers,Green,Summer,2012.0,Ethnic,Fabindia Women Green Harem Pants
29677,Men,Apparel,Bottomwear,Trousers,Olive,Summer,2012.0,Casual,Indigo Nation Men Olive Trousers
42267,Men,Apparel,Bottomwear,Trousers,Grey,Fall,2013.0,Casual,John Players Men Grey Shorts
16069,Men,Apparel,Bottomwear,Trousers,Navy Blue,Fall,2011.0,Casual,Highlander Men Solid Navy Blue Trouser
57824,Women,Apparel,Bottomwear,Trousers,Green,Fall,2012.0,Casual,United Colors of Benetton Green Trouser
16054,Men,Apparel,Bottomwear,Trousers,Grey,Fall,2011.0,Casual,Highlander Men Solid Grey Trouser
23038,Men,Apparel,Bottomwear,Trousers,Beige,Summer,2011.0,Casual,Arrow Men Beige Solid Trousers
13229,Men,Apparel,Bottomwear,Trousers,Navy Blue,Fall,2011.0,Casual,Palm Tree Kids Boy Solid Navy Blue Trousers
14691,Men,Apparel,Bottomwear,Trousers,Tan,Fall,2011.0,Casual,Basics Men Tan Trousers
15748,Men,Apparel,Bottomwear,Trousers,Black,Fall,2011.0,Casual,Highlander Men Classic Chinos Black Trousers
6896,Women,Apparel,Bottomwear,Trousers,Black,Summer,2011.0,Casual,Forever New Women Black Trouser
12748,Men,Apparel,Bottomwear,Trousers,Black,Fall,2011.0,Casual,Timberland Men Solid Black Trousers
31429,Men,Apparel,Bottomwear,Trousers,Grey,Summer,2012.0,Casual,Highlander Men Grey Trousers
14689,Men,Apparel,Bottomwear,Trousers,Brown,Fall,2011.0,Casual,Basics Men Mid Brown Trousers
54226,Men,Apparel,Bottomwear,Trousers,Charcoal,Summer,2012.0,Casual,Highlander Men Charcoal Chinos
51487,Men,Apparel,Bottomwear,Trousers,Black,Summer,2012.0,Casual,Denizen Men Black Trousers
16067,Men,Apparel,Bottomwear,Trousers,Black,Fall,2011.0,Casual,Highlander Men Solid Black Trouser
43917,Women,Apparel,Bottomwear,Trousers,Blue,Summer,2012.0,Casual,Femella Women Blue Trousers
29676,Men,Apparel,Bottomwear,Trousers,Grey,Summer,2012.0,Casual,Indigo Nation Men Grey Check Trousers
57141,Women,Apparel,Bottomwear,Trousers,Olive,Summer,2012.0,Casual,Elle Women Olive Trousers
51609,Women,Apparel,Bottomwear,Trousers,Cream,Fall,2012.0,Casual,Kraus Jeans Women Cream Trousers
39761,Women,Apparel,Bottomwear,Trousers,Beige,Fall,2012.0,Casual,Arrow Woman Beige Trousers
48497,Women,Apparel,Bottomwear,Trousers,Black,Winter,2011.0,Casual,French Connection Women Black Trousers
16058,Men,Apparel,Bottomwear,Trousers,Khaki,Fall,2011.0,Casual,Highlander Men Solid Khaki Trouser
42251,Men,Apparel,Bottomwear,Trousers,Grey,Summer,2012.0,Casual,John Players Men Grey Trousers
12674,Men,Apparel,Bottomwear,Trousers,Olive,Fall,2011.0,Casual,Probase Men Solid Olive Cargos
44925,Men,Apparel,Bottomwear,Trousers,Brown,Summer,2012.0,Casual,Jack & Jones Men Brown Jeans
27923,Women,Apparel,Bottomwear,Trousers,Black,Summer,2012.0,Casual,Scullers Women Black Trousers
16022,Men,Apparel,Bottomwear,Trousers,Olive,Fall,2011.0,Casual,Turtle Men Solid Khakhi Trouser
46414,Men,Apparel,Bottomwear,Trousers,Black,Summer,2012.0,Casual,ADIDAS Men Black Trousers
29683,Men,Apparel,Bottomwear,Trousers,Black,Summer,2012.0,Casual,Indigo Nation Men Black Trouser
14659,Men,Apparel,Bottomwear,Trousers,Khaki,Fall,2011.0,Casual,Probase Men Solid LT.Khaki Trousers
11312,Men,Apparel,Bottomwear,Trousers,Beige,Fall,2011.0,Casual,Scullers Men Rugged Chinos Beige Trousers
8946,Men,Apparel,Bottomwear,Trousers,Beige,Fall,2011.0,Casual,Indigo Nation Men ID Printed Beige Trousers
17291,Men,Apparel,Bottomwear,Trousers,Khaki,Fall,2011.0,Casual,Peter England Elements  Men Trouser
16624,Men,Apparel,Bottomwear,Trousers,Grey,Fall,2011.0,Casual,Probase Men Check Grey Trouser
26838,Men,Apparel,Bottomwear,Trousers,Grey,Fall,2011.0,Casual,Highlander Men Light Grey Trousers
27900,Women,Apparel,Bottomwear,Trousers,Beige,Summer,2012.0,Casual,Scullers For Her Women Beige Trousers
16020,Men,Apparel,Bottomwear,Trousers,Grey,Fall,2011.0,Casual,Turtle Solid Men Grey Trouser
30921,Women,Apparel,Bottomwear,Trousers,Blue,Summer,2012.0,Ethnic,Fabindia Women Blue Harem Pants
15134,Men,Apparel,Bottomwear,Trousers,Brown,Fall,2011.0,Casual,Arrow Sport Men Solid Brown Trousers
57139,Women,Apparel,Bottomwear,Trousers,Black,Summer,2012.0,Casual,Elle Women Black Etra Slim Fit Trousers
26380,Men,Apparel,Bottomwear,Trousers,Black,Summer,2012.0,Casual,Turtle Men Striped Black Trousers
32563,Women,Apparel,Bottomwear,Trousers,Blue,Summer,2012.0,Casual,ONLY Women directoire blue Trousers
3054,Men,Apparel,Topwear,Tshirts,Blue,Summer,2011.0,Formal,Tantra Men's Who Farted Blue T-shirt
12346,Women,Apparel,Topwear,Tshirts,Grey,Fall,2011.0,Formal,Reebok Women Grey Solid V-Neck T-shirt
6471,Women,Apparel,Topwear,Tshirts,Grey,Summer,2011.0,Casual,ADIDAS Women's Polo Grey T-shirt
38151,Men,Apparel,Topwear,Tshirts,Black,Summer,2012.0,Casual,Wildcraft Men Black T Poly Crew T-shirt
34366,Men,Apparel,Topwear,Tshirts,Black,Summer,2012.0,Casual,Myntra Men Black Afro Jazz T-shirt
12577,Women,Apparel,Topwear,Tshirts,Black,Fall,2011.0,Casual,Tantra Women Black Printed T-shirt
10851,Men,Apparel,Topwear,Tshirts,Brown,Fall,2011.0,Casual,Wrangler Men Applique Polo Brown T-Shirts
3684,Men,Apparel,Topwear,Tshirts,Navy Blue,Summer,2011.0,Casual,Inkfruit Men's Into The Wild Navy T-shirt
5822,Men,Apparel,Topwear,Tshirts,Purple,Summer,2011.0,Casual,ADIDAS Men's Prt Purple T-shirt
18243,Men,Apparel,Topwear,Tshirts,White,Fall,2011.0,Casual,Manchester United Men Printed White Tshirt
1945,Men,Apparel,Topwear,Tshirts,Green,Fall,2010.0,Sports,Puma Mens Reggae All Night Green T-shirt
15617,Women,Apparel,Topwear,Tshirts,Lavender,Fall,2011.0,Casual,Nike Women Trainng Lavender T-shirt
8288,Men,Apparel,Topwear,Tshirts,Red,Fall,2011.0,Casual,Mr.Men Men's Beet Red T-shirt
17287,Men,Apparel,Topwear,Tshirts,Navy Blue,Fall,2011.0,Casual,U.S. Polo Assn. Men Solid Navy Blue Polo Tshirt
5213,Men,Apparel,Topwear,Tshirts,Black,Spring,2013.0,Casual,Aerosmith Men's Crew Black T-shirt
17806,Women,Apparel,Topwear,Tshirts,White,Fall,2011.0,Casual,Chhota Bheem Kids Girl Chutki Butterfly White Tshirt
34192,Men,Apparel,Topwear,Tshirts,Red,Summer,2012.0,Casual,Proline Men Striped Red & Blue Polo T-shirt
2089,Men,Apparel,Topwear,Tshirts,Purple,Fall,2010.0,Sports,Adidas Mens Pocket Polo T-shirt
7009,Men,Apparel,Topwear,Tshirts,Red,Summer,2011.0,Casual,Classic Polo Men's Red Polo With Stripe T-shirt
12591,Unisex,Apparel,Topwear,Tshirts,Blue,Fall,2011.0,Casual,Tantra Unisex Printed Blue Tshirts
14067,Men,Apparel,Topwear,Tshirts,White,Winter,2016.0,Casual,Flying Machine Men Printed White Tshirts
27369,Men,Apparel,Topwear,Tshirts,Blue,Fall,2011.0,Casual,Tantra Men Hippy Blue T-shirt
30334,Men,Apparel,Topwear,Tshirts,Black,Summer,2012.0,Casual,Myntra Men Your Idea Sucks Black T-shirt
2976,Women,Apparel,Topwear,Tshirts,Purple,Fall,2010.0,Casual,Puma Women's Lifestyle Purple Polo T-shirt
32652,Women,Apparel,Topwear,Tshirts,Lavender,Summer,2012.0,Sports,Nike Women Sublimated Lavender T-shirt
3730,Men,Apparel,Topwear,Tshirts,Yellow,Summer,2011.0,Sports,CSK Mens Fangear Yellow Jersey
4091,Men,Apparel,Topwear,Tshirts,White,Summer,2011.0,Casual,Classic Polo Men's White With Black Stripes T-shirt
34420,Men,Apparel,Topwear,Tshirts,Blue,Summer,2012.0,Casual,Myntra Men Blue Gamer T-shirt
18846,Men,Apparel,Topwear,Tshirts,Yellow,Fall,2011.0,Casual,Puma Men Graphic Print Yellow Chrome Tshirt
48417,Men,Apparel,Topwear,Tshirts,Purple,Summer,2012.0,Casual,French Connection Men Purple & Grey Striped T-shirt
5093,Men,Apparel,Topwear,Tshirts,Black,Summer,2011.0,Casual,Wrangler Men's Champion Burnt Out Striper Black T-shirt
53116,Men,Apparel,Topwear,Tshirts,Purple,Summer,2012.0,Casual,Myntra Men Purple T-shirt
24552,Women,Apparel,Topwear,Tshirts,Blue,Fall,2011.0,Casual,Nike Women Blue T-shirt
9929,Women,Apparel,Topwear,Tshirts,White,Summer,2011.0,Casual,Jealous 21 Women Jace White T-shirt
18636,Men,Apparel,Topwear,Tshirts,White,Fall,2011.0,Sports,Puma Men V.11 Speed  White Tshirts
12544,Women,Apparel,Topwear,Tshirts,Peach,Fall,2011.0,Casual,Tantra Women Printed Peach T-shirt
4408,Men,Apparel,Topwear,Tshirts,Blue,Summer,2011.0,Casual,DC Comics Men's Batman Logo Royal Blue T-shirt
2337,Men,Apparel,Topwear,Tshirts,Grey,Fall,2010.0,Casual,Reebok Men Sublime Grey T-shirt
11730,Men,Apparel,Topwear,Tshirts,Yellow,Fall,2011.0,Casual,Lee Men Solid Yellow T-shirt
3280,Men,Apparel,Topwear,Tshirts,Purple,Summer,2011.0,Casual,Guerrilla Men's Ace Of Spades Purple T-shirt
27574,Men,Apparel,Topwear,Tshirts,Blue,Summer,2012.0,Casual,Scullers Men Printed Blue T-Shirt
7795,Men,Apparel,Topwear,Tshirts,Blue,Fall,2011.0,Casual,Proline Men Blue Polo T-shirt
25038,Men,Apparel,Topwear,Tshirts,Green,Fall,2011.0,Sports,Nike Men Premierl Green T-shirt
16649,Men,Apparel,Topwear,Tshirts,Black,Summer,2016.0,Casual,Facit Men Polo Tee Black Tshirt
11527,Men,Apparel,Topwear,Tshirts,Olive,Fall,2011.0,Casual,United Colors of Benetton Men Olive Tshirts
19389,Men,Apparel,Topwear,Tshirts,White,Fall,2011.0,Casual,ADIDAS Men Printed White Tshirt
3864,Men,Apparel,Topwear,Tshirts,White,Summer,2011.0,Casual,Wrangler Men's Rodeo Sketch White T-shirt
3991,Men,Apparel,Topwear,Tshirts,White,Summer,2011.0,Casual,Mr.Men Men's Wave Rider White T-shirt
9780,Men,Apparel,Topwear,Tshirts,Grey,Fall,2011.0,Casual,ADIDAS Men Grey Polo Tshirts
10502,Women,Apparel,Topwear,Tshirts,Blue,Fall,2011.0,Casual,Flying Machine Women Ocean Blue Tshirts
5293,Women,Apparel,Topwear,Tshirts,Blue,Summer,2011.0,Casual,Puma Women's Softest Touch Blue T-shirt
5177,Men,Apparel,Topwear,Tshirts,Black,Summer,2011.0,Casual,Jimi Hendrix Men's Photo Black T-shirt
18935,Men,Apparel,Topwear,Tshirts,Blue,Fall,2011.0,Casual,Levi's Men Graphic Print Blue Tshirt
3539,Men,Apparel,Topwear,Tshirts,Black,Summer,2011.0,Casual,Myntra Men's I am a nice guy Black T-shirt
13467,Men,Apparel,Topwear,Tshirts,White,Summer,2011.0,Casual,United Colors of Benetton Men Printed White Tshirts
9942,Men,Apparel,Topwear,Tshirts,Maroon,Fall,2011.0,Casual,Probase Men Last Week Maroon Tshirts
15606,Men,Apparel,Topwear,Tshirts,Grey,Fall,2011.0,Casual,Nike Men Training Grey Tshirts
23156,Men,Apparel,Topwear,Tshirts,White,Fall,2011.0,Casual,Mark Taylor Men White Printed T-shirt
6247,Women,Apparel,Topwear,Tshirts,White,Summer,2011.0,Casual,Lee Women's Clara White T-shirt
52138,Women,Apparel,Topwear,Tshirts,Red,Summer,2012.0,Casual,Femella Women Pale Red Polo T-Shirt
7674,Men,Apparel,Topwear,Tshirts,Black,Fall,2011.0,Sports,Puma Men's Round Neck Black T-shirt
10690,Men,Apparel,Topwear,Tshirts,Yellow,Fall,2011.0,Casual,Doodle Boy Mummy daddy me Yellow Tshirts
5807,Women,Apparel,Topwear,Tshirts,Blue,Summer,2011.0,Casual,ADIDAS Women's Tunic Blue T-shirt
6036,Women,Apparel,Topwear,Tshirts,Black,Summer,2011.0,Casual,UCB Womens Photographic Print Black T-shirt
9546,Men,Apparel,Topwear,Tshirts,Purple,Fall,2011.0,Sports,Nike Men As Elite Ultimate Ss Training Purple T-Shirts
2855,Men,Apparel,Topwear,Tshirts,Black,Summer,2011.0,Casual,Mr.Men Men's Is There More Love Black T-shirt
10579,Men,Apparel,Topwear,Tshirts,Black,Fall,2011.0,Casual,Puma Men Black Polo Tshirts
9543,Men,Apparel,Topwear,Tshirts,Red,Fall,2011.0,Sports,Nike Men Red Polo Tshirts
19803,Men,Apparel,Topwear,Tshirts,Grey,Fall,2011.0,Casual,U.S. Polo Assn. Men Printed Grey Tshirt
10710,Women,Apparel,Topwear,Tshirts,Orange,Fall,2011.0,Casual,Nike Women Trainng short sleeve tshirt Orange Tshirts
6041,Men,Apparel,Topwear,Tshirts,Navy Blue,Summer,2011.0,Casual,UCB Men's Polo Neck With Lion Logo Navy Blue T-shirt
29161,Men,Apparel,Topwear,Tshirts,Red,Summer,2012.0,Casual,United Colors of Benetton Men Red T-shirt
10006,Men,Apparel,Topwear,Tshirts,Black,Fall,2011.0,Sports,Nike Men AS T90 Black Tshirts
10040,Men,Apparel,Topwear,Tshirts,White,Fall,2011.0,Sports,Nike Men White Polo Tshirts
12601,Unisex,Apparel,Topwear,Tshirts,Red,Fall,2011.0,Casual,Tantra Unisex Printed Red Tshirts
1867,Men,Apparel,Topwear,Tshirts,Blue,Summer,2011.0,Casual,Inkfruit Men Nayak Nahi T-shirt
23695,Men,Apparel,Topwear,Tshirts,Purple,Summer,2011.0,Casual,Proline Men Purple Polo T-shirt
57438,Women,Apparel,Topwear,Tshirts,Charcoal,Summer,2015.0,Casual,Angry Birds Women Charcoal T-shirt
14922,Men,Apparel,Topwear,Tshirts,Blue,Fall,2011.0,Casual,Mr. Men Men Sleep Placid Blue Tshirts
6907,Women,Apparel,Topwear,Tshirts,Cream,Summer,2011.0,Casual,Tantra Women's Re-incarnation Cream T-shirt
2788,Men,Apparel,Topwear,Tshirts,Yellow,Summer,2011.0,Casual,Ediots Men's Chronological Status Yellow T-shirt
13793,Men,Apparel,Topwear,Tshirts,Blue,Fall,2011.0,Casual,Proline Mens Solid Blue Polo Tshirt
4248,Men,Apparel,Topwear,Tshirts,Grey,Summer,2011.0,Casual,Probase Men's Mirror On The Grey T-shirt
4089,Men,Apparel,Topwear,Tshirts,White,Summer,2011.0,Casual,Classic Polo Men's White With Orange Black Stripe T-shirt
42109,Men,Apparel,Topwear,Tshirts,Black,Summer,2012.0,Casual,ADIDAS Men Black T-shirt
11022,Women,Apparel,Topwear,Tshirts,Red,Fall,2011.0,Casual,Wrangler Women Its A Good Day Red T-Shirts
3127,Men,Apparel,Topwear,Tshirts,Green,Summer,2011.0,Casual,Inkfruit Men's Seven Deadly Green T-shirt
6935,Men,Apparel,Topwear,Tshirts,Blue,Summer,2011.0,Casual,Tantra Men's Cool Blue T-shirt
7859,Men,Apparel,Topwear,Tshirts,Purple,Fall,2011.0,Casual,Proline Men Purple Printed T-shirt
24132,Men,Apparel,Topwear,Tshirts,Off White,Fall,2011.0,Casual,ADIDAS Men Printed Off-White T-shirt
49963,Men,Apparel,Topwear,Tshirts,Black,Summer,2016.0,Casual,Hanes Men Black Pack of 3 T-shirt
2681,Men,Apparel,Topwear,Tshirts,Black,Summer,2011.0,Casual,Inkfruit Men's Serial Black T-shirt
15200,Men,Apparel,Topwear,Tshirts,Yellow,Fall,2011.0,Casual,Arrow Sport Men Stripes Yellow Polo Tshirts
10047,Men,Apparel,Topwear,Tshirts,Black,Fall,2011.0,Casual,Puma Men Heroes Graphic Black Tshirts
6069,Women,Apparel,Topwear,Tshirts,Pink,Summer,2011.0,Casual,UCB Women's Young Pigment Pink T-shirt
1872,Men,Apparel,Topwear,Tshirts,White,Winter,2010.0,Casual,FIFA Mens 1962 World Cup White T-shirt
2048,Men,Apparel,Topwear,Tshirts,Black,Fall,2010.0,Sports,ADIDAS Men's Crew Black T-shirt
5811,Women,Apparel,Topwear,Tshirts,White,Summer,2011.0,Casual,Puma Women's Pop White T-shirt
3705,Men,Apparel,Topwear,Tshirts,Pink,Summer,2011.0,Casual,Classic Polo Men Pink Black Stripes T-shirt
13098,Men,Apparel,Topwear,Tshirts,Green,Fall,2011.0,Sports,ADIDAS Men NBA Bold Green T-shirts
32462,Men,Apparel,Topwear,Tshirts,White,Summer,2012.0,Casual,ADIDAS Men Polo White T-shirt
33070,Men,Apparel,Topwear,Tshirts,Orange,Summer,2012.0,Casual,U.S.Polo Assn. Men Orange Polo T-shirt
44846,Men,Apparel,Topwear,Tshirts,Black,Summer,2012.0,Casual,Puma Men Black Ducati Graphic T-shirt
6102,Men,Apparel,Topwear,Tshirts,Black,Summer,2011.0,Casual,UCB Men's Benetton Details Black T-shirt
17283,Men,Apparel,Topwear,Tshirts,Brown,Fall,2011.0,Casual,U.S. Polo Assn. Men Stripes Brown Polo Tshirt
7744,Men,Apparel,Topwear,Tshirts,Navy Blue,Fall,2011.0,Casual,Indigo Nation Men Navy Blue Polo T-shirt
20330,Men,Apparel,Topwear,Tshirts,Pink,Fall,2011.0,Casual,Mr.Men Little Miss Men Printed Fushia Pink Tshirt
2254,Women,Apparel,Topwear,Tshirts,Purple,Fall,2010.0,Casual,ADIDAS Women Purple Top
19974,Women,Apparel,Topwear,Tshirts,Yellow,Summer,2011.0,Casual,United Colors of Benetton Women Yellow T-shirt
6685,Women,Apparel,Topwear,Tshirts,Green,Summer,2011.0,Casual,UCB Women's Photo Prints Light Green T-shirt
32919,Men,Apparel,Topwear,Tshirts,Blue,Summer,2012.0,Casual,Status Quo Men Printed Blue T-shirt
6240,Men,Apparel,Topwear,Tshirts,White,Summer,2011.0,Casual,UCB Men's Contrast Logo White T-shirt
19244,Men,Apparel,Topwear,Tshirts,Green,Fall,2011.0,Casual,Puma Men Printed Green T-shirt
10486,Men,Apparel,Topwear,Tshirts,Black,Fall,2011.0,Casual,Flying Machine Men Black Polo Tshirts
44833,Men,Apparel,Topwear,Tshirts,White,Summer,2012.0,Casual,Puma Men White Logo T-shirt
39067,Men,Apparel,Topwear,Tshirts,Green,Summer,2012.0,Casual,Arrow Sport Men Green T-shirt
13297,Men,Apparel,Topwear,Tshirts,White,Fall,2011.0,Casual,Gini and Jony Kids Boys Printed White Tshirts
16627,Men,Apparel,Topwear,Tshirts,Rust,Summer,2016.0,Casual,Facit Men Smart Rust Tshirt
9974,Men,Apparel,Topwear,Tshirts,Black,Fall,2011.0,Sports,Nike Men Black Polo Tshirts
2057,Men,Apparel,Topwear,Tshirts,Orange,Winter,2010.0,Casual,Lee Men's Saddle Storm T-shirt
1625,Men,Apparel,Topwear,Tshirts,Red,Fall,2010.0,Sports,Domyos Men Quick Dry T-shirt
38604,Men,Apparel,Topwear,Tshirts,White,Summer,2012.0,Casual,Nike Men White Eligible T-shirt
5132,Women,Apparel,Topwear,Tshirts,Green,Summer,2011.0,Casual,Wrangler Women's Side Paisley Green T-shirt
14679,Men,Apparel,Topwear,Tshirts,Grey,Fall,2011.0,Casual,Basics Men Grey Striped Polo T-shirt
9832,Women,Apparel,Topwear,Tshirts,Orange,Fall,2011.0,Casual,Little Miss Women Printed Rust T-shirt
57435,Women,Apparel,Topwear,Tshirts,Red,Summer,2015.0,Casual,Angry Birds Women Coral T-shirt
2340,Men,Apparel,Topwear,Tshirts,Purple,Fall,2010.0,Casual,Reebok Men Plum Shiamak Purple T-shirt
9671,Men,Apparel,Topwear,Tshirts,Blue,Fall,2011.0,Casual,ADIDAS Men Ess F Logo Blue T-Shirts
7763,Men,Apparel,Topwear,Tshirts,Blue,Fall,2011.0,Casual,Inkfruit Men's Secret Behing Royal Blue Black T-shirt
26229,Men,Apparel,Topwear,Tshirts,Black,Summer,2012.0,Casual,Proline Men Striped Black & Grey Polo T-Shirt
34430,Women,Apparel,Topwear,Tshirts,Blue,Summer,2012.0,Casual,Myntra Women Face Blue T-shirt
2621,Men,Apparel,Topwear,Tshirts,Blue,Fall,2010.0,Sports,Nike Men's Bleed blue India Colors T-shirt
42123,Men,Apparel,Topwear,Tshirts,Navy Blue,Summer,2012.0,Sports,ADIDAS Men Navy Blue T-shirt
5545,Men,Apparel,Topwear,Tshirts,Blue,Summer,2011.0,Casual,Nike Men's Casual Blue T-shirt
44897,Men,Apparel,Topwear,Tshirts,Grey,Summer,2012.0,Casual,Puma Men Grey T-shirt
10025,Women,Apparel,Topwear,Tshirts,Pink,Fall,2011.0,Sports,Nike Women As Element Ja Pink T-Shirt
44863,Men,Apparel,Topwear,Tshirts,Blue,Summer,2012.0,Casual,Puma Men Blue & White Polo T-shirt
53112,Men,Apparel,Topwear,Tshirts,Yellow,Summer,2012.0,Casual,Myntra Men Yellow T-shirt
34330,Men,Apparel,Topwear,Tshirts,Purple,Summer,2012.0,Casual,Myntra Men  Killer Move Purple T-shirt
3089,Men,Apparel,Topwear,Tshirts,Black,Summer,2011.0,Casual,Probase Men's Dead Tired Black T-shirt
14097,Men,Apparel,Topwear,Tshirts,Blue,Fall,2011.0,Casual,Flying Machine Men Blue Polo Tshirts
3271,Men,Apparel,Topwear,Tshirts,Red,Summer,2011.0,Casual,Guerrilla Men's Poison Blood Red T-shirt
18924,Men,Apparel,Topwear,Tshirts,Red,Fall,2011.0,Casual,Levi's Men Applique Work Red Tshirt
10764,Men,Apparel,Topwear,Tshirts,Black,Fall,2011.0,Casual,Puma Men Bts Black Tshirts
11656,Women,Apparel,Topwear,Tshirts,Red,Fall,2011.0,Casual,Lee Women Printed Red Tshirts
5716,Men,Apparel,Topwear,Tshirts,Red,Summer,2011.0,Casual,Basics Men Red T-shirt
27663,Men,Apparel,Topwear,Tshirts,Red,Summer,2012.0,Casual,Batman Men Red Printed T-shirt
8558,Men,Apparel,Topwear,Tshirts,Black,Fall,2011.0,Casual,Basics Men Black T-shirt
2309,Women,Apparel,Topwear,Tshirts,Blue,Fall,2010.0,Sports,Nike Women Miller Blue T-shirt
12757,Men,Apparel,Topwear,Tshirts,Blue,Fall,2011.0,Casual,Spykar Men Printed Blue T-Shirts
48410,Men,Apparel,Topwear,Tshirts,Grey,Summer,2012.0,Casual,French Connection Men Grey Printed T-shirt
14685,Men,Apparel,Topwear,Tshirts,Yellow,Fall,2011.0,Casual,Basics Men Yellow Striped Polo T-shirt
13495,Men,Apparel,Topwear,Tshirts,Yellow,Fall,2011.0,Casual,Chimp Men Shit Happens Yellow Tshirts
4362,Men,Apparel,Topwear,Tshirts,Grey,Summer,2011.0,Casual,Free Authority Men's Ship O Fools Grey Violet T-shirt
14003,Men,Apparel,Topwear,Tshirts,Yellow,Fall,2011.0,Sports,Nike Men Solid Yellow Jerseys
28530,Women,Apparel,Topwear,Tshirts,Grey,Summer,2012.0,Sports,Nike Women Sprinter Grey T-shirt
10990,Women,Apparel,Topwear,Tshirts,Pink,Fall,2011.0,Casual,Inkfruit Women Irritating Pink Tshirts
48414,Men,Apparel,Topwear,Tshirts,Navy Blue,Summer,2012.0,Casual,French Connection Men Navy Blue Printed T-shirt
34341,Men,Apparel,Topwear,Tshirts,Purple,Summer,2012.0,Casual,Myntra Men Feared Strom Drive Purple T-shirt
10064,Men,Apparel,Topwear,Tshirts,Yellow,Fall,2011.0,Casual,Puma Men puma shield tee Yellow Tshirts
22618,Men,Apparel,Topwear,Tshirts,Blue,Fall,2011.0,Sports,Nike Men Blue T-shirt
18577,Women,Apparel,Topwear,Tshirts,Purple,Fall,2011.0,Casual,Puma Women Riddim Purple Tshirt
30342,Men,Apparel,Topwear,Tshirts,Off White,Fall,2012.0,Casual,Myntra Men Off-White Printed T-shirt
30622,Men,Apparel,Topwear,Tshirts,Blue,Summer,2012.0,Casual,Nike Men Printed Blue T-shirt
2060,Men,Apparel,Topwear,Tshirts,Navy Blue,Winter,2010.0,Casual,Lee Men's Catch the Legend T-shirt
3071,Women,Apparel,Topwear,Tshirts,Blue,Summer,2011.0,Casual,Tantra Women's Shlokas Blue T-shirt
38970,Men,Apparel,Topwear,Tshirts,Blue,Summer,2012.0,Casual,Arrow New York Men Light Blue T-shirt
37285,Women,Apparel,Topwear,Tshirts,Blue,Summer,2012.0,Casual,Tantra Women Blue Shopping T-shirt
16212,Women,Apparel,Topwear,Tshirts,Black,Fall,2011.0,Casual,Puma Women Move Graphic Black TShirt
6251,Women,Apparel,Topwear,Tshirts,White,Summer,2011.0,Casual,Lee Women's Fergie White T-shirt
24954,Women,Apparel,Topwear,Tshirts,Blue,Summer,2012.0,Casual,United Colors of Benetton Women Blue T-shirt
6232,Women,Apparel,Topwear,Tshirts,Pink,Summer,2011.0,Casual,UCB Women's Basic Round Pink T-shirt
3703,Women,Apparel,Topwear,Tshirts,Purple,Summer,2011.0,Casual,Tantra Women Ornament Lavender Long T-shirt
26937,Women,Apparel,Topwear,Tshirts,White,Summer,2012.0,Casual,Jealous 21 Women Printed White T-shirt
18930,Men,Apparel,Topwear,Tshirts,Red,Fall,2011.0,Casual,Levi's Men Graphic Print Red Tshirt
44842,Men,Apparel,Topwear,Tshirts,Black,Summer,2012.0,Casual,Puma Men Black Lifestyle T-shirt
21445,Women,Apparel,Topwear,Tshirts,Grey,Winter,2012.0,Casual,Roxy Women Printed Grey T-shirt
5798,Men,Apparel,Topwear,Tshirts,White,Summer,2011.0,Casual,ADIDAS Men's Prt White T-shirt
12624,Men,Apparel,Topwear,Tshirts,Green,Fall,2011.0,Casual,Probase Men Printed Green Tshirts
5793,Men,Apparel,Topwear,Tshirts,Green,Summer,2011.0,Casual,ADIDAS Men's Bike Olive Green T-shirt
54946,Men,Apparel,Topwear,Tshirts,Cream,Summer,2012.0,Casual,Do u speak green Men Cream T-shirt
30310,Men,Apparel,Topwear,Tshirts,Red,Summer,2012.0,Casual,Myntra Men Big Cat Red T-shirt
24059,Men,Apparel,Topwear,Tshirts,Red,Summer,2012.0,Casual,Locomotive Men Red Printed T-shirt
4922,Women,Apparel,Topwear,Tshirts,White,Summer,2011.0,Casual,Gini and Jony Girl's Viona Pack of 3 Tee Infant Kidswear
38632,Men,Apparel,Topwear,Tshirts,Black,Summer,2012.0,Casual,Nike Men Black T-shirt
24051,Men,Apparel,Topwear,Tshirts,White,Summer,2012.0,Casual,Locomotive Men White Printed T-shirt
31545,Men,Apparel,Topwear,Tshirts,Purple,Summer,2012.0,Casual,Classic Polo Men Striped Purple T-shirt
7499,Women,Apparel,Topwear,Tshirts,Peach,Summer,2011.0,Sports,Nike Women's Peach Polo T-shirt
20333,Men,Apparel,Topwear,Tshirts,Black,Fall,2011.0,Casual,Mr.Men Men Printed Black Tshirt
28548,Men,Apparel,Topwear,Tshirts,White,Summer,2012.0,Casual,Nike Men White T-shirt
42393,Women,Apparel,Topwear,Tshirts,White,Summer,2012.0,Casual,Flying Machine Women White T-shirt
2029,Men,Apparel,Topwear,Tshirts,Blue,Fall,2010.0,Sports,ADIDAS Mens Stripped Polo T-shirt
30597,Men,Apparel,Topwear,Tshirts,Red,Summer,2012.0,Sports,Nike Men Reversible Red T-shirt
9964,Women,Apparel,Topwear,Tshirts,Blue,Fall,2011.0,Sports,Nike Women As Statement Blue T-Shirts
3584,Men,Apparel,Topwear,Tshirts,Blue,Winter,2015.0,Sports,Puma Deccan Chargers Mens Replica Jersey
18240,Men,Apparel,Topwear,Tshirts,Red,Fall,2011.0,Casual,Manchester United Men Solid Red Tshirt
19155,Men,Apparel,Topwear,Tshirts,Yellow,Summer,2011.0,Casual,United Colors of Benetton Men Solid Yellow TShirt
7515,Women,Apparel,Topwear,Tshirts,White,Summer,2011.0,Sports,Nike Women's Aqua Blue Polo T-shirt
48067,Men,Apparel,Topwear,Tshirts,Brown,Summer,2012.0,Casual,French Connection Men Brown T-shirt
3779,Men,Apparel,Topwear,Tshirts,Black,Summer,2011.0,Casual,Status Quo Men's Black Polo T-shirt
17242,Men,Apparel,Topwear,Tshirts,Navy Blue,Fall,2011.0,Casual,U.S. Polo Assn. Men Stripes Navy Blue Polo Tshirt
4882,Men,Apparel,Topwear,Tshirts,White,Summer,2016.0,Casual,Levis Kids Boy's Davis White Polo Tshirt
5164,Men,Apparel,Topwear,Tshirts,Grey,Summer,2011.0,Casual,Ed Hardy Men's Geishas & Blossoms Grey T-shirt
9538,Men,Apparel,Topwear,Tshirts,Black,Fall,2011.0,Casual,Nike Men As Nike Sphere Ss Black T-Shirts
9871,Men,Apparel,Topwear,Tshirts,Green,Fall,2011.0,Casual,Status Quo Men Stripes Green Tshirts
10839,Men,Apparel,Topwear,Tshirts,Navy Blue,Fall,2011.0,Casual,Wrangler Men N0. 3 Applique Polo Navy Blue T-Shirts
34316,Men,Apparel,Topwear,Tshirts,Orange,Summer,2012.0,Casual,Myntra Men Hawaii Orange T-shirt
5848,Men,Apparel,Topwear,Tshirts,Grey,Summer,2011.0,Sports,Puma Men's Summer Graphic Grey T-shirt
35981,Women,Apparel,Topwear,Tshirts,White,Summer,2012.0,Casual,Flying Machine Women Pop White T-shirt
28924,Men,Apparel,Topwear,Tshirts,Yellow,Summer,2012.0,Casual,Mr. Men Printed Yellow T-shirt
4541,Men,Apparel,Topwear,Tshirts,White,Summer,2011.0,Casual,Classic Polo Men's White T-shirt with Navy Stripes
2091,Men,Apparel,Topwear,Tshirts,Maroon,Fall,2010.0,Sports,ADIDAS Mens ESS 3S Polo T-shirt
11989,Men,Apparel,Topwear,Tshirts,Blue,Fall,2011.0,Casual,Classic Polo Men Solid Blue Tshirts
34433,Women,Apparel,Topwear,Tshirts,Blue,Summer,2012.0,Casual,Myntra Women Dont Think Blue T-shirt
26492,Men,Apparel,Topwear,Tshirts,White,Summer,2012.0,Casual,Puma Men Printed White T-shirt
3362,Men,Apparel,Topwear,Tshirts,Black,Summer,2011.0,Casual,Myntra Men's Creative designs Black T-shirt
19751,Men,Apparel,Topwear,Tshirts,Grey,Summer,2011.0,Casual,Levi's Men Solid Grey Tshirt
22341,Men,Apparel,Topwear,Tshirts,Green,Fall,2011.0,Casual,John Players Men Printed Green T-Shirt
11784,Women,Apparel,Topwear,Tshirts,Black,Summer,2011.0,Casual,Lee Women Solid Black Tshirts
3787,Men,Apparel,Topwear,Tshirts,Black,Summer,2011.0,Casual,Basics Men Black & Blue Striped Polo T-shirt
32768,Men,Apparel,Topwear,Tshirts,Grey,Spring,2013.0,Casual,Music Men Printed Grey T-shirt
33944,Men,Apparel,Topwear,Tshirts,White,Summer,2012.0,Casual,ADIDAS Men White Striped Polo T-shirt
4257,Men,Apparel,Topwear,Tshirts,Blue,Summer,2011.0,Casual,Inkfruit Men's Rock & Roll Blue T-shirt
14098,Men,Apparel,Topwear,Tshirts,Blue,Fall,2011.0,Casual,Flying Machine Men Printed Blue Tshirts
7924,Men,Apparel,Topwear,Tshirts,Red,Fall,2011.0,Casual,Proline Men Purple T-shirt
59410,Women,Apparel,Topwear,Tshirts,White,Fall,2012.0,Casual,Tokyo Talkies Women Multi Coloured T-shirt
2347,Men,Apparel,Topwear,Tshirts,White,Fall,2010.0,Casual,Reebok Men White Contrasts T-shirt
28570,Women,Apparel,Topwear,Tshirts,Black,Summer,2012.0,Casual,Nike Women You Wish Black T-shirt
32912,Men,Apparel,Topwear,Tshirts,Black,Summer,2012.0,Casual,Status Quo Men Black Polo T-shirt
8275,Men,Apparel,Topwear,Tshirts,Blue,Fall,2011.0,Casual,Mr.Men Men's Coral Red T-shirt
22596,Men,Apparel,Topwear,Tshirts,Red,Fall,2011.0,Sports,Nike Men Red T-shirt
14953,Men,Apparel,Topwear,Tshirts,Navy Blue,Fall,2011.0,Casual,Status Quo Men Stripes Navy Blue Tshirts
2232,Men,Apparel,Topwear,Tshirts,White,Fall,2010.0,Casual,ADIDAS Men Stripe Red White Polo T-shirt
9310,Men,Apparel,Topwear,Tshirts,Maroon,Fall,2011.0,Casual,Indian Terrain Men Riley Maroon T-shirt
4458,Men,Apparel,Topwear,Tshirts,White,Summer,2011.0,Sports,Nike Men's Graphic White Blue T-shirt
3079,Men,Apparel,Topwear,Tshirts,Pink,Summer,2011.0,Casual,Probase Men's Player Pink T-shirt
26497,Men,Apparel,Topwear,Tshirts,White,Summer,2012.0,Casual,Puma Men Drips White T-shirt
53782,Men,Apparel,Topwear,Tshirts,Navy Blue,Summer,2012.0,Casual,Puma Men Navy Blue T-shirt
6513,Women,Apparel,Topwear,Tshirts,Pink,Summer,2011.0,Casual,UCB Women's Basic Neck Light Pink T-shirt
4386,Men,Apparel,Topwear,Tshirts,Grey,Summer,2011.0,Casual,Wrangler Cowboy Photo T-shirt
2011,Men,Apparel,Topwear,Tshirts,Blue,Fall,2010.0,Casual,ADIDAS Men Classic Blue Striped T-shirt
6602,Women,Apparel,Topwear,Tshirts,Yellow,Summer,2011.0,Casual,Spykar Women's Paradise Yellow T-shirt
3751,Men,Apparel,Topwear,Tshirts,Blue,Summer,2011.0,Casual,Status Quo Men's Ticket To Win Blue T-shirt
16447,Men,Apparel,Topwear,Tshirts,Blue,Fall,2011.0,Casual,Levi's Men Stripes Blue  Tshirts
3568,Women,Apparel,Topwear,Tshirts,Black,Summer,2011.0,Casual,ADIDAS Women Black Training T-shirt
3601,Unisex,Apparel,Topwear,Tshirts,Blue,Summer,2012.0,Sports,Puma Deccan Chargers Kids Navy Blue Lookalike Jersey
1529,Men,Apparel,Topwear,Tshirts,Red,Fall,2010.0,Casual,Ferrari Tee
40081,Men,Apparel,Topwear,Tshirts,White,Summer,2012.0,Sports,ADIDAS Men White & Green T-shirt
14653,Men,Apparel,Topwear,Tshirts,White,Fall,2011.0,Casual,Probase Men Art Jam White Tshirts
24593,Women,Apparel,Topwear,Tshirts,White,Fall,2011.0,Casual,Little Miss Women White Printed T-shirt
2153,Men,Apparel,Topwear,Tshirts,Navy Blue,Spring,2011.0,Casual,Basics Men Blue & Yellow Polo T-shirt
14313,Men,Apparel,Topwear,Tshirts,Blue,Fall,2011.0,Sports,ADIDAS Men Solid Blue Jerseys
2304,Men,Apparel,Topwear,Tshirts,Red,Summer,2011.0,Sports,Nike Men's Manchester United Red T-shirt
10691,Men,Apparel,Topwear,Tshirts,Green,Fall,2011.0,Casual,Doodle Boy Little Boy Green Tshirts
7808,Men,Apparel,Topwear,Tshirts,Red,Fall,2011.0,Casual,Proline Men Red Polo T-shirt
6940,Men,Apparel,Topwear,Tshirts,Brown,Summer,2011.0,Casual,Tantra Men's Yoga Choco T-shirt
15000,Men,Apparel,Topwear,Tshirts,White,Fall,2011.0,Sports,ADIDAS Men Solid White Tshirts
34373,Men,Apparel,Topwear,Tshirts,Orange,Summer,2012.0,Casual,Myntra Men Orange Banana T-shirt
8412,Men,Apparel,Topwear,Tshirts,Blue,Fall,2011.0,Sports,ADIDAS Men Blue Polo Tshirts
5202,Men,Apparel,Topwear,Tshirts,Green,Summer,2011.0,Casual,Marvel Men's Hulk Big Face Light Green T-shirt
3598,Unisex,Apparel,Topwear,Tshirts,Blue,Summer,2012.0,Sports,Puma Deccan Chargers Kids Navy Blue Replica Jersey
20006,Women,Apparel,Topwear,Tshirts,Green,Summer,2011.0,Casual,United Colors of Benetton Women Printed Green T-shirt
2345,Men,Apparel,Topwear,Tshirts,Yellow,Fall,2010.0,Casual,Reebok Men Graphic Yellow T-shirt
31252,Men,Apparel,Topwear,Tshirts,Green,Summer,2012.0,Casual,Puma Men Dizzy Graphic Green T-shirt
6998,Men,Apparel,Topwear,Tshirts,Grey,Spring,2011.0,Casual,Classic Polo Men's Wat Duh Pho Grey T-shirt
6684,Women,Apparel,Topwear,Tshirts,Yellow,Summer,2011.0,Casual,UCB Women's Pleat At Back Yellow T-shirt
29052,Men,Apparel,Topwear,Tshirts,Charcoal,Summer,2012.0,Casual,ADIDAS Men 3 Fingers Charcoal T-shirt
22220,Women,Apparel,Topwear,Tshirts,White,Fall,2011.0,Casual,Little Miss Women Sunshine White T-shirt
2291,Men,Apparel,Topwear,Tshirts,White,Fall,2010.0,Sports,Nike Men White Polo T-shirt
52061,Men,Apparel,Topwear,Tshirts,White,Summer,2012.0,Casual,Myntra Men White Printed T-shirt
9677,Men,Apparel,Topwear,Tshirts,Green,Fall,2011.0,Casual,ADIDAS Men  Green  Tshirts
12560,Men,Apparel,Topwear,Tshirts,Blue,Fall,2011.0,Casual,Tantra Men Printed Blue Tshirts
6245,Men,Apparel,Topwear,Tshirts,Grey,Summer,2011.0,Casual,UCB Men's Contrast Logo Grey T-shirt
10370,Women,Apparel,Topwear,Tshirts,White,Fall,2011.0,Casual,United Colors of Benetton Women White T-shirt
7658,Men,Apparel,Topwear,Tshirts,Purple,Fall,2011.0,Sports,Puma Men's Toe Crusher Club Purple T-shirt
3782,Men,Apparel,Topwear,Tshirts,Blue,Summer,2011.0,Casual,Status Quo Men's Beach Sky Blue T-shirt
18231,Men,Apparel,Topwear,Tshirts,Navy Blue,Fall,2011.0,Casual,Manchester United Men Printed Navy Blue Tshirt
34359,Men,Apparel,Topwear,Tshirts,Blue,Summer,2012.0,Casual,Myntra Men Blue Banana Diet T-shirt
10410,Men,Apparel,Topwear,Tshirts,White,Fall,2011.0,Casual,United Colors of Benetton Men Solid White Tshirts
39499,Men,Apparel,Topwear,Tshirts,Yellow,Summer,2012.0,Casual,Wildcraft Men Yellow T-shirt
44222,Men,Apparel,Topwear,Tshirts,Red,Summer,2012.0,Casual,Nike Men Red Ronaldo Football T-shirt
43046,Men,Apparel,Topwear,Tshirts,Blue,Summer,2012.0,Sports,Nike Men Black & Blue Energy Jersey
34365,Men,Apparel,Topwear,Tshirts,Blue,Summer,2012.0,Casual,Myntra Men Blue Jazzy Moves T-shirt
24215,Men,Apparel,Topwear,Tshirts,Yellow,Summer,2012.0,Sports,Nike Men Yellow Jersey
14325,Women,Apparel,Topwear,Tshirts,Pink,Fall,2011.0,Casual,ADIDAS Women Printed Pink T-shirt
16635,Men,Apparel,Topwear,Tshirts,Black,Summer,2016.0,Casual,Facit Men Smart Black Tshirt
10061,Men,Apparel,Topwear,Tshirts,White,Fall,2011.0,Casual,Puma Men graphic story tee White Tshirts
19807,Men,Apparel,Topwear,Tshirts,White,Winter,2016.0,Casual,U.S. Polo Assn. Men Solid White Tshirt
10063,Men,Apparel,Topwear,Tshirts,Yellow,Fall,2011.0,Casual,Puma Men spine tee Yellow Tshirts
31260,Men,Apparel,Topwear,Tshirts,White,Summer,2012.0,Casual,Puma Men Munchen White T-shirt
14294,Men,Apparel,Topwear,Tshirts,Black,Fall,2011.0,Casual,Classic Polo Men Stripes Black Tshirts
17282,Men,Apparel,Topwear,Tshirts,Black,Fall,2011.0,Casual,U.S. Polo Assn. Men Printed Black Tshirt
7637,Men,Apparel,Topwear,Tshirts,Blue,Fall,2011.0,Sports,Puma Men's Slogan Blue T-shirt
